Column1.PARTYMST_DESC,Industry,Sub-Industry / Activity,Confidence,Source
2/8 KRASNODAR,Unclassified,Insufficient information in name,Low,Name-derived
3 NVENEERS DENTAL LABORATORY,Healthcare,Dental laboratory,High,Name-derived
360 WELLNESS,Healthcare,Wellness & fitness services,Medium,Name-derived
360 WELLNESS,Healthcare,Wellness & fitness services,Medium,Name-derived
3C Metal Middle East,Oil & Gas Services,Piping & metal fabrication for oil & gas,High,Name-derived
3C Metal Middle East,Oil & Gas Services,Piping & metal fabrication for oil & gas,High,Name-derived
3C Metal Middle East,Oil & Gas Services,Piping & metal fabrication for oil & gas,High,Name-derived
3C Metal Middle East,Oil & Gas Services,Piping & metal fabrication for oil & gas,High,Name-derived
3C Metal Middle East,Oil & Gas Services,Piping & metal fabrication for oil & gas,High,Name-derived
3C Metal Middle East,Oil & Gas Services,Piping & metal fabrication for oil & gas,High,Name-derived
3S LIGHTING SOLUTIONS LLC,Electrical Trading,Lighting solutions,High,Name-derived
3S LIGHTING SOLUTIONS LLC,Electrical Trading,Lighting solutions,High,Name-derived
3S LIGHTING SOLUTIONS LLC,Electrical Trading,Lighting solutions,High,Name-derived
4 CORNERS,Unclassified,Insufficient information in name,Low,Name-derived
4 CORNERS,Unclassified,Insufficient information in name,Low,Name-derived
4 CORNERS,Unclassified,Insufficient information in name,Low,Name-derived
A A K MIDDLE EAST LLC BRANCH,Manufacturing - Food,Edible oils & specialty fats (AAK group),High,Name-derived
A A K MIDDLE EAST LLC BRANCH,Manufacturing - Food,Edible oils & specialty fats (AAK group),High,Name-derived
A AND J GENERAL TRADING LLC,Trading & Distribution,General trading & wholesale,Medium,Name-derived
A G C INVESTMENT L.L.C,Investment & Holding,Investment company,Medium,Name-derived
A G C INVESTMENT L.L.C,Investment & Holding,Investment company,Medium,Name-derived
A G C INVESTMENT L.L.C,Investment & Holding,Investment company,Medium,Name-derived
A G C INVESTMENT L.L.C,Investment & Holding,Investment company,Medium,Name-derived
A G C INVESTMENT L.L.C,Investment & Holding,Investment company,Medium,Name-derived
A G C INVESTMENT L.L.C,Investment & Holding,Investment company,Medium,Name-derived
A G K REFRESHMENTS L.L.C,Food & Beverage Trading,Beverages & refreshments,Medium,Name-derived
A ONE ADVERTISING LLC,Marketing Services,Advertising & signage,High,Name-derived
A ONE ADVERTISING LLC,Marketing Services,Advertising & signage,High,Name-derived
A ONE ADVERTISING LLC,Marketing Services,Advertising & signage,High,Name-derived
A.A.A. SERVICES CENTER LLC,Automotive Services,Vehicle service centre,Medium,Name-derived
A.A.A. SERVICES CENTER LLC,Automotive Services,Vehicle service centre,Medium,Name-derived
A.A.A. SERVICES CENTER LLC,Automotive Services,Vehicle service centre,Medium,Name-derived
AAA FAIR DEAL COMMERCIAL BROKER LLC,Financial Services,Commercial broking,Medium,Name-derived
AAGT INTERNATIONAL LLC,Trading & Distribution,Procurement & sourcing / import-export,High,Web-verified
AAGT INTERNATIONAL LLC,Trading & Distribution,Procurement & sourcing / import-export,High,Web-verified
AAGT INTERNATIONAL LLC,Trading & Distribution,Procurement & sourcing / import-export,High,Web-verified
AAGT INTERNATIONAL LLC,Trading & Distribution,Procurement & sourcing / import-export,High,Web-verified
AAGT INTERNATIONAL LLC,Trading & Distribution,Procurement & sourcing / import-export,High,Web-verified
AAGT INTERNATIONAL SURPLUS STORE,Retail,Surplus & general goods retail,Medium,Web-verified
AAGT INTERNATIONAL SURPLUS STORE,Retail,Surplus & general goods retail,Medium,Web-verified
AAGT INTERNATIONAL SURPLUS STORE,Retail,Surplus & general goods retail,Medium,Web-verified
AAK INTERNATIONAL TRADING L.L.C.,Food & Beverage Trading,Edible oils / fats distribution,Medium,Name-derived
AAK INTERNATIONAL TRADING L.L.C.,Food & Beverage Trading,Edible oils / fats distribution,Medium,Name-derived
AAK MIDDLE EAST LLC,Manufacturing - Food,Edible oils & specialty fats (AAK group),High,Name-derived
AAK MIDDLE EAST LLC,Manufacturing - Food,Edible oils & specialty fats (AAK group),High,Name-derived
AAK MIDDLE EAST LLC,Manufacturing - Food,Edible oils & specialty fats (AAK group),High,Name-derived
AAK MIDDLE EAST LLC,Manufacturing - Food,Edible oils & specialty fats (AAK group),High,Name-derived
AAMAAL GENERAL TRADING LLC,Trading & Distribution,General trading & wholesale,Medium,Name-derived
AANACART,E-commerce,Online retail platform,Medium,Name-derived
AANACART,E-commerce,Online retail platform,Medium,Name-derived
AANACART,E-commerce,Online retail platform,Medium,Name-derived
ABCON INTERNATIONAL DRUG STORE LLC,Pharmaceuticals,Pharmaceutical distribution,High,Name-derived
ABDUL HAMID ABEDI CO. (L.L.C),Fresh Produce & Grocery,Inferred from sibling entity 'Gholami & Abedi Fruits & Vegetables Co.',Low,Web-verified
ABDUL WAHED AHMED BIN SHABIB TRADING CO.,Trading & Distribution,General trading & wholesale,Medium,Name-derived
ABDUL WAHED BIN SHABIB TRADING L.L.C,Trading & Distribution,General trading & wholesale,Medium,Name-derived
ABDUL WAHED BIN SHABIB TRADING L.L.C,Trading & Distribution,General trading & wholesale,Medium,Name-derived
ABDUL WAHED BIN SHABIB TRADING L.L.C,Trading & Distribution,General trading & wholesale,Medium,Name-derived
ABDUL WAHED BIN SHABIB TRADING L.L.C,Trading & Distribution,General trading & wholesale,Medium,Name-derived
ABDUL WAHED BIN SHABIB WHOLESALE AND TRADE CO. SPC,Trading & Distribution,General trading & wholesale,Medium,Name-derived
ABDUL WAHED BIN SHABIB WHOLESALE AND TRADE CO. SPC,Trading & Distribution,General trading & wholesale,Medium,Name-derived
ABDUL WAHED BIN SHABIB WHOLESALE AND TRADE CO. SPC,Trading & Distribution,General trading & wholesale,Medium,Name-derived
ABDUL WAHED BIN SHABIB WHOLESALE AND TRADE CO. SPC,Trading & Distribution,General trading & wholesale,Medium,Name-derived
ABDULLA AHMED AL AWAZI GENERAL TRADING CO. LLC,Trading & Distribution,General trading & wholesale,Medium,Name-derived
ABDULLA AHMED ZAMINPIMA AWAZI CO LLC,Trading & Distribution,Inferred from sibling entity 'Abdulla Ahmed Al Awazi General Trading Co. LLC',Low,Web-verified
ABDULLA AL ARIF INVESTMENT,Investment & Holding,Investment company,Medium,Name-derived
ABDULLA AL ARIF INVESTMENT,Investment & Holding,Investment company,Medium,Name-derived
ABDULLA AL ARIF INVESTMENT,Investment & Holding,Investment company,Medium,Name-derived
ABDULLA AL ARIF INVESTMENT,Investment & Holding,Investment company,Medium,Name-derived
ABDULLA AL KHATTAL & ZAYED GENERAL TRADING,Trading & Distribution,General trading & wholesale,Medium,Name-derived
ABDULLA AL KHATTAL & ZAYED GENERAL TRADING,Trading & Distribution,General trading & wholesale,Medium,Name-derived
ABDULLA SAEEDI GENERAL TRADING LLC,Trading & Distribution,General trading & wholesale,Medium,Name-derived
ABDULLA SAEEDI GENERAL TRADING LLC,Trading & Distribution,General trading & wholesale,Medium,Name-derived
ABDULLA SAEEDI GENERAL TRADING LLC,Trading & Distribution,General trading & wholesale,Medium,Name-derived
ABDULWAHED BIN SHABIB DISTRIBUTION (BR OF AW BIN SHABIB INVESTEMENT LLC),Distribution,Wholesale distribution,Medium,Name-derived
ABDULWAHED BIN SHABIB DISTRIBUTION FZCO,Distribution,Wholesale distribution,Medium,Name-derived
ABDULWAHED BIN SHABIB DISTRIBUTION SPC,Distribution,Wholesale distribution,Medium,Name-derived
ABDULWAHED BIN SHABIB DISTRIBUTION SPC,Distribution,Wholesale distribution,Medium,Name-derived
ABDULWAHED BIN SHABIB DISTRIBUTION SPC,Distribution,Wholesale distribution,Medium,Name-derived
ABDULWAHED BIN SHABIB DISTRIBUTION SPC,Distribution,Wholesale distribution,Medium,Name-derived
ABDULWAHED BIN SHABIB FOOD INDUSTRIES (BR OF AW BIN SHABIB INVESTMENT L.L.C),Manufacturing - Food,Food production,High,Name-derived
ABDULWAHED BIN SHABIB FOOD INDUSTRIES L.L.C,Manufacturing - Food,Food production,High,Name-derived
ABDULWAHED BIN SHABIB FOR DISTRIBUTION AND TRADE W.L.L,Distribution,Wholesale distribution,Medium,Name-derived
ABDULWAHED BIN SHABIB FOR DISTRIBUTION AND TRADE W.L.L,Distribution,Wholesale distribution,Medium,Name-derived
ABDULWAHED BIN SHABIB FOR DISTRIBUTION AND TRADE W.L.L,Distribution,Wholesale distribution,Medium,Name-derived
ABDULWAHED BIN SHABIB FOR DISTRIBUTION AND TRADE W.L.L,Distribution,Wholesale distribution,Medium,Name-derived
ABDULWAHED BIN SHABIB HOSPITALITIES (BR OF ABDULWAHED BIN SHABIB INVESTMENT GROUP L.L.C),Hospitality,Hospitality division of diversified group,High,Name-derived
ABDULWAHED BIN SHABIB HOSPITALITIES (BR OF ABDULWAHED BIN SHABIB INVESTMENT GROUP L.L.C),Hospitality,Hospitality division of diversified group,High,Name-derived
ABDULWAHED BIN SHABIB HOSPITALITIES (BR OF ABDULWAHED BIN SHABIB INVESTMENT GROUP L.L.C),Hospitality,Hospitality division of diversified group,High,Name-derived
ABDULWAHED BIN SHABIB HOSPITALITIES (BR OF ABDULWAHED BIN SHABIB INVESTMENT GROUP L.L.C),Hospitality,Hospitality division of diversified group,High,Name-derived
ABDULWAHED BIN SHABIB INDUSTRY FZ-LLC,Manufacturing,Industrial division of diversified group,Medium,Name-derived
ABDULWAHED BIN SHABIB INDUSTRY FZ-LLC,Manufacturing,Industrial division of diversified group,Medium,Name-derived
ABDULWAHED BIN SHABIB INDUSTRY FZ-LLC,Manufacturing,Industrial division of diversified group,Medium,Name-derived
ABDULWAHED BIN SHABIB INDUSTRY FZ-LLC,Manufacturing,Industrial division of diversified group,Medium,Name-derived
ABDULWAHED BIN SHABIB INVESTMENT GROUP L.L.C,Diversified Group,"Investment group - FMCG, industry & services",High,Name-derived
ABDULWAHED BIN SHABIB INVESTMENT GROUP L.L.C,Diversified Group,"Investment group - FMCG, industry & services",High,Name-derived
ABDULWAHED BIN SHABIB INVESTMENT GROUP L.L.C,Diversified Group,"Investment group - FMCG, industry & services",High,Name-derived
ABDULWAHED BIN SHABIB INVESTMENT GROUP L.L.C,Diversified Group,"Investment group - FMCG, industry & services",High,Name-derived
ABDULWAHED BIN SHABIB INVESTMENT GROUP L.L.C,Diversified Group,"Investment group - FMCG, industry & services",High,Name-derived
ABDULWAHED BIN SHABIB INVESTMENT GROUP L.L.C,Diversified Group,"Investment group - FMCG, industry & services",High,Name-derived
ABDULWAHED BIN SHABIB INVESTMENT GROUP LLC,Diversified Group,"Investment group - FMCG, industry & services",High,Name-derived
Abdulwahed Bin Shabib Security System (BR OF AW BIN SHABIB INVESTMENT L.L.C),Security Systems,Security systems division,High,Name-derived
Abdulwahed Bin Shabib Security System (BR OF AW BIN SHABIB INVESTMENT L.L.C),Security Systems,Security systems division,High,Name-derived
Abdulwahed Bin Shabib Security System (BR OF AW BIN SHABIB INVESTMENT L.L.C),Security Systems,Security systems division,High,Name-derived
Abdulwahed Bin Shabib Security System (BR OF AW BIN SHABIB INVESTMENT L.L.C),Security Systems,Security systems division,High,Name-derived
ABDULWAHED BIN SHABIB TRADING W.L.L,Trading & Distribution,General trading & wholesale,Medium,Name-derived
ABDULWAHED BIN SHABIB TRADING W.L.L,Trading & Distribution,General trading & wholesale,Medium,Name-derived
ABDULWAHED BIN SHABIB TRADING W.L.L,Trading & Distribution,General trading & wholesale,Medium,Name-derived
ABDULWAHED BIN SHABIB TRADING W.L.L,Trading & Distribution,General trading & wholesale,Medium,Name-derived
ABMAK QATAR WLL,Furniture & Interiors,"Furniture, furnishings & flooring for homes, offices & schools",High,Web-verified
ABMAK QATAR WLL,Furniture & Interiors,"Furniture, furnishings & flooring for homes, offices & schools",High,Web-verified
ABN SCAFFOLDING LLC,Construction Services,Scaffolding supply & erection,High,Name-derived
ABN SCAFFOLDING LLC,Construction Services,Scaffolding supply & erection,High,Name-derived
ABN SCAFFOLDING LLC,Construction Services,Scaffolding supply & erection,High,Name-derived
ABN SCAFFOLDING LLC,Construction Services,Scaffolding supply & erection,High,Name-derived
ABN SCAFFOLDING LLC,Construction Services,Scaffolding supply & erection,High,Name-derived
ABN SCAFFOLDING LLC,Construction Services,Scaffolding supply & erection,High,Name-derived
ABN SCAFFOLDING LLC,Construction Services,Scaffolding supply & erection,High,Name-derived
ABN SCAFFOLDING LLC,Construction Services,Scaffolding supply & erection,High,Name-derived
ABU DHABI OIL COMPANY LIMITED (JAPAN),Oil & Gas,Upstream E&P operator (ADOC),High,Name-derived
ABU DHABI OIL COMPANY LIMITED (JAPAN),Oil & Gas,Upstream E&P operator (ADOC),High,Name-derived
ABU DHABI OIL COMPANY LIMITED (JAPAN),Oil & Gas,Upstream E&P operator (ADOC),High,Name-derived
ABU DHABI OIL COMPANY LIMITED (JAPAN),Oil & Gas,Upstream E&P operator (ADOC),High,Name-derived
ABU DHABI OIL COMPANY LIMITED (JAPAN),Oil & Gas,Upstream E&P operator (ADOC),High,Name-derived
ABU DHABI OIL COMPANY LIMITED (JAPAN),Oil & Gas,Upstream E&P operator (ADOC),High,Name-derived
ABU DHABI OIL COMPANY LIMITED (JAPAN),Oil & Gas,Upstream E&P operator (ADOC),High,Name-derived
ABU DHABI OIL COMPANY LIMITED (JAPAN),Oil & Gas,Upstream E&P operator (ADOC),High,Name-derived
ABU DHABI OIL COMPANY LIMITED (JAPAN),Oil & Gas,Upstream E&P operator (ADOC),High,Name-derived
ABU DHABI OIL COMPANY LIMITED (JAPAN),Oil & Gas,Upstream E&P operator (ADOC),High,Name-derived
ABU DHABI OIL COMPANY LIMITED (JAPAN),Oil & Gas,Upstream E&P operator (ADOC),High,Name-derived
ABU DHABI OIL COMPANY LIMITED (JAPAN),Oil & Gas,Upstream E&P operator (ADOC),High,Name-derived
ABU DHABI OIL COMPANY LIMITED (JAPAN),Oil & Gas,Upstream E&P operator (ADOC),High,Name-derived
ABU DHABI OIL COMPANY LIMITED (JAPAN),Oil & Gas,Upstream E&P operator (ADOC),High,Name-derived
ABU DHABI OIL COMPANY LIMITED (JAPAN),Oil & Gas,Upstream E&P operator (ADOC),High,Name-derived
ABU DHABI OIL COMPANY LIMITED (JAPAN),Oil & Gas,Upstream E&P operator (ADOC),High,Name-derived
ABU DHABI PIPE FACTORY,Manufacturing - Building Products,Pipes manufacturing,High,Name-derived
ABU DHABI PIPE FACTORY,Manufacturing - Building Products,Pipes manufacturing,High,Name-derived
ABU HAIL FOODSTUFF TRADING,Food & Beverage Trading,Foodstuff trading,High,Name-derived
ABU SAYYAH EXPRESS CAFE & RESTAURANT L.L.C,Food Service,Cafe & restaurant,High,Name-derived
ABUSEEDO TRADING EST.,Trading & Distribution,General trading,Low,Name-derived
ABUSEEDO TRADING EST.,Trading & Distribution,General trading,Low,Name-derived
ABUSEEDO TRADING EST.,Trading & Distribution,General trading,Low,Name-derived
ABUWAFA VEG & FRUITS L.L.C,Fresh Produce & Grocery,Fruits & vegetables wholesale,Medium,Name-derived
ACORUS PHARMA LLC,Pharmaceuticals,Pharmaceutical distribution,High,Name-derived
ACORUS PHARMA LLC,Pharmaceuticals,Pharmaceutical distribution,High,Name-derived
ACORUS PHARMA LLC,Pharmaceuticals,Pharmaceutical distribution,High,Name-derived
ACTION BUILDERS CONSTRUCTION LLC,Construction & Contracting,Building & civil contracting,Medium,Name-derived
ADAM & EVE SPECIALIZED MEDICAL CENTRE LLC,Healthcare,Medical centre,High,Name-derived
ADANI GLOBAL FZE,Commodity Trading,Energy & resources trading (Adani group),High,Name-derived
ADANI GLOBAL FZE,Commodity Trading,Energy & resources trading (Adani group),High,Name-derived
ADANI GLOBAL FZE,Commodity Trading,Energy & resources trading (Adani group),High,Name-derived
ADANI GLOBAL FZE,Commodity Trading,Energy & resources trading (Adani group),High,Name-derived
ADANI GLOBAL FZE,Commodity Trading,Energy & resources trading (Adani group),High,Name-derived
ADANI GLOBAL FZE,Commodity Trading,Energy & resources trading (Adani group),High,Name-derived
ADANI GLOBAL FZE,Commodity Trading,Energy & resources trading (Adani group),High,Name-derived
ADANI GLOBAL FZE,Commodity Trading,Energy & resources trading (Adani group),High,Name-derived
ADVANCED EXPEDITION VEHICLES,Manufacturing - Automotive,Specialist vehicle conversion,High,Name-derived
ADVANCED INTEGRATION TECHNOLOGIES SP LLC,Industrial Automation,Systems integration,High,Name-derived
ADVANCED INTEGRATION TECHNOLOGIES SP LLC,Industrial Automation,Systems integration,High,Name-derived
ADVANCED INTEGRATION TECHNOLOGIES SP LLC,Industrial Automation,Systems integration,High,Name-derived
AERODUCT INDUSTRIES L.L.C,Manufacturing - HVAC,Air ducting systems,High,Name-derived
AERODUCT INDUSTRIES L.L.C,Manufacturing - HVAC,Air ducting systems,High,Name-derived
AERODUCT INDUSTRIES L.L.C,Manufacturing - HVAC,Air ducting systems,High,Name-derived
AERODUCT INDUSTRIES L.L.C,Manufacturing - HVAC,Air ducting systems,High,Name-derived
AESTHETIX TECHNOLOGIES LLC,Medical & Diagnostics,Aesthetic medical devices,High,Name-derived
AESTHETIX TECHNOLOGIES LLC,Medical & Diagnostics,Aesthetic medical devices,High,Name-derived
AESTHETIX TECHNOLOGIES LLC,Medical & Diagnostics,Aesthetic medical devices,High,Name-derived
AESTHETIX TECHNOLOGIES LLC,Medical & Diagnostics,Aesthetic medical devices,High,Name-derived
AESTHETIX TECHNOLOGIES LLC,Medical & Diagnostics,Aesthetic medical devices,High,Name-derived
AESTHETIX TECHNOLOGIES LLC,Medical & Diagnostics,Aesthetic medical devices,High,Name-derived
AESTHETIX TECHNOLOGIES LLC,Medical & Diagnostics,Aesthetic medical devices,High,Name-derived
AFRAH TOBACCO & CIGARETTES FACTORY FZ LLC,Manufacturing - Tobacco,Cigarette manufacturing,High,Name-derived
AFRAH TOBACCO & CIGARETTES FACTORY FZ LLC,Manufacturing - Tobacco,Cigarette manufacturing,High,Name-derived
AFRAH TOBACCO & CIGARETTES FACTORY FZ LLC,Manufacturing - Tobacco,Cigarette manufacturing,High,Name-derived
AFRAH TOBACCO & CIGARETTES FACTORY FZ LLC,Manufacturing - Tobacco,Cigarette manufacturing,High,Name-derived
AFRAH TOBACCO & CIGARETTES FACTORY FZ LLC,Manufacturing - Tobacco,Cigarette manufacturing,High,Name-derived
AFRAH TOBACCO & CIGARETTES FACTORY FZ LLC,Manufacturing - Tobacco,Cigarette manufacturing,High,Name-derived
AFRAH TOBACCO & CIGARETTES FACTORY FZ LLC,Manufacturing - Tobacco,Cigarette manufacturing,High,Name-derived
AFRAH TOBACCO & CIGARETTES FACTORY FZ LLC,Manufacturing - Tobacco,Cigarette manufacturing,High,Name-derived
AFRIEXPO FZE,Trading & Distribution,Africa-focused export trading,Medium,Name-derived
AFRY SWITZERLAND LTD- DUBAI BRANCH,Engineering Consultancy,Infrastructure / energy consulting (AFRY),High,Name-derived
AFRY SWITZERLAND LTD- DUBAI BRANCH,Engineering Consultancy,Infrastructure / energy consulting (AFRY),High,Name-derived
AFRY SWITZERLAND LTD- DUBAI BRANCH,Engineering Consultancy,Infrastructure / energy consulting (AFRY),High,Name-derived
AG AUTO TRADING L.L.C,Automotive Retail,Vehicle trading,Medium,Name-derived
AG AUTO TRADING L.L.C,Automotive Retail,Vehicle trading,Medium,Name-derived
AG AUTO TRADING L.L.C,Automotive Retail,Vehicle trading,Medium,Name-derived
AG AUTO TRADING L.L.C,Automotive Retail,Vehicle trading,Medium,Name-derived
AG CORPORATION FZE,Fire & Safety,Safety equipment & PPE supply to oil & gas,High,Web-verified
AG CORPORATION FZE,Fire & Safety,Safety equipment & PPE supply to oil & gas,High,Web-verified
AG CORPORATION FZE,Fire & Safety,Safety equipment & PPE supply to oil & gas,High,Web-verified
AGILE MEDICAL SUPPLIES PVT. LTD.,Medical Supplies,Medical supplies,High,Name-derived
AGRI FRESH FOODSTUFF TRADING LLC,Food & Beverage Trading,Foodstuff wholesale & distribution,Medium,Name-derived
AGRI FRESH FOODSTUFF TRADING LLC,Food & Beverage Trading,Foodstuff wholesale & distribution,Medium,Name-derived
AGRI FRESH FOODSTUFF TRADING LLC,Food & Beverage Trading,Foodstuff wholesale & distribution,Medium,Name-derived
AGRI FRESH FOODSTUFF TRADING LLC,Food & Beverage Trading,Foodstuff wholesale & distribution,Medium,Name-derived
AGRI FRESH FOODSTUFF TRADING LLC,Food & Beverage Trading,Foodstuff wholesale & distribution,Medium,Name-derived
AGRI FRESH FOODSTUFF TRADING LLC,Food & Beverage Trading,Foodstuff wholesale & distribution,Medium,Name-derived
AHMAD INDUSTRIES LLC,Manufacturing,Industrial manufacturing,Low,Name-derived
AHMAD OBAID SHIPPING LLC,Shipping,Shipping services,High,Name-derived
AHMED AL MAGHREBI PERFUME MANUF LLC,Manufacturing - Cosmetics,Perfume manufacturing,High,Name-derived
AHMED AL MAGHREBI PERFUME MANUF LLC,Manufacturing - Cosmetics,Perfume manufacturing,High,Name-derived
AHMED AL MAGHREBI PERFUME MANUF LLC,Manufacturing - Cosmetics,Perfume manufacturing,High,Name-derived
AHMED REZA TRADING CO.,Trading & Distribution,General trading,Low,Name-derived
AHMED REZA TRADING CO.,Trading & Distribution,General trading,Low,Name-derived
AJMAN ACADEMY,Education,K-12 private school,High,Name-derived
AL AHD GENERAL CONTRACTING & MAINTENANCE COMPANY LLC,Construction & Contracting,Building & civil contracting,Medium,Name-derived
AL AJDAN GROUP,Diversified Group,Diversified group,Low,Name-derived
AL AJDAN GROUP,Diversified Group,Diversified group,Low,Name-derived
AL AJM TRADING LLC,Trading & Distribution,General trading & wholesale,Medium,Name-derived
AL AMAL GENERAL TRADING,Trading & Distribution,General trading & wholesale,Medium,Name-derived
AL AMAL GENERAL TRADING,Trading & Distribution,General trading & wholesale,Medium,Name-derived
AL AMAL GENERAL TRADING,Trading & Distribution,General trading & wholesale,Medium,Name-derived
AL AMAL GENERAL TRADING,Trading & Distribution,General trading & wholesale,Medium,Name-derived
AL AMANA MOTORS ZONE FOR TYRE FIXING & WHEEL ALIGNMENT SERVICES CO. L.L.C,Automotive Services,Tyres & wheel alignment,High,Name-derived
AL AMANA MOTORS ZONE FOR TYRE FIXING & WHEEL ALIGNMENT SERVICES CO. L.L.C,Automotive Services,Tyres & wheel alignment,High,Name-derived
AL AMIN FRESH FRUITS,Fresh Produce & Grocery,Fruits wholesale,High,Name-derived
AL ANQAA ROADS MAINTENTENCE CONTRACTING LLC,Construction & Contracting,Building & civil contracting,Medium,Name-derived
AL ANQAA ROADS MAINTENTENCE CONTRACTING LLC,Construction & Contracting,Building & civil contracting,Medium,Name-derived
AL AQARIYA GROUP ( REAL ESTATE TV),Media & Entertainment,Real estate TV / media,High,Name-derived
AL ARAB FOODSTUFF TRADING LLC,Food & Beverage Trading,Foodstuff wholesale & distribution,Medium,Name-derived
AL AREEN INDUSTRIES,Manufacturing,Industrial manufacturing,Low,Name-derived
AL AREEN TRADING CO. LLC,Trading & Distribution,General trading,Low,Name-derived
AL ASEEL EGGS TRADING,Fresh Produce & Grocery,Eggs wholesale,High,Name-derived
AL AWALI TRADING CO LLC,Trading & Distribution,General trading & wholesale,Medium,Name-derived
AL AWALI TRADING CO LLC,Trading & Distribution,General trading & wholesale,Medium,Name-derived
AL AWALI TRADING CO LLC,Trading & Distribution,General trading & wholesale,Medium,Name-derived
AL BAHRAIN JEWELLERS LLC,Jewellery & Precious Metals,Jewellery retail,High,Name-derived
AL BASRA ELECTRICAL & SANITARY CONT. L.L.C.,MEP & Electromechanical,Electrical & plumbing contracting,High,Name-derived
AL BASRA ELECTRICAL & SANITARY CONT. L.L.C.,MEP & Electromechanical,Electrical & plumbing contracting,High,Name-derived
AL BASRA ELECTROMECHANICAL LLC,MEP & Electromechanical,MEP contracting,High,Name-derived
AL BORJ PLASTIC INDUSTRIES COMPANY LLC,Manufacturing - Plastics,Plastic products,High,Name-derived
AL BORJ PLASTIC INDUSTRIES COMPANY LLC,Manufacturing - Plastics,Plastic products,High,Name-derived
AL BORJ PLASTIC INDUSTRIES COMPANY LLC,Manufacturing - Plastics,Plastic products,High,Name-derived
AL BORJ PLASTIC INDUSTRIES COMPANY LLC,Manufacturing - Plastics,Plastic products,High,Name-derived
AL BORJ PLASTIC INDUSTRIES COMPANY LLC,Manufacturing - Plastics,Plastic products,High,Name-derived
AL BORJ PLASTIC INDUSTRIES COMPANY LLC,Manufacturing - Plastics,Plastic products,High,Name-derived
AL BORJ PLASTIC INDUSTRIES COMPANY LLC,Manufacturing - Plastics,Plastic products,High,Name-derived
AL BORJ PLASTIC INDUSTRIES COMPANY LLC,Manufacturing - Plastics,Plastic products,High,Name-derived
AL BORJ PLASTIC INDUSTRIES COMPANY LLC,Manufacturing - Plastics,Plastic products,High,Name-derived
AL BWARDY TECHNICAL & INDUSTRIAL L.L.C,Engineering Services,Technical & industrial services,High,Name-derived
AL BWARDY TECHNICAL & INDUSTRIAL L.L.C,Engineering Services,Technical & industrial services,High,Name-derived
AL BWARDY TECHNICAL & INDUSTRIAL L.L.C,Engineering Services,Technical & industrial services,High,Name-derived
AL BWARDY TECHNICAL & INDUSTRIAL LLC,Engineering Services,Technical & industrial services,High,Name-derived
AL BWARDY TECHNICAL & INDUSTRIAL LLC,Engineering Services,Technical & industrial services,High,Name-derived
AL BWARDY TECHNICAL & INDUSTRIAL LLC,Engineering Services,Technical & industrial services,High,Name-derived
AL DHIYAFA INTERIORS LLC,Fit-Out & Joinery,Interior fit-out,High,Name-derived
AL DHIYAFA INTERIORS LLC,Fit-Out & Joinery,Interior fit-out,High,Name-derived
AL DHIYAFA INTERIORS LLC,Fit-Out & Joinery,Interior fit-out,High,Name-derived
AL DHIYAFA INTERIORS LLC,Fit-Out & Joinery,Interior fit-out,High,Name-derived
AL DIYAR AL MOTAQADIMAH VEGETABLES & FRUITS,Fresh Produce & Grocery,Fruits & vegetables wholesale,Medium,Name-derived
AL DIYAR AL MOTAQADIMAH VEGETABLES & FRUITS,Fresh Produce & Grocery,Fruits & vegetables wholesale,Medium,Name-derived
AL DIYAR AL MOTAQADIMAH VEGETABLES & FRUITS,Fresh Produce & Grocery,Fruits & vegetables wholesale,Medium,Name-derived
AL EKHA BUILDING MATERIALS TRADING,Building Materials Trading,Building materials & sanitaryware,Medium,Name-derived
AL ETIHAD GOLD REFINERY DMCC,Jewellery & Precious Metals,Gold refining,High,Name-derived
AL ETIHAD GOLD REFINERY DMCC,Jewellery & Precious Metals,Gold refining,High,Name-derived
AL ETIHAD GOLD REFINERY DMCC,Jewellery & Precious Metals,Gold refining,High,Name-derived
AL ETIHAD GOLD REFINERY DMCC,Jewellery & Precious Metals,Gold refining,High,Name-derived
AL ETIHAD GOLD REFINERY DMCC,Jewellery & Precious Metals,Gold refining,High,Name-derived
AL ETIHAD GOLD REFINERY DMCC,Jewellery & Precious Metals,Gold refining,High,Name-derived
AL FARAH CONTRACTING AND GENERAL TRANSPORT COMPANY  LLC,Freight Transport,Road transport & haulage,Medium,Name-derived
AL FARAH CONTRACTING AND GENERAL TRANSPORT COMPANY  LLC,Freight Transport,Road transport & haulage,Medium,Name-derived
AL FATTAN ENGINEERING L. L. C,Engineering Services,Engineering & contracting,Medium,Name-derived
AL FIKREE LEISURE LLC,Entertainment & Leisure,Leisure & marine activities,Medium,Name-derived
AL FINDI & PARTNERS,Unclassified,No industry signal in the name,Low,Name-derived
AL GHAITH CHEMICAL INDUSTRIES LLC,Manufacturing - Chemicals,Chemical products,High,Name-derived
AL GHAITH INDUSTRIES LLC,Manufacturing,Industrial manufacturing,Medium,Name-derived
AL GHAITH INDUSTRIES LLC,Manufacturing,Industrial manufacturing,Medium,Name-derived
AL GUTAIL TRADING EST.,Trading & Distribution,General trading,Low,Name-derived
AL HABAY TRADING CO.,Food & Beverage Trading,Foodstuff trading,Medium,Name-derived
AL HABBAI CONTRACTING LLC,Construction & Contracting,Building & civil contracting,Medium,Name-derived
AL HAMAD INDUSTRIES INTERNATIONAL F.Z.C.,Manufacturing,Industrial manufacturing,Low,Name-derived
AL HAMAD INDUSTRIES INTERNATIONAL F.Z.C.,Manufacturing,Industrial manufacturing,Low,Name-derived
AL HAMY METALS FACTORY LLC,Manufacturing - Metals,Metal products,High,Name-derived
AL HAYAT PHARMACEUTICALS,Pharmaceuticals,Pharmaceutical distribution,High,Name-derived
AL HAYAT PHARMACEUTICALS,Pharmaceuticals,Pharmaceutical distribution,High,Name-derived
AL HAYAT PHARMACEUTICALS LLC SP,Pharmaceuticals,Pharmaceutical distribution,High,Name-derived
AL HOSON AL MASI TECHNICAL WORKS LLC,Technical Services,Technical & maintenance services,Medium,Name-derived
AL HOSON GROUPS,Diversified Group,Diversified group,Medium,Name-derived
AL HOSON GROUPS,Diversified Group,Diversified group,Medium,Name-derived
AL HOSON GROUPS,Diversified Group,Diversified group,Medium,Name-derived
AL HUMAIDI & CO LLC,Trading & Distribution,Inferred from sibling entity 'Al Humaidi Trading Enterprises LLC',Low,Web-verified
AL HUMAIDI TRADING ENTERPRISES L. L. C.,Trading & Distribution,General trading & wholesale,Medium,Name-derived
AL JABALI FOODSTUFF TRADING CO LLC,Food & Beverage Trading,Foodstuff wholesale & distribution,Medium,Name-derived
AL JABALI GROUP,Diversified Group,Diversified group,Medium,Name-derived
AL JABALI GROUP,Diversified Group,Diversified group,Medium,Name-derived
AL JABALI GROUP,Diversified Group,Diversified group,Medium,Name-derived
AL JABALI GROUP,Diversified Group,Diversified group,Medium,Name-derived
AL JABALI GROUP,Diversified Group,Diversified group,Medium,Name-derived
AL JABALI GROUP,Diversified Group,Diversified group,Medium,Name-derived
AL JABALI GROUP,Diversified Group,Diversified group,Medium,Name-derived
AL JABALI GROUP,Diversified Group,Diversified group,Medium,Name-derived
AL JABALI TRADING L. L. C. (OMAN),Trading & Distribution,General trading & wholesale,Medium,Name-derived
AL JABALI TRADING L. L. C. (OMAN),Trading & Distribution,General trading & wholesale,Medium,Name-derived
AL JAWDHA FOODS LLC,Food & Beverage Trading,Foodstuff supply,Medium,Name-derived
AL JAWDHA FOODS LLC,Food & Beverage Trading,Foodstuff supply,Medium,Name-derived
AL JAWDHA FOODS LLC,Food & Beverage Trading,Foodstuff supply,Medium,Name-derived
AL JOTHAN PERFUMES,Cosmetics & Personal Care,Perfume trading & retail,High,Name-derived
AL JOTHAN PERFUMES,Cosmetics & Personal Care,Perfume trading & retail,High,Name-derived
AL JOTHAN PERFUMES,Cosmetics & Personal Care,Perfume trading & retail,High,Name-derived
AL JOTHAN PERFUMES,Cosmetics & Personal Care,Perfume trading & retail,High,Name-derived
AL JOTHAN PERFUMES,Cosmetics & Personal Care,Perfume trading & retail,High,Name-derived
AL JOTHAN PERFUMES,Cosmetics & Personal Care,Perfume trading & retail,High,Name-derived
AL KARAMA MEAT TRADING LLC,Fresh Produce & Grocery,Meat wholesale,High,Name-derived
AL KARAMA MEAT TRADING LLC,Fresh Produce & Grocery,Meat wholesale,High,Name-derived
AL KENZ PHARMACEUTICAL PRODUCTS LLC,Pharmaceuticals,Pharmaceutical products,High,Name-derived
AL KHAIR AUTO SPARE PARTS CO. LLC,Automotive Parts Trading,Vehicle spare parts & accessories,Medium,Name-derived
AL KHAIR AUTO SPARE PARTS CO. LLC,Automotive Parts Trading,Vehicle spare parts & accessories,Medium,Name-derived
AL KHAIR AUTO SPARE PARTS CO. LLC,Automotive Parts Trading,Vehicle spare parts & accessories,Medium,Name-derived
AL KHASHAB BUILDING MATERIALS COMPANY SOLE PROPRIETORSHIP LLC,Building Materials Trading,Building materials & sanitaryware,Medium,Name-derived
AL KHASHAB BUILDING MATERIALS COMPANY SOLE PROPRIETORSHIP LLC,Building Materials Trading,Building materials & sanitaryware,Medium,Name-derived
AL KHAT AL FIZI TRADING LLC,Trading & Distribution,General trading & wholesale,Medium,Name-derived
AL KHATTAL & MOHIDEEN TRADING LLC,Trading & Distribution,General trading & wholesale,Medium,Name-derived
AL KILANI TRADING CO.,Trading & Distribution,General trading,Low,Name-derived
AL KILANI TRADING EST.,Trading & Distribution,General trading,Low,Name-derived
AL KILANI TRADING EST.,Trading & Distribution,General trading,Low,Name-derived
AL KILANI TRADING EST.,Trading & Distribution,General trading,Low,Name-derived
AL KILANI TRADING EST.,Trading & Distribution,General trading,Low,Name-derived
AL KILANI TRADING EST.,Trading & Distribution,General trading,Low,Name-derived
AL LOKRIT INTERNATIONAL LLC,Florist & Gifts,"Cut flowers, plants, floral accessories & planters wholesale",High,Web-verified
AL LOKRIT INTERNATIONAL LLC,Florist & Gifts,"Cut flowers, plants, floral accessories & planters wholesale",High,Web-verified
AL LOKRIT INTERNATIONAL LLC,Florist & Gifts,"Cut flowers, plants, floral accessories & planters wholesale",High,Web-verified
AL LOKRIT INTERNATIONAL LLC,Florist & Gifts,"Cut flowers, plants, floral accessories & planters wholesale",High,Web-verified
AL MADINA DEV. & SUPPLY LLC,Trading & Distribution,General trading & wholesale,Medium,Name-derived
AL MADINA DEV. & SUPPLY LLC,Trading & Distribution,General trading & wholesale,Medium,Name-derived
AL MADINA DEV. & SUPPLY LLC,Trading & Distribution,General trading & wholesale,Medium,Name-derived
AL MADINA DEV. & SUPPLY LLC,Trading & Distribution,General trading & wholesale,Medium,Name-derived
AL MADINA DEV. & SUPPLY LLC,Trading & Distribution,General trading & wholesale,Medium,Name-derived
AL MAGD CENTER PHARMACY L.L.C- SOLE PROPRIETORSHIP L.L.C,Pharmacy Retail,Community pharmacy,High,Name-derived
AL MAHARA TRADING FZCO,Trading & Distribution,General trading & wholesale,Medium,Name-derived
AL MAHARA TRADING FZCO,Trading & Distribution,General trading & wholesale,Medium,Name-derived
AL MAKAMIN COMMERCIAL PROJECTS LLC,Oil & Gas Services,Oilfield support & projects,Medium,Name-derived
AL MANZA TRADING,Trading & Distribution,General trading,Low,Name-derived
AL MASOOD BERGUM,Industrial Equipment,Industrial products & equipment,Low,Name-derived
AL MESHARI HEAVY EQUIPMENT TRADING,Heavy Equipment,Heavy equipment trading,High,Name-derived
AL MESHARI HEAVY EQUIPMENT TRADING,Heavy Equipment,Heavy equipment trading,High,Name-derived
AL MESHARI HEAVY EQUIPMENT TRADING,Heavy Equipment,Heavy equipment trading,High,Name-derived
AL MOKHTAR TOBACCO MANUFACTURING & TRADING FZ LLC,Manufacturing - Tobacco,Tobacco manufacturing & trading,High,Name-derived
AL MOKHTAR TOBACCO MANUFACTURING & TRADING FZ LLC,Manufacturing - Tobacco,Tobacco manufacturing & trading,High,Name-derived
AL MOKHTAR TOBACCO MANUFACTURING & TRADING FZ LLC,Manufacturing - Tobacco,Tobacco manufacturing & trading,High,Name-derived
AL MOKHTAR TOBACCO MANUFACTURING & TRADING FZ LLC,Manufacturing - Tobacco,Tobacco manufacturing & trading,High,Name-derived
AL MOSTAJED TECHNOLOGIES CO. L.L.C,Technology,Technology products & solutions,Medium,Name-derived
AL MOSTAJED TECHNOLOGIES CO. L.L.C,Technology,Technology products & solutions,Medium,Name-derived
AL MOSTAJED TECHNOLOGIES CO. L.L.C,Technology,Technology products & solutions,Medium,Name-derived
AL MOSTAJED TECHNOLOGIES CO. L.L.C,Technology,Technology products & solutions,Medium,Name-derived
AL MOSTAQBAL MEDICAL STORE L.L.C,Medical Supplies,Medical supplies,High,Name-derived
AL MUBDEE SCAFFOLDING LLC,Construction Services,Scaffolding,High,Name-derived
AL MUQUARRAM AUTO SPARE PARTS TRADING L.L.C,Automotive Parts Trading,Vehicle spare parts & accessories,Medium,Name-derived
AL MUQUARRAM AUTO SPARE PARTS TRADING L.L.C,Automotive Parts Trading,Vehicle spare parts & accessories,Medium,Name-derived
AL MUQUARRAM AUTO SPARE PARTS TRADING L.L.C,Automotive Parts Trading,Vehicle spare parts & accessories,Medium,Name-derived
AL MURSHIDI TRADING L.L.C.,Trading & Distribution,General trading & wholesale,Medium,Name-derived
AL NAHDA INTERNATIONAL FZCO,Chemicals Distribution,"Drilling-mud, detergent & personal care chemicals distribution",High,Web-verified
AL NAHDA INTERNATIONAL FZCO,Chemicals Distribution,"Drilling-mud, detergent & personal care chemicals distribution",High,Web-verified
AL NAHDA INTERNATIONAL FZCO,Chemicals Distribution,"Drilling-mud, detergent & personal care chemicals distribution",High,Web-verified
AL NASAMAT GENERAL TRADING CO LLC,Trading & Distribution,General trading & wholesale,Medium,Name-derived
AL NASAMAT GENERAL TRADING CO LLC,Trading & Distribution,General trading & wholesale,Medium,Name-derived
AL NASAMAT GENERAL TRADING CO LLC,Trading & Distribution,General trading & wholesale,Medium,Name-derived
AL NASEEM INTERNATIONAL TRAD & CONT CO. LLC,Construction & Contracting,Building & civil contracting,Medium,Name-derived
AL NASR CONSTRUCTION DYNAMICS,Construction & Contracting,Contracting,High,Name-derived
AL NOUF AUTO TYRES & ACCESSORIES,Automotive Parts Trading,Tyres & accessories,High,Name-derived
AL OTBI GENERAL CONTRACTING & MAINTENANCE EST,Construction & Contracting,Building & civil contracting,Medium,Name-derived
AL QOTUF AL MOBRAKA DATES FACTORY LLC,Manufacturing - Food,Dates processing & packing,High,Name-derived
AL QOTUF AL MOBRAKA DATES FACTORY LLC,Manufacturing - Food,Dates processing & packing,High,Name-derived
AL QOTUF AL MOBRAKA DATES FACTORY LLC,Manufacturing - Food,Dates processing & packing,High,Name-derived
AL QOTUF AL MOBRAKA DATES FACTORY LLC,Manufacturing - Food,Dates processing & packing,High,Name-derived
AL RAFAH FOODSTUFF TRADING LLC,Food & Beverage Trading,Foodstuff wholesale & distribution,Medium,Name-derived
AL RAHMAH AUTO SPARE PARTS L. L. C,Automotive Parts Trading,Vehicle spare parts & accessories,Medium,Name-derived
AL RAHMAH AUTO SPARE PARTS L. L. C,Automotive Parts Trading,Vehicle spare parts & accessories,Medium,Name-derived
AL RAHMAH AUTO SPARE PARTS L. L. C,Automotive Parts Trading,Vehicle spare parts & accessories,Medium,Name-derived
AL RAS BUILDING MATERIAL SANITARYWARE & ELECTRICAL CO LLC,Building Materials Trading,Building materials & sanitaryware,Medium,Name-derived
AL RAS STEEL TRADING FZCO,Steel & Metals Trading,Steel trading,High,Name-derived
AL RAWABIT INTERNATIONAL L.L.C,HR & Recruitment,Inferred from sibling entity 'Al Rawabit International Recruitment LLC',Medium,Web-verified
AL RAWABIT INTERNATIONAL L.L.C,HR & Recruitment,Inferred from sibling entity 'Al Rawabit International Recruitment LLC',Medium,Web-verified
AL RAWABIT INTERNATIONAL L.L.C,HR & Recruitment,Inferred from sibling entity 'Al Rawabit International Recruitment LLC',Medium,Web-verified
AL RAWABIT INTERNATIONAL L.L.C,HR & Recruitment,Inferred from sibling entity 'Al Rawabit International Recruitment LLC',Medium,Web-verified
AL RAWABIT INTERNATIONAL RECRUITMENT L.L.C.,HR & Recruitment,Recruitment services,High,Name-derived
AL RAWDAH GREEN SWEET WATER,Manufacturing - Food & Beverage,Drinking water supply,High,Name-derived
AL RAYAN CONTRACTING LLC,Construction & Contracting,Building & civil contracting,Medium,Name-derived
AL REEM HOSPICO CO LLC,Medical Supplies,Hospital supplies,Medium,Name-derived
AL REEM HOSPICO CO LLC,Medical Supplies,Hospital supplies,Medium,Name-derived
AL RIQABAT TRADING ESTABLISHMENT,Trading & Distribution,General trading,Low,Name-derived
AL ROSTAMANI GROUP,Diversified Group,"Automotive, construction, retail & finance",High,Name-derived
AL ROWAD TRADING CO. LLC,Trading & Distribution,General trading & wholesale,Medium,Name-derived
AL ROWAD TRADING CO. LLC,Trading & Distribution,General trading & wholesale,Medium,Name-derived
AL RUMOOZ TRADING LLC,Trading & Distribution,General trading & wholesale,Medium,Name-derived
AL RUMOOZ TRADING LLC,Trading & Distribution,General trading & wholesale,Medium,Name-derived
AL RUMOOZ TRADING LLC,Trading & Distribution,General trading & wholesale,Medium,Name-derived
AL SADAQA FOODSTUFF TRADING CO L.L.C,Food & Beverage Trading,Foodstuff wholesale & distribution,Medium,Name-derived
AL SALAAM LIMOUSINE L.L.C,Passenger Transport,Limousine & chauffeur services,High,Name-derived
AL SALAAM LIMOUSINE L.L.C,Passenger Transport,Limousine & chauffeur services,High,Name-derived
AL SALAAM LIMOUSINE L.L.C,Passenger Transport,Limousine & chauffeur services,High,Name-derived
AL SALAAM LIMOUSINE L.L.C,Passenger Transport,Limousine & chauffeur services,High,Name-derived
AL SAMRA ELECTRICAL & BUILDING MATERIALS LLC,Building Materials Trading,Building materials & sanitaryware,Medium,Name-derived
AL SAMRA ELECTRICAL & BUILDING MATERIALS LLC,Building Materials Trading,Building materials & sanitaryware,Medium,Name-derived
AL SAMRA ELECTRICAL & BUILDING MATERIALS LLC,Building Materials Trading,Building materials & sanitaryware,Medium,Name-derived
AL SAMRA ELECTRICAL & BUILDING MATERIALS LLC,Building Materials Trading,Building materials & sanitaryware,Medium,Name-derived
AL SAMRA ELECTRICALS & SANITARY EQUPT. TRD.CO.LLC,Electrical Trading,Electrical products & services,Medium,Name-derived
AL SAMRA ELECTRICALS & SANITARY EQUPT. TRD.CO.LLC,Electrical Trading,Electrical products & services,Medium,Name-derived
AL SAMRA ELECTRONIC & LIGHTS LLC,Electrical Trading,Electrical products & services,Medium,Name-derived
AL SAMRA ELECTRONIC & LIGHTS LLC,Electrical Trading,Electrical products & services,Medium,Name-derived
AL SAMRA TRADING LLC,Trading & Distribution,General trading & wholesale,Medium,Name-derived
AL SHAALI MOTO TRADING LLC,Automotive Retail,Motorcycle & marine trading,High,Name-derived
AL SHAALI MOTO TRADING LLC,Automotive Retail,Motorcycle & marine trading,High,Name-derived
AL SHAFAQ AUTO SPARE PARTS TRADING LLC,Automotive Parts Trading,Vehicle spare parts & accessories,Medium,Name-derived
AL SHAFAQ AUTO SPARE PARTS TRADING LLC,Automotive Parts Trading,Vehicle spare parts & accessories,Medium,Name-derived
AL SHAFAQ AUTO SPARE PARTS TRADING LLC,Automotive Parts Trading,Vehicle spare parts & accessories,Medium,Name-derived
AL SHAMSI FOODSTUFF EST.,Food & Beverage Trading,Foodstuff wholesale & distribution,Medium,Name-derived
AL SHAMSI FOODSTUFF EST.,Food & Beverage Trading,Foodstuff wholesale & distribution,Medium,Name-derived
AL SHARQ PLAS LLC,Manufacturing - Plastics,Plastic products,High,Name-derived
AL SHARQ PLAS LLC,Manufacturing - Plastics,Plastic products,High,Name-derived
AL SHARQ PLAS LLC,Manufacturing - Plastics,Plastic products,High,Name-derived
AL SHARQ PLAS LLC,Manufacturing - Plastics,Plastic products,High,Name-derived
AL SOROOR GENERAL TRADING LLC,Trading & Distribution,General trading & wholesale,Medium,Name-derived
AL SUHAIL SHIP MAINTENANCE SERVICES,Marine Services,Ship maintenance,High,Name-derived
AL SULAIHI BUILDING MATERIAL TRADING CO. LLC,Building Materials Trading,Building materials & sanitaryware,Medium,Name-derived
AL SULAIHI BUILDING MATERIAL TRADING CO. LLC,Building Materials Trading,Building materials & sanitaryware,Medium,Name-derived
AL SULAIHI BUILDING MATERIAL TRADING CO. LLC,Building Materials Trading,Building materials & sanitaryware,Medium,Name-derived
AL SWAYEH GROUP OF COMPANIES,Diversified Group,Diversified group,Medium,Name-derived
AL TAMAM FOODSTUFF TRADING LLC,Food & Beverage Trading,Foodstuff wholesale & distribution,Medium,Name-derived
AL TAMAM FOODSTUFF TRADING LLC,Food & Beverage Trading,Foodstuff wholesale & distribution,Medium,Name-derived
AL TAMAM FOODSTUFF TRADING LLC,Food & Beverage Trading,Foodstuff wholesale & distribution,Medium,Name-derived
AL TAMAM FOODSTUFF TRADING LLC,Food & Beverage Trading,Foodstuff wholesale & distribution,Medium,Name-derived
AL TAMEEM CARS & BUSES RENTAL LLC,Passenger Transport,Vehicle & bus rental,High,Name-derived
AL TANNAN GENERAL TRADING L.L.C.,Trading & Distribution,General trading & wholesale,Medium,Name-derived
AL TANNAN GENERAL TRADING L.L.C.,Trading & Distribution,General trading & wholesale,Medium,Name-derived
AL TANNAN GENERAL TRADING L.L.C.,Trading & Distribution,General trading & wholesale,Medium,Name-derived
AL TANNAN GENERAL TRADING L.L.C.,Trading & Distribution,General trading & wholesale,Medium,Name-derived
AL TARAF TRADING LLC,Trading & Distribution,General trading & wholesale,Medium,Name-derived
AL TARAF TRADING LLC,Trading & Distribution,General trading & wholesale,Medium,Name-derived
AL TARAF TRADING LLC,Trading & Distribution,General trading & wholesale,Medium,Name-derived
AL TARAF TRADING LLC,Trading & Distribution,General trading & wholesale,Medium,Name-derived
AL TILAL TRANSPORT LLC,Freight Transport,Road transport,High,Name-derived
AL TILAL TRANSPORT LLC,Freight Transport,Road transport,High,Name-derived
AL TOMOH AL MUTAMAYIZ MEDICAL CENTER LLC,Healthcare,Medical centre,High,Name-derived
AL TOOR TRADING LLC,Trading & Distribution,General trading & wholesale,Medium,Name-derived
AL WAHA MECHANICAL INDUSTRIES LLC,Manufacturing - Machinery,Mechanical products,Medium,Name-derived
AL YANBOU FOOD INDUSTRIES CO LLC,Manufacturing - Food,Food production,High,Name-derived
AL YANBOU FOOD INDUSTRIES CO LLC,Manufacturing - Food,Food production,High,Name-derived
AL YAQOOT AL AHMER HARDWARE L.L.C,Industrial Distribution,Industrial products distribution,Medium,Name-derived
ALAHLIYA ALAIN PHARMACY,Pharmacy Retail,Community pharmacy,High,Name-derived
ALAM SUPER MARKET LLC,Retail,Supermarket,High,Name-derived
ALAM SUPER MARKET LLC,Retail,Supermarket,High,Name-derived
ALAM SUPER MARKET LLC,Retail,Supermarket,High,Name-derived
ALAM SUPER MARKET LLC,Retail,Supermarket,High,Name-derived
ALBWARDY ENGINEERING ENTERPRISES EST.,Engineering Services,Engineering & contracting,High,Name-derived
ALBWARDY ENGINEERING ENTERPRISES EST.,Engineering Services,Engineering & contracting,High,Name-derived
ALBWARDY ENGINEERING ENTERPRISES EST.,Engineering Services,Engineering & contracting,High,Name-derived
ALBWARDY ENGINEERING ENTERPRISES EST.,Engineering Services,Engineering & contracting,High,Name-derived
ALBWARDY ENGINEERING ENTERPRISES EST.,Engineering Services,Engineering & contracting,High,Name-derived
ALBWARDY ENGINEERING ENTERPRISES EST.,Engineering Services,Engineering & contracting,High,Name-derived
ALBWARDY ENGINEERING ENTERPRISES L.L.C,Engineering Services,Engineering & contracting,High,Name-derived
ALBWARDY ENGINEERING ENTERPRISES LLC,Engineering Services,Engineering & contracting,High,Name-derived
ALCON CONCRETE PRODUCTS L.L.C,Manufacturing - Building Products,Precast concrete products,High,Name-derived
ALCON CONCRETE PRODUCTS L.L.C,Manufacturing - Building Products,Precast concrete products,High,Name-derived
AL-DAR GENERAL TRADING COMPANY,Trading & Distribution,General trading & wholesale,Medium,Name-derived
AL-DAR GENERAL TRADING COMPANY,Trading & Distribution,General trading & wholesale,Medium,Name-derived
AL-DAR GENERAL TRADING COMPANY,Trading & Distribution,General trading & wholesale,Medium,Name-derived
ALEX RENNER MOTORS GARAGE LLC,Automotive Services,Vehicle repair garage,High,Name-derived
ALFAONE TRADING L.L.C.,Trading & Distribution,General trading & wholesale,Medium,Name-derived
ALHASHIMYA GENERAL TRADING,Trading & Distribution,General trading & wholesale,Medium,Name-derived
ALHASHIMYA GENERAL TRADING,Trading & Distribution,General trading & wholesale,Medium,Name-derived
ALHASHIMYA GENERAL TRADING,Trading & Distribution,General trading & wholesale,Medium,Name-derived
ALHASHIMYA GENERAL TRADING,Trading & Distribution,General trading & wholesale,Medium,Name-derived
ALHASHIMYA GENERAL TRADING,Trading & Distribution,General trading & wholesale,Medium,Name-derived
ALHASHIMYA GENERAL TRADING,Trading & Distribution,General trading & wholesale,Medium,Name-derived
ALI AHMED KHALFAN AUTO SPARE PARTS,Automotive Parts Trading,Vehicle spare parts & accessories,Medium,Name-derived
ALI AHMED KHALFAN AUTO SPARE PARTS,Automotive Parts Trading,Vehicle spare parts & accessories,Medium,Name-derived
ALI AHMED KHALFAN AUTO SPARE PARTS,Automotive Parts Trading,Vehicle spare parts & accessories,Medium,Name-derived
ALI GHOLAMI FOOD INDUSTRIES LLC,Manufacturing - Food,Food production,High,Name-derived
ALI GHOLAMI VEGETABLES & FRUITS  L.L.C,Fresh Produce & Grocery,Fruits & vegetables wholesale,Medium,Name-derived
ALI GHOLAMI VEGETABLES & FRUITS  L.L.C,Fresh Produce & Grocery,Fruits & vegetables wholesale,Medium,Name-derived
ALI GHOLAMI VEGETABLES & FRUITS  L.L.C,Fresh Produce & Grocery,Fruits & vegetables wholesale,Medium,Name-derived
ALI GHOLAMI VEGETABLES & FRUITS  L.L.C,Fresh Produce & Grocery,Fruits & vegetables wholesale,Medium,Name-derived
ALI GHOLAMI VEGETABLES & FRUITS  L.L.C,Fresh Produce & Grocery,Fruits & vegetables wholesale,Medium,Name-derived
ALI GHOLAMI VEGETABLES & FRUITS  L.L.C,Fresh Produce & Grocery,Fruits & vegetables wholesale,Medium,Name-derived
ALI NAJAFI GENERAL TRADING CO. L.L.C,Trading & Distribution,General trading & wholesale,Medium,Name-derived
ALIF AUTO CARE LLC,Automotive Services,Vehicle care & servicing,High,Name-derived
ALINCO PIPE SUPPLY FZE,Industrial Distribution,Pipes & fittings supply,High,Name-derived
ALKHOORY CAPITAL INVESTMENT LLC,Investment & Holding,Investment holding,High,Name-derived
ALL FIT LIFESTYLE COACHING CO LLC,Health & Fitness,Fitness coaching,High,Name-derived
ALLIANCE AUTO PARTS LLC,Automotive Parts Trading,Vehicle spare parts & accessories,Medium,Name-derived
ALLIANCE MECHANICAL EQUIPMENT,Industrial Equipment,Mechanical equipment supply,High,Name-derived
ALLIANCE MECHANICAL EQUIPMENT,Industrial Equipment,Mechanical equipment supply,High,Name-derived
ALLIED MOTORS TRADING FZCO,Automotive Retail,Vehicle trading,High,Name-derived
ALLIED MOTORS TRADING FZCO (BRANCH),Automotive Retail,Vehicle trading,High,Name-derived
ALPHA METAL CONST. IND. LLC,Manufacturing - Steel Fabrication,Metal construction industries,High,Name-derived
ALPHA METAL CONST. IND. LLC,Manufacturing - Steel Fabrication,Metal construction industries,High,Name-derived
ALPHA METAL CONST. IND. LLC,Manufacturing - Steel Fabrication,Metal construction industries,High,Name-derived
ALPHA METAL CONST. IND. LLC,Manufacturing - Steel Fabrication,Metal construction industries,High,Name-derived
ALRABYA LEBANESE FACTORY CHEESE MANUFACTURING LLC (SOLE PROPRIETORSHIP),Manufacturing - Food,Cheese & dairy production,High,Name-derived
ALWATHBA INVESTMENT LLC,Investment & Holding,Investment company,Medium,Name-derived
AMARA FLOWERS LLC,Florist & Gifts,Flowers retail,High,Name-derived
AMBASSADOR AUTO SPARE PARTS TRADING,Automotive Parts Trading,Vehicle spare parts & accessories,Medium,Name-derived
AMBASSADOR AUTO SPARE PARTS TRADING,Automotive Parts Trading,Vehicle spare parts & accessories,Medium,Name-derived
AMC INTERNATIONAL DMCC,Distribution,FMCG sourcing & distribution into West Africa,High,Web-verified
AMC INTERNATIONAL DMCC,Distribution,FMCG sourcing & distribution into West Africa,High,Web-verified
AMC INTERNATIONAL DMCC,Distribution,FMCG sourcing & distribution into West Africa,High,Web-verified
AMC INTERNATIONAL DMCC,Distribution,FMCG sourcing & distribution into West Africa,High,Web-verified
AMC INTERNATIONAL DMCC,Distribution,FMCG sourcing & distribution into West Africa,High,Web-verified
AMC INTERNATIONAL DMCC,Distribution,FMCG sourcing & distribution into West Africa,High,Web-verified
AMIT INTERNATIONAL GROUP FZE,Trading & Distribution,International trading,Medium,Name-derived
AMIT INTERNATIONAL GROUP FZE,Trading & Distribution,International trading,Medium,Name-derived
AMIT INTERNATIONAL GROUP FZE,Trading & Distribution,International trading,Medium,Name-derived
AMIT INTERNATIONAL GROUP FZE,Trading & Distribution,International trading,Medium,Name-derived
AMIT RETAIL LLC,Retail,Retail operations,Medium,Name-derived
AMIT RETAIL LLC,Retail,Retail operations,Medium,Name-derived
AMIT RETAIL LLC,Retail,Retail operations,Medium,Name-derived
AMIT RETAIL LLC,Retail,Retail operations,Medium,Name-derived
AMIT RETAIL LLC,Retail,Retail operations,Medium,Name-derived
AMIT RETAIL LLC,Retail,Retail operations,Medium,Name-derived
AMIT RETAIL LLC,Retail,Retail operations,Medium,Name-derived
AMIT RETAIL LLC,Retail,Retail operations,Medium,Name-derived
AMIT RETAIL LLC,Retail,Retail operations,Medium,Name-derived
AMIT RETAIL LLC,Retail,Retail operations,Medium,Name-derived
AMIT RETAIL LLC,Retail,Retail operations,Medium,Name-derived
AMIT RETAIL LLC,Retail,Retail operations,Medium,Name-derived
AMIT RETAIL LLC,Retail,Retail operations,Medium,Name-derived
AMIT RETAIL LLC,Retail,Retail operations,Medium,Name-derived
AMIT RETAIL LLC,Retail,Retail operations,Medium,Name-derived
AMIT RETAIL LLC,Retail,Retail operations,Medium,Name-derived
AMPS MIDDLE EAST FZ-LLC,Industrial Automation,Automation & power systems,Medium,Name-derived
AMRIT KOSH GENERAL TRADING LLC,Trading & Distribution,General trading & wholesale,Medium,Name-derived
AMRIT KOSH GENERAL TRADING LLC,Trading & Distribution,General trading & wholesale,Medium,Name-derived
AMRIT KOSH GENERAL TRADING LLC,Trading & Distribution,General trading & wholesale,Medium,Name-derived
AMRIT KOSH GENERAL TRADING LLC,Trading & Distribution,General trading & wholesale,Medium,Name-derived
ANAH LLC,Unclassified,Insufficient information in name,Low,Name-derived
ANC VEGETABLE & FRUITS TRADING LLC,Fresh Produce & Grocery,Fruits & vegetables wholesale,Medium,Name-derived
ANNACHAMB MOHIDEEN GENERAL TRADING L L C,Trading & Distribution,General trading & wholesale,Medium,Name-derived
ANNACHAMB MOHIDEEN GENERAL TRADING L L C,Trading & Distribution,General trading & wholesale,Medium,Name-derived
ANNACHAMB MOHIDEEN GENERAL TRADING L L C,Trading & Distribution,General trading & wholesale,Medium,Name-derived
ANNACHAMB MOHIDEEN GENERAL TRADING L L C,Trading & Distribution,General trading & wholesale,Medium,Name-derived
ANNACHAMB MOHIDEEN GENERAL TRADING L L C,Trading & Distribution,General trading & wholesale,Medium,Name-derived
ANNACHAMB MOHIDEEN GENERAL TRADING L L C,Trading & Distribution,General trading & wholesale,Medium,Name-derived
ANNACHAMB MOHIDEEN GENERAL TRADING L L C,Trading & Distribution,General trading & wholesale,Medium,Name-derived
ANNACHAMB MOHIDEEN GENERAL TRADING L L C,Trading & Distribution,General trading & wholesale,Medium,Name-derived
ANOO GENERAL TRADING LLC,Trading & Distribution,General trading & wholesale,Medium,Name-derived
ANSAR MALL,Retail,Hypermarket / shopping mall retail,High,Name-derived
ANSAR MALL,Retail,Hypermarket / shopping mall retail,High,Name-derived
ANSAR MALL,Retail,Hypermarket / shopping mall retail,High,Name-derived
ANSAR MALL,Retail,Hypermarket / shopping mall retail,High,Name-derived
ANSAR MALL,Retail,Hypermarket / shopping mall retail,High,Name-derived
ANSAR MALL,Retail,Hypermarket / shopping mall retail,High,Name-derived
ANSAR MALL,Retail,Hypermarket / shopping mall retail,High,Name-derived
ANSAR MALL,Retail,Hypermarket / shopping mall retail,High,Name-derived
ANSAR MALL,Retail,Hypermarket / shopping mall retail,High,Name-derived
ANSAR MALL,Retail,Hypermarket / shopping mall retail,High,Name-derived
ANSAR MALL,Retail,Hypermarket / shopping mall retail,High,Name-derived
APEX ALWATANIAH CATERING SERVICE -SOLE PROPRIETORSHIP LLC,Food Service,Contract catering,High,Name-derived
APEX HOLDING LLC,Investment & Holding,Holding company,Medium,Name-derived
APEX HOLDING LLC,Investment & Holding,Holding company,Medium,Name-derived
APEX HOLDING LLC,Investment & Holding,Holding company,Medium,Name-derived
APEX SCAFFOLDING LLC,Construction Services,Scaffolding supply & erection,High,Name-derived
APEX SCAFFOLDING LLC,Construction Services,Scaffolding supply & erection,High,Name-derived
APEX SCAFFOLDING LLC,Construction Services,Scaffolding supply & erection,High,Name-derived
APEX SCAFFOLDING LLC,Construction Services,Scaffolding supply & erection,High,Name-derived
APEX SCAFFOLDING LLC,Construction Services,Scaffolding supply & erection,High,Name-derived
APJ MANAGEMENT,Professional Services,Business management services,Low,Name-derived
APJ MANAGEMENT,Professional Services,Business management services,Low,Name-derived
APJ MANAGEMENT,Professional Services,Business management services,Low,Name-derived
APJ MANAGEMENT,Professional Services,Business management services,Low,Name-derived
APJ MANAGEMENT,Professional Services,Business management services,Low,Name-derived
APJ MANAGEMENT,Professional Services,Business management services,Low,Name-derived
APJ MANAGEMENT,Professional Services,Business management services,Low,Name-derived
APPOLO GULF GENERAL TRADING L.L.C,Trading & Distribution,General trading & wholesale,Medium,Name-derived
APTVEL GLOBAL INFORMATION TECHNOLOGIES LLC,IT Services,IT solutions & services,High,Name-derived
AQUAPLEX FZE,Manufacturing - Plastics,Composite / plastic water tanks,High,Name-derived
AQUAPLEX FZE,Manufacturing - Plastics,Composite / plastic water tanks,High,Name-derived
AQUAPLEX FZE,Manufacturing - Plastics,Composite / plastic water tanks,High,Name-derived
AQUAPLEX FZE,Manufacturing - Plastics,Composite / plastic water tanks,High,Name-derived
AQUAPLEX TRADING WLL,Building Materials Trading,Water tanks & plumbing products,High,Name-derived
AQUAPLEX TRADING WLL,Building Materials Trading,Water tanks & plumbing products,High,Name-derived
AQUAPLEX TRADING WLL,Building Materials Trading,Water tanks & plumbing products,High,Name-derived
AQUAPLEX TRADING WLL,Building Materials Trading,Water tanks & plumbing products,High,Name-derived
AQUAPOWER CONTRACTING LLC.,MEP & Electromechanical,Water / power contracting,High,Name-derived
AQUAPOWER CONTRACTING LLC.,MEP & Electromechanical,Water / power contracting,High,Name-derived
AQUAPOWER CONTRACTING LLC.,MEP & Electromechanical,Water / power contracting,High,Name-derived
AQUAPOWER CONTRACTING LLC.,MEP & Electromechanical,Water / power contracting,High,Name-derived
AQUAPOWER CONTRACTING LLC.,MEP & Electromechanical,Water / power contracting,High,Name-derived
AQUAPOWER CONTRACTING LLC.,MEP & Electromechanical,Water / power contracting,High,Name-derived
AQUAPOWER CONTRACTING LLC.,MEP & Electromechanical,Water / power contracting,High,Name-derived
AQUAPOWER CONTRACTING LLC.,MEP & Electromechanical,Water / power contracting,High,Name-derived
AQUAPOWER CONTRACTING LLC.,MEP & Electromechanical,Water / power contracting,High,Name-derived
AQUAPOWER CONTRACTING LLC.,MEP & Electromechanical,Water / power contracting,High,Name-derived
AQUAPOWER CONTRACTING LLC.,MEP & Electromechanical,Water / power contracting,High,Name-derived
AQUATECH LANDSCAPE & CIVIL SERVICES,Landscaping,Landscape & civil works,High,Name-derived
ARAB ITALIAN MARBLES,Building Materials Trading,Marble & natural stone,High,Name-derived
ARAB RAYA COMPANY,Unclassified,No industry signal in the name,Low,Name-derived
ARAB RAYA COMPANY,Unclassified,No industry signal in the name,Low,Name-derived
ARAB RAYA COMPANY,Unclassified,No industry signal in the name,Low,Name-derived
ARABIA ONE INTERNATIONAL GENERAL TRADING LLC,Trading & Distribution,General trading & wholesale,Medium,Name-derived
ARABIAN COAST CONTRACTING LLC,Construction & Contracting,General contracting,High,Name-derived
ARABIAN COAST CONTRACTING LLC,Construction & Contracting,General contracting,High,Name-derived
ARABIAN COAST CONTRACTING LLC,Construction & Contracting,General contracting,High,Name-derived
ARABIAN COAST CONTRACTING LLC,Construction & Contracting,General contracting,High,Name-derived
ARABIAN INDUSTRIAL GASES CO.,Manufacturing - Chemicals,Industrial gases,High,Name-derived
ARCOMA COMMERCIAL AGENCIES LLC,Trading & Distribution,Commercial agencies & distribution,Medium,Name-derived
ARDH AL RABIEE LLC,Unclassified,Searched - no public business description found,Low,Web-verified
ARIANA WORLD WIDE SHIPPING LLC,Shipping,Shipping services,High,Name-derived
ARJOMANDI (MARHABA MTA GENERAL TRADING LLC),Trading & Distribution,General trading & wholesale,Medium,Name-derived
ARJOMANDI (MARHABA MTA GENERAL TRADING LLC),Trading & Distribution,General trading & wholesale,Medium,Name-derived
ARJOMANDI (MARHABA MTA GENERAL TRADING LLC),Trading & Distribution,General trading & wholesale,Medium,Name-derived
ARJOMANDI (MARHABA MTA GENERAL TRADING LLC),Trading & Distribution,General trading & wholesale,Medium,Name-derived
ARKAN SHADE SYSTEMS LLC,Manufacturing - Building Products,Shade structures & tensile,High,Name-derived
ARKAN SHADE SYSTEMS LLC,Manufacturing - Building Products,Shade structures & tensile,High,Name-derived
ARKAN SHADE SYSTEMS LLC,Manufacturing - Building Products,Shade structures & tensile,High,Name-derived
ARKAN SHADE SYSTEMS LLC,Manufacturing - Building Products,Shade structures & tensile,High,Name-derived
ARPAN INTERNATIONAL FZC,Trading & Distribution,General trading,Low,Name-derived
ARPAN INTERNATIONAL FZC,Trading & Distribution,General trading,Low,Name-derived
ARPE LUBRICANTS,Manufacturing - Chemicals,Lubricants & oils,High,Name-derived
ART PALACE ADVERTISING AND PRODUCTION,Marketing Services,Advertising & production,High,Name-derived
ART PALACE ADVERTISING AND PRODUCTION,Marketing Services,Advertising & production,High,Name-derived
ARTS AND GEMS L. L. C.,Jewellery & Precious Metals,Gems & jewellery,High,Name-derived
ARTS AND GEMS L. L. C.,Jewellery & Precious Metals,Gems & jewellery,High,Name-derived
ASHBILIA ALUMINIUM AND GLASS LLC,Manufacturing - Building Products,Aluminium & glass works,High,Name-derived
ASHBILIA ALUMINIUM AND GLASS LLC,Manufacturing - Building Products,Aluminium & glass works,High,Name-derived
ASHBILIA ALUMINIUM AND GLASS LLC,Manufacturing - Building Products,Aluminium & glass works,High,Name-derived
ASHLEY EMIRATES FURNITURE L.L.C,Retail,Furniture retail (Ashley franchise),High,Name-derived
ASHLEY EMIRATES FURNITURE L.L.C,Retail,Furniture retail (Ashley franchise),High,Name-derived
ASHLEY EMIRATES FURNITURE L.L.C,Retail,Furniture retail (Ashley franchise),High,Name-derived
ASSA ABLOY ENTRANCE SYSTEMS LLC,Manufacturing - Building Products,Automatic doors & entrance systems,High,Name-derived
ASSA ABLOY Entrance Systems LLC,Manufacturing - Building Products,Automatic doors & entrance systems,High,Name-derived
ASSA ABLOY Entrance Systems LLC,Manufacturing - Building Products,Automatic doors & entrance systems,High,Name-derived
ASSA ABLOY SECURITY SOLUTIONS METAL INDUSTRIES FACTORY LLC,Manufacturing - Building Products,Security doors & locking hardware,High,Name-derived
ASSA ABLOY SECURITY SOLUTIONS METAL INDUSTRIES FACTORY LLC,Manufacturing - Building Products,Security doors & locking hardware,High,Name-derived
ASSA ABLOY SECURITY SOLUTIONS MIDDLE EAST,Manufacturing - Building Products,Locks & access control hardware,High,Name-derived
ASSA ABLOY SECURITY SOLUTIONS MIDDLE EAST,Manufacturing - Building Products,Locks & access control hardware,High,Name-derived
ASSA ABLOY SECURITY SOLUTIONS MIDDLE EAST,Manufacturing - Building Products,Locks & access control hardware,High,Name-derived
ASSA ABLOY SECURITY SOLUTIONS MIDDLE EAST,Manufacturing - Building Products,Locks & access control hardware,High,Name-derived
ASSA ABLOY SECURITY SOLUTIONS MIDDLE EAST,Manufacturing - Building Products,Locks & access control hardware,High,Name-derived
ASTON PHARMACY LLC,Pharmacy Retail,Community pharmacy,High,Name-derived
ASTON PHARMACY LLC,Pharmacy Retail,Community pharmacy,High,Name-derived
ASTON REAL ESTATE LLC,Real Estate,Real estate brokerage,High,Name-derived
ATAD INTERNATIONAL GENERAL TRADING LLC,Trading & Distribution,General trading & wholesale,Medium,Name-derived
ATAD INTERNATIONAL GENERAL TRADING LLC,Trading & Distribution,General trading & wholesale,Medium,Name-derived
ATAD INTERNATIONAL GENERAL TRADING LLC,Trading & Distribution,General trading & wholesale,Medium,Name-derived
ATAD INTERNATIONAL GENERAL TRADING LLC,Trading & Distribution,General trading & wholesale,Medium,Name-derived
ATGC ELECTROMECHANICAL – SOLE PROPRIETORSHIP L.L.C.,MEP & Electromechanical,MEP contracting & services,Medium,Name-derived
ATGC TRANSPORT & GENERAL CONTRACTING LLC,Freight Transport,Road transport & haulage,Medium,Name-derived
ATGC TRANSPORT & GENERAL CONTRACTING LLC,Freight Transport,Road transport & haulage,Medium,Name-derived
ATOP COMPUTER SOLUTION LLC,IT Services,IT hardware & solutions,High,Name-derived
AUTO VISION TRADING FZCO,Automotive Parts Trading,Auto parts trading,Medium,Name-derived
AUTO VISION TRADING FZCO,Automotive Parts Trading,Auto parts trading,Medium,Name-derived
AUTOCAD CONSTRUCTION,Construction & Contracting,Contracting,Medium,Name-derived
AUTOCOM SPARE PARTS TRADING,Automotive Parts Trading,Vehicle spare parts & accessories,Medium,Name-derived
AUTOCOM SPARE PARTS TRADING,Automotive Parts Trading,Vehicle spare parts & accessories,Medium,Name-derived
AUTOCOM SPARE PARTS TRADING,Automotive Parts Trading,Vehicle spare parts & accessories,Medium,Name-derived
AUTOMECH ENGINEERING CO LLC,Equipment Maintenance,Automotive & mechanical engineering,High,Name-derived
AUTOMECH ENGINEERING CO LLC,Equipment Maintenance,Automotive & mechanical engineering,High,Name-derived
AUTOMECH ENGINEERING CO LLC,Equipment Maintenance,Automotive & mechanical engineering,High,Name-derived
AUTOMECH ENGINEERING CO LLC,Equipment Maintenance,Automotive & mechanical engineering,High,Name-derived
AUTOMECH ENGINEERING CO LLC,Equipment Maintenance,Automotive & mechanical engineering,High,Name-derived
AUTOMECH ENGINEERING CO LLC,Equipment Maintenance,Automotive & mechanical engineering,High,Name-derived
AVANT INDUSTRIES LLC,Manufacturing,Industrial manufacturing,Low,Name-derived
AVANT INDUSTRIES LLC,Manufacturing,Industrial manufacturing,Low,Name-derived
AVGO MIDDLE EAST FZE,Consumer Electronics,Electronics / appliances distribution,Medium,Name-derived
AVGO MIDDLE EAST FZE,Consumer Electronics,Electronics / appliances distribution,Medium,Name-derived
AVIATION SERVICES MANAGEMENT FZE,Aviation,Aircraft management & support services,High,Name-derived
AVIATION SERVICES MANAGEMENT FZE,Aviation,Aircraft management & support services,High,Name-derived
AVIATION SERVICES MANAGEMENT FZE,Aviation,Aircraft management & support services,High,Name-derived
AVIATION SERVICES MANAGEMENT FZE,Aviation,Aircraft management & support services,High,Name-derived
AVIATION SERVICES MANAGEMENT FZE,Aviation,Aircraft management & support services,High,Name-derived
AW BIN SHABIB INVESTMENT LLC,Diversified Group,"Investment group - FMCG, industry & services",High,Name-derived
AW BIN SHABIB INVESTMENT LLC,Diversified Group,"Investment group - FMCG, industry & services",High,Name-derived
AW BIN SHABIB INVESTMENT LLC,Diversified Group,"Investment group - FMCG, industry & services",High,Name-derived
AW BIN SHABIB INVESTMENT LLC,Diversified Group,"Investment group - FMCG, industry & services",High,Name-derived
AWAWDEH AUTO SPARE PARTS,Automotive Parts Trading,Vehicle spare parts & accessories,Medium,Name-derived
AWAWDEH AUTO SPARE PARTS,Automotive Parts Trading,Vehicle spare parts & accessories,Medium,Name-derived
AWS AVENUE COMPANY FOR TRADING,Trading & Distribution,General trading,Low,Name-derived
AWS DISTRIBUTION,Distribution,FMCG / consumer goods distribution,Medium,Name-derived
AWS DISTRIBUTION,Distribution,FMCG / consumer goods distribution,Medium,Name-derived
AWS DISTRIBUTION,Distribution,FMCG / consumer goods distribution,Medium,Name-derived
AWS DISTRIBUTION,Distribution,FMCG / consumer goods distribution,Medium,Name-derived
AWS DISTRIBUTION,Distribution,FMCG / consumer goods distribution,Medium,Name-derived
AWS DISTRIBUTION,Distribution,FMCG / consumer goods distribution,Medium,Name-derived
AWS DISTRIBUTION,Distribution,FMCG / consumer goods distribution,Medium,Name-derived
AWS DISTRIBUTION,Distribution,FMCG / consumer goods distribution,Medium,Name-derived
AWS EUROPE LTD,Distribution,Consumer goods distribution,Medium,Name-derived
AYOUB MOOSA GOLDSMITH EQUIP. TR. L.L.C,Industrial Distribution,Goldsmith tools & equipment,High,Name-derived
AYOUB MOOSA GOLDSMITH EQUIP. TR. L.L.C,Industrial Distribution,Goldsmith tools & equipment,High,Name-derived
AZIZI INVESTMENTS,Real Estate,Property development,High,Name-derived
AZIZI INVESTMENTS,Real Estate,Property development,High,Name-derived
AZIZI INVESTMENTS,Real Estate,Property development,High,Name-derived
AZIZI INVESTMENTS,Real Estate,Property development,High,Name-derived
AZIZI INVESTMENTS,Real Estate,Property development,High,Name-derived
AZTECH TRAINING & CONSULTANCY,Training & Consultancy,Corporate training provider,High,Name-derived
B&S WORLD SUPPLY DMCC,Distribution,Consumer goods wholesale to travel retail,High,Name-derived
B&S WORLD SUPPLY DMCC,Distribution,Consumer goods wholesale to travel retail,High,Name-derived
B&S WORLD SUPPLY DMCC,Distribution,Consumer goods wholesale to travel retail,High,Name-derived
B&S WORLD SUPPLY DMCC,Distribution,Consumer goods wholesale to travel retail,High,Name-derived
B&S WORLD SUPPLY DMCC,Distribution,Consumer goods wholesale to travel retail,High,Name-derived
B&S WORLD SUPPLY FZCO,Distribution,Consumer goods wholesale to travel retail,High,Name-derived
BAB AL SAFA TRADING,Trading & Distribution,General trading & wholesale,Medium,Name-derived
BAB AL SAFA TRADING,Trading & Distribution,General trading & wholesale,Medium,Name-derived
BAB AL SHINDHAGA VEGITABLES & FRUITS TRADING L.L.C,Fresh Produce & Grocery,Fruits & vegetables wholesale,Medium,Name-derived
BACK & PRO DMCC,Health & Fitness,Sports & physio products,Medium,Name-derived
BACK & PRO DMCC,Health & Fitness,Sports & physio products,Medium,Name-derived
BACK & PRO DMCC,Health & Fitness,Sports & physio products,Medium,Name-derived
BACK & PRO DMCC,Health & Fitness,Sports & physio products,Medium,Name-derived
BADER GAS SUPPLY EST,Industrial Distribution,Industrial & LPG gas supply,High,Name-derived
BAFCO TRADING LLC,Furniture & Interiors,Office furniture & interiors,High,Name-derived
BAFCO TRADING LLC,Furniture & Interiors,Office furniture & interiors,High,Name-derived
BARAJOUN ENTERTAINMENT FZ LLC,Media & Entertainment,Film / animation production,High,Name-derived
BARAJOUN ENTERTAINMENT FZ LLC,Media & Entertainment,Film / animation production,High,Name-derived
BARAJOUN ENTERTAINMENT FZ LLC,Media & Entertainment,Film / animation production,High,Name-derived
BARAJOUN ENTERTAINMENT FZ LLC,Media & Entertainment,Film / animation production,High,Name-derived
BARAKAT AL MADI FOODSTUFF TRADING LLC,Food & Beverage Trading,Foodstuff wholesale & distribution,Medium,Name-derived
BARKA FOODSTUFF TRADING LLC,Food & Beverage Trading,Foodstuff wholesale & distribution,Medium,Name-derived
BARKA FOODSTUFF TRADING LLC,Food & Beverage Trading,Foodstuff wholesale & distribution,Medium,Name-derived
BARKA FOODSTUFF TRADING LLC,Food & Beverage Trading,Foodstuff wholesale & distribution,Medium,Name-derived
BARRICK FOODS TRADING L.L.C,Food & Beverage Trading,Food & beverage distribution,Medium,Name-derived
BARRICK FOODS TRADING L.L.C,Food & Beverage Trading,Food & beverage distribution,Medium,Name-derived
BARTAWI CONTRACTING L.L.C,Construction & Contracting,Building & civil contracting,Medium,Name-derived
BARTAWI CONTRACTING L.L.C,Construction & Contracting,Building & civil contracting,Medium,Name-derived
BARTAWI CONTRACTING L.L.C,Construction & Contracting,Building & civil contracting,Medium,Name-derived
BARTAWI CONTRACTING L.L.C,Construction & Contracting,Building & civil contracting,Medium,Name-derived
BASCO GULF FRUITS & VEGETABLES TRADING LLC,Fresh Produce & Grocery,Fruits & vegetables wholesale,Medium,Name-derived
BASE LLC,Unclassified,Insufficient information in name,Low,Name-derived
BASE LLC,Unclassified,Insufficient information in name,Low,Name-derived
BASE LLC,Unclassified,Insufficient information in name,Low,Name-derived
BASE LLC,Unclassified,Insufficient information in name,Low,Name-derived
BAY GATE INVESTMENT L.L.C.,Investment & Holding,Investment company,Medium,Name-derived
BAY GATE INVESTMENT L.L.C.,Investment & Holding,Investment company,Medium,Name-derived
BAY GATE INVESTMENT L.L.C.,Investment & Holding,Investment company,Medium,Name-derived
BAY GATE INVESTMENT L.L.C.,Investment & Holding,Investment company,Medium,Name-derived
BAY GATE INVESTMENT L.L.C.,Investment & Holding,Investment company,Medium,Name-derived
BAY GATE INVESTMENT L.L.C.,Investment & Holding,Investment company,Medium,Name-derived
BAY GATE INVESTMENT L.L.C.,Investment & Holding,Investment company,Medium,Name-derived
BAY GATE INVESTMENT L.L.C.,Investment & Holding,Investment company,Medium,Name-derived
BAY GATE INVESTMENT L.L.C.,Investment & Holding,Investment company,Medium,Name-derived
BCI FITOUT CONTRACTING LLC,Fit-Out & Joinery,Interior fit-out contracting,High,Name-derived
BCI FITOUT CONTRACTING LLC,Fit-Out & Joinery,Interior fit-out contracting,High,Name-derived
BDH MIDDLE EAST LLC,Laboratory Supplies,"Lab chemicals, glassware, instruments & lab fit-out",High,Web-verified
BDH MIDDLE EAST LLC,Laboratory Supplies,"Lab chemicals, glassware, instruments & lab fit-out",High,Web-verified
BDH MIDDLE EAST LLC,Laboratory Supplies,"Lab chemicals, glassware, instruments & lab fit-out",High,Web-verified
BDH MIDDLE EAST LLC,Laboratory Supplies,"Lab chemicals, glassware, instruments & lab fit-out",High,Web-verified
BDH MIDDLE EAST LLC,Laboratory Supplies,"Lab chemicals, glassware, instruments & lab fit-out",High,Web-verified
BEAUTY CHINA TRADING LLC,Cosmetics & Personal Care,Beauty products trading,High,Name-derived
BEAUTY CHINA TRADING LLC,Cosmetics & Personal Care,Beauty products trading,High,Name-derived
BEAUTY OASIS GENERAL TRADING LLC,Cosmetics & Personal Care,Beauty products trading,High,Name-derived
BEAUTY OASIS GENERAL TRADING LLC,Cosmetics & Personal Care,Beauty products trading,High,Name-derived
BEAUTY OASIS GENERAL TRADING LLC,Cosmetics & Personal Care,Beauty products trading,High,Name-derived
BEAUTY OASIS GENERAL TRADING LLC,Cosmetics & Personal Care,Beauty products trading,High,Name-derived
BEERAN KUTTY TRADING,Trading & Distribution,General trading,Low,Name-derived
BEERAN KUTTY TRADING,Trading & Distribution,General trading,Low,Name-derived
BEERAN KUTTY TRADING,Trading & Distribution,General trading,Low,Name-derived
BELAL KABUL BAKHTAR MONEY SERVICE PROVIDER,Financial Services,Money exchange & remittance,High,Name-derived
BELAL KABUL BAKHTAR MONEY SERVICE PROVIDER,Financial Services,Money exchange & remittance,High,Name-derived
BELAL KABUL BAKHTAR MONEY SERVICE PROVIDER,Financial Services,Money exchange & remittance,High,Name-derived
BELAL KABUL BAKHTAR MONEY SERVICE PROVIDER,Financial Services,Money exchange & remittance,High,Name-derived
BELVEN DWC LLC,Industrial Distribution,Industrial valves,High,Name-derived
BELVEN DWC LLC,Industrial Distribution,Industrial valves,High,Name-derived
BELVEN DWC LLC,Industrial Distribution,Industrial valves,High,Name-derived
BELVEN DWC LLC,Industrial Distribution,Industrial valves,High,Name-derived
BELVEN DWC LLC,Industrial Distribution,Industrial valves,High,Name-derived
BENNETT ENGINEERING LLC,Engineering Services,Engineering services,Medium,Name-derived
BERG INDUSTRIES LLC,Manufacturing,Industrial manufacturing,Low,Name-derived
BERG INDUSTRIES LLC,Manufacturing,Industrial manufacturing,Low,Name-derived
BERG INDUSTRIES LLC,Manufacturing,Industrial manufacturing,Low,Name-derived
BERG INDUSTRIES LLC,Manufacturing,Industrial manufacturing,Low,Name-derived
BEST CHOICE INDUSTRIES LLC,Manufacturing,Industrial manufacturing,Low,Name-derived
BEST METAL STEEL TRADING LLC,Steel & Metals Trading,Steel trading,High,Name-derived
BEST POWER ELECTROMECHANICAL TRADING COMPANY L. L. C,MEP & Electromechanical,MEP contracting & services,Medium,Name-derived
BEST POWER ELECTROMECHANICAL TRADING COMPANY L. L. C,MEP & Electromechanical,MEP contracting & services,Medium,Name-derived
BHATIA GENERAL CONTRACTING COMPANY,Construction & Contracting,Building & civil contracting,Medium,Name-derived
BHATIA GENERAL CONTRACTING COMPANY,Construction & Contracting,Building & civil contracting,Medium,Name-derived
BHATIA GENERAL CONTRACTING COMPANY,Construction & Contracting,Building & civil contracting,Medium,Name-derived
BHATIA GENERAL CONTRACTING COMPANY,Construction & Contracting,Building & civil contracting,Medium,Name-derived
BILLIONAIRE MANSION DUBAI,Hospitality,Restaurant & nightlife venue,High,Name-derived
BIN SHABIB DRUG STORE (BR OF AW BIN SHABIB INVESTMENT LLC),Pharmaceuticals,Pharmaceutical distribution,High,Name-derived
BIN YAROOF TRADING CO LLC,Trading & Distribution,General trading & wholesale,Medium,Name-derived
BIN YAROOF TRADING CO LLC,Trading & Distribution,General trading & wholesale,Medium,Name-derived
BINDALMOUK,Unclassified,Insufficient information in name,Low,Name-derived
BIO FOOT HEALTH CARE MEDICAL EQUIPMENTS LLC,Medical Supplies,Orthopaedic / podiatry products,High,Name-derived
BIO FOOT HEALTH CARE MEDICAL EQUIPMENTS LLC,Medical Supplies,Orthopaedic / podiatry products,High,Name-derived
BIO GREEN FOODSTUFF TRADING LLC,Food & Beverage Trading,Foodstuff wholesale & distribution,Medium,Name-derived
BIO GREEN FOODSTUFF TRADING LLC,Food & Beverage Trading,Foodstuff wholesale & distribution,Medium,Name-derived
BIO GREEN FOODSTUFF TRADING LLC,Food & Beverage Trading,Foodstuff wholesale & distribution,Medium,Name-derived
BIO GREEN FOODSTUFF TRADING LLC,Food & Beverage Trading,Foodstuff wholesale & distribution,Medium,Name-derived
BIO GREEN FOODSTUFF TRADING LLC,Food & Beverage Trading,Foodstuff wholesale & distribution,Medium,Name-derived
BIOPHARMA MIDDLE EAST & AFRICA,Pharmaceuticals,Pharmaceutical distribution,High,Name-derived
BIOPHARMA MIDDLE EAST & AFRICA,Pharmaceuticals,Pharmaceutical distribution,High,Name-derived
BIOPHARMA MIDDLE EAST & AFRICA,Pharmaceuticals,Pharmaceutical distribution,High,Name-derived
BIOPHARMA MIDDLE EAST & AFRICA,Pharmaceuticals,Pharmaceutical distribution,High,Name-derived
BIOSCIENCE GMBH COSMETICS TRADING LLC,Cosmetics & Personal Care,Cosmetics trading,High,Name-derived
BIOSCIENCE GMBH COSMETICS TRADING LLC,Cosmetics & Personal Care,Cosmetics trading,High,Name-derived
BIOSCIENCE GMBH COSMETICS TRADING LLC,Cosmetics & Personal Care,Cosmetics trading,High,Name-derived
BIOSCIENCE GMBH COSMETICS TRADING LLC,Cosmetics & Personal Care,Cosmetics trading,High,Name-derived
BIOTECHNOLOGY INTERNATIONAL CO L. L. C,Medical & Diagnostics,Lab & diagnostics equipment,High,Name-derived
BIOTECHNOLOGY INTERNATIONAL CO L. L. C,Medical & Diagnostics,Lab & diagnostics equipment,High,Name-derived
BIOTECHNOLOGY INTERNATIONAL CO L. L. C,Medical & Diagnostics,Lab & diagnostics equipment,High,Name-derived
BIOTECHNOLOGY INTERNATIONAL CO L. L. C,Medical & Diagnostics,Lab & diagnostics equipment,High,Name-derived
BIOTECHNOLOGY INTERNATIONAL CO L. L. C,Medical & Diagnostics,Lab & diagnostics equipment,High,Name-derived
BIOTECHNOLOGY INTERNATIONAL CO L. L. C,Medical & Diagnostics,Lab & diagnostics equipment,High,Name-derived
BIOTECHNOLOGY INTERNATIONAL CO L. L. C,Medical & Diagnostics,Lab & diagnostics equipment,High,Name-derived
BISMI INTERNATIONAL GENERAL TRADING LLC,Trading & Distribution,General trading & wholesale,Medium,Name-derived
BISMI INTERNATIONAL GENERAL TRADING LLC,Trading & Distribution,General trading & wholesale,Medium,Name-derived
BISMI INTERNATIONAL GENERAL TRADING LLC,Trading & Distribution,General trading & wholesale,Medium,Name-derived
BISMI INTERNATIONAL GENERAL TRADING LLC,Trading & Distribution,General trading & wholesale,Medium,Name-derived
BISMI INTERNATIONAL GENERAL TRADING LLC,Trading & Distribution,General trading & wholesale,Medium,Name-derived
BISMI INTERNATIONAL GENERAL TRADING LLC,Trading & Distribution,General trading & wholesale,Medium,Name-derived
BISMI INTERNATIONAL GENERAL TRADING LLC,Trading & Distribution,General trading & wholesale,Medium,Name-derived
BISMI INTERNATIONAL GENERAL TRADING LLC,Trading & Distribution,General trading & wholesale,Medium,Name-derived
BISMI INTERNATIONAL GENERAL TRADING LLC,Trading & Distribution,General trading & wholesale,Medium,Name-derived
BISMI INTERNATIONAL GENERAL TRADING LLC,Trading & Distribution,General trading & wholesale,Medium,Name-derived
BISMI INTERNATIONAL GENERAL TRADING LLC,Trading & Distribution,General trading & wholesale,Medium,Name-derived
BITS IMPEX GENERAL TRADING LLC,Trading & Distribution,General trading & wholesale,Medium,Name-derived
BITS IMPEX GENERAL TRADING LLC,Trading & Distribution,General trading & wholesale,Medium,Name-derived
BITS IMPEX GENERAL TRADING LLC,Trading & Distribution,General trading & wholesale,Medium,Name-derived
BITS IMPEX GENERAL TRADING LLC,Trading & Distribution,General trading & wholesale,Medium,Name-derived
BLACK STAR LOUNGE RESTAURANTS MANAGEMENT LLC,Food Service,Restaurant management,High,Name-derived
BLACK TULIP FRESH PRODUCE LLC,Fresh Produce & Grocery,Fresh produce distribution,High,Name-derived
BLACKBOX GLOBAL LUXURY GROUP DMCC,Luxury Retail,Luxury goods trading,High,Name-derived
BLOOMBER GENERAL TRADING LLC,Trading & Distribution,General trading & wholesale,Medium,Name-derived
BLUE HORIZON SERVICES & OIL FIELD MAINTENANCE LLC,Oil & Gas Services,Oilfield maintenance services,High,Name-derived
BLUE HORIZON SERVICES & OIL FIELD MAINTENANCE LLC,Oil & Gas Services,Oilfield maintenance services,High,Name-derived
BLUE HORIZON SERVICES & OIL FIELD MAINTENANCE LLC,Oil & Gas Services,Oilfield maintenance services,High,Name-derived
BLUE HORIZON SERVICES & OIL FIELD MAINTENANCE LLC,Oil & Gas Services,Oilfield maintenance services,High,Name-derived
BLUE HORIZON SERVICES & OIL FIELD MAINTENANCE LLC,Oil & Gas Services,Oilfield maintenance services,High,Name-derived
BLUE LINE ESTABLISHMENT,Unclassified,Insufficient information in name,Low,Name-derived
BLUE LINE L.L.C – S.P.C.,Unclassified,Insufficient information in name,Low,Name-derived
BLUE OCEAN HEALTH FZ LLC,Healthcare,Health services / products,Medium,Name-derived
BLUE OCEAN HEALTH FZ LLC,Healthcare,Health services / products,Medium,Name-derived
BMJ INDUSTRIES FZ LLC,Manufacturing,Industrial manufacturing,Low,Name-derived
BOMBAY CONTRACTING LLC,Construction & Contracting,Building & civil contracting,Medium,Name-derived
BORG ROLLS WARNER MIDDLE EAST LLC,Automotive Parts Trading,Aftermarket spare parts for European trucks & heavy equipment,High,Web-verified
BORG ROLLS WARNER MIDDLE EAST LLC,Automotive Parts Trading,Aftermarket spare parts for European trucks & heavy equipment,High,Web-verified
BOSE UAE TRADING L.L.C,Consumer Electronics,Audio equipment distribution (Bose),High,Name-derived
BOSE UAE TRADING L.L.C,Consumer Electronics,Audio equipment distribution (Bose),High,Name-derived
BOSE UAE TRADING L.L.C,Consumer Electronics,Audio equipment distribution (Bose),High,Name-derived
BPAS FOODSUFF TRADING,Food & Beverage Trading,Foodstuff wholesale & distribution,Medium,Name-derived
BRAINFREEZE INTERIOR DECORATION LLC,Fit-Out & Joinery,Interior decoration,High,Name-derived
BRANDS ELECTRICAL EQUIPMENT LLC,Electrical Trading,Electrical products & services,Medium,Name-derived
BRANDS ELECTRICAL EQUIPMENT LLC,Electrical Trading,Electrical products & services,Medium,Name-derived
BRANO GENERAL TRADING LLC,Trading & Distribution,General trading & wholesale,Medium,Name-derived
BRANO GENERAL TRADING LLC,Trading & Distribution,General trading & wholesale,Medium,Name-derived
BRANO GENERAL TRADING LLC,Trading & Distribution,General trading & wholesale,Medium,Name-derived
BRANO TRADING LLC,Trading & Distribution,General trading & wholesale,Medium,Name-derived
BRIGADE PLUS ELECTROMECHANICAL WORKS LLC,MEP & Electromechanical,MEP contracting & services,Medium,Name-derived
BRIGADE PLUS ELECTROMECHANICAL WORKS LLC,MEP & Electromechanical,MEP contracting & services,Medium,Name-derived
BRIGHT LINE REFRIGERATION AND AIR CONDITIONING TRADING LLC,HVAC Trading,Refrigeration & AC equipment,High,Name-derived
BRIGHT STONE GENERAL TRADING LLC,Trading & Distribution,General trading & wholesale,Medium,Name-derived
BRIGHT STONE GENERAL TRADING LLC,Trading & Distribution,General trading & wholesale,Medium,Name-derived
BROCADE GENERAL TRADING LLC,Trading & Distribution,General trading & wholesale,Medium,Name-derived
BROCADE GENERAL TRADING LLC,Trading & Distribution,General trading & wholesale,Medium,Name-derived
BROTHERS COOL AC SPARE PARTS TRADING LLC,Automotive Parts Trading,Vehicle spare parts & accessories,Medium,Name-derived
BROTHERS COOL AC SPARE PARTS TRADING LLC,Automotive Parts Trading,Vehicle spare parts & accessories,Medium,Name-derived
BROTHERS COOL AC SPARE PARTS TRADING LLC,Automotive Parts Trading,Vehicle spare parts & accessories,Medium,Name-derived
BRU MIDDLE EAST FZE,Textiles & Apparel Trading,Furnishing fabrics,High,Name-derived
BRU TEXTILES NV,Textiles & Apparel Trading,Furnishing fabrics,High,Name-derived
BULGARI MIDDLE EAST BRANCH,Luxury Retail,Jewellery & watches (LVMH / Bulgari),High,Name-derived
BULGARI MIDDLE EAST BRANCH,Luxury Retail,Jewellery & watches (LVMH / Bulgari),High,Name-derived
BULGARI MIDDLE EAST BRANCH,Luxury Retail,Jewellery & watches (LVMH / Bulgari),High,Name-derived
BULGARI MIDDLE EAST BRANCH,Luxury Retail,Jewellery & watches (LVMH / Bulgari),High,Name-derived
BULGARI MIDDLE EAST BRANCH,Luxury Retail,Jewellery & watches (LVMH / Bulgari),High,Name-derived
BURAQ ALLAIL BUILDING CONTRACTING LLC,Construction & Contracting,Building & civil contracting,Medium,Name-derived
BURAQ ALLAIL BUILDING CONTRACTING LLC,Construction & Contracting,Building & civil contracting,Medium,Name-derived
BURAQ ALLAIL BUILDING CONTRACTING LLC,Construction & Contracting,Building & civil contracting,Medium,Name-derived
BURAQ ALLAIL BUILDING CONTRACTING LLC,Construction & Contracting,Building & civil contracting,Medium,Name-derived
BURAQ ALLAIL BUILDING CONTRACTING LLC,Construction & Contracting,Building & civil contracting,Medium,Name-derived
BURAQ ALLAIL BUILDING CONTRACTING LLC,Construction & Contracting,Building & civil contracting,Medium,Name-derived
BURAQ ALLAIL BUILDING CONTRACTING LLC,Construction & Contracting,Building & civil contracting,Medium,Name-derived
BURAQ ALLAIL BUILDING CONTRACTING LLC,Construction & Contracting,Building & civil contracting,Medium,Name-derived
BURAQ ALLAIL BUILDING CONTRACTING LLC,Construction & Contracting,Building & civil contracting,Medium,Name-derived
BURAQ ALLAIL BUILDING CONTRACTING LLC,Construction & Contracting,Building & civil contracting,Medium,Name-derived
BURAQ ALLAIL BUILDING CONTRACTING LLC,Construction & Contracting,Building & civil contracting,Medium,Name-derived
BURAQ ALLAIL BUILDING CONTRACTING LLC,Construction & Contracting,Building & civil contracting,Medium,Name-derived
BURAQ ALLAIL BUILDING CONTRACTING LLC,Construction & Contracting,Building & civil contracting,Medium,Name-derived
BURAQ ALLAIL BUILDING CONTRACTING LLC,Construction & Contracting,Building & civil contracting,Medium,Name-derived
BURAQ ALLAIL BUILDING CONTRACTING LLC,Construction & Contracting,Building & civil contracting,Medium,Name-derived
BURAQ ALLAIL BUILDING CONTRACTING LLC,Construction & Contracting,Building & civil contracting,Medium,Name-derived
BUSS ENGINEERING & HEAVY EQUIPMENT REPAIRING LLC,Equipment Maintenance,Heavy equipment repair,High,Name-derived
BUSS ENGINEERING & HEAVY EQUIPMENT REPAIRING LLC,Equipment Maintenance,Heavy equipment repair,High,Name-derived
BUSS ENGINEERING & HEAVY EQUIPMENT REPAIRING LLC,Equipment Maintenance,Heavy equipment repair,High,Name-derived
C.J. TEC CONTRACTING LLC,Construction & Contracting,Building & civil contracting,Medium,Name-derived
C4C TECHNOLOGIES LLC,IT Services,Technology solutions,Medium,Name-derived
C4C TECHNOLOGIES LLC,IT Services,Technology solutions,Medium,Name-derived
CALCULAZ INTERNATIONAL FZE,Technology,Technology / business solutions,Low,Name-derived
CALICUT EASTERN GENERAL TRADING LLC,Trading & Distribution,General trading & wholesale,Medium,Name-derived
CALICUT EASTERN GENERAL TRADING LLC,Trading & Distribution,General trading & wholesale,Medium,Name-derived
CALICUT EASTERN GENERAL TRADING LLC,Trading & Distribution,General trading & wholesale,Medium,Name-derived
CALICUT EASTERN GENERAL TRADING LLC,Trading & Distribution,General trading & wholesale,Medium,Name-derived
CAMTECH MANUFACTURING FZCO,Manufacturing - Machinery,Valves & instrumentation fittings,High,Name-derived
CAMTECH MANUFACTURING FZCO,Manufacturing - Machinery,Valves & instrumentation fittings,High,Name-derived
CAMTECH MANUFACTURING FZCO,Manufacturing - Machinery,Valves & instrumentation fittings,High,Name-derived
CAMTECH MANUFACTURING FZCO,Manufacturing - Machinery,Valves & instrumentation fittings,High,Name-derived
CAMTECH MANUFACTURING FZCO,Manufacturing - Machinery,Valves & instrumentation fittings,High,Name-derived
CAPITAL BUSINESS CHANNEL TV FZ LLC,Media & Entertainment,TV broadcasting,High,Name-derived
CAPITAL BUSINESS CHANNEL TV FZ LLC,Media & Entertainment,TV broadcasting,High,Name-derived
CAPITAL BUSINESS CHANNEL TV FZ LLC,Media & Entertainment,TV broadcasting,High,Name-derived
CARNABY GENERAL TRADING L.L.C,Trading & Distribution,General trading & wholesale,Medium,Name-derived
CASAL LLC,Unclassified,Insufficient information in name,Low,Name-derived
CASAL LLC,Unclassified,Insufficient information in name,Low,Name-derived
CASAL LLC,Unclassified,Insufficient information in name,Low,Name-derived
CASAL LLC,Unclassified,Insufficient information in name,Low,Name-derived
CASAL LLC,Unclassified,Insufficient information in name,Low,Name-derived
CASAL LLC,Unclassified,Insufficient information in name,Low,Name-derived
CASAL LLC,Unclassified,Insufficient information in name,Low,Name-derived
CASAL LLC,Unclassified,Insufficient information in name,Low,Name-derived
CASAL LLC,Unclassified,Insufficient information in name,Low,Name-derived
CASAL LLC,Unclassified,Insufficient information in name,Low,Name-derived
CASH CUSTOMER,Not a company,Walk-in / cash sales ledger account,High,Name-derived
CASPIAN GULF FZE,Trading & Distribution,General trading,Low,Name-derived
CASTLE REFRIGERATION EQUIPMENT TRADING LLC,HVAC Trading,Refrigeration equipment,High,Name-derived
CAVALIER CLEAN CLEANING BUILDINGS - SOLE PROPRIETORSHIP L.L.C,Facilities Management,Building cleaning services,High,Name-derived
CEDAR PHARMACEUTICALS LLC,Pharmaceuticals,Pharmaceutical distribution,High,Name-derived
CEDAR PHARMACEUTICALS LLC,Pharmaceuticals,Pharmaceutical distribution,High,Name-derived
CEDAR PHARMACEUTICALS LLC,Pharmaceuticals,Pharmaceutical distribution,High,Name-derived
CEDAR PHARMACEUTICALS LLC,Pharmaceuticals,Pharmaceutical distribution,High,Name-derived
CEDAR PHARMACEUTICALS LLC,Pharmaceuticals,Pharmaceutical distribution,High,Name-derived
CENTAUR ELECTRO MECHANICAL CONTRACTING CO. (L.L.C),MEP & Electromechanical,MEP contracting & services,Medium,Name-derived
CENTURY EQUIPMENT COMPANY LLC,Industrial Equipment,Equipment supply,Medium,Name-derived
CHAUDHRY ALTAF TRADING LLC,Trading & Distribution,General trading & wholesale,Medium,Name-derived
CHENADAN FOODSTUFF TRADING LLC,Food & Beverage Trading,Foodstuff wholesale & distribution,Medium,Name-derived
CHINA STATE CONSTRUCTION ENGRG. CORP.(MIDDLE EAST) LLC,Construction & Contracting,Main contractor (CSCEC),High,Name-derived
CHINA STATE CONSTRUCTION ENGRG. CORP.(MIDDLE EAST) LLC,Construction & Contracting,Main contractor (CSCEC),High,Name-derived
CHINA STATE CONSTRUCTION ENGRG. CORP.(MIDDLE EAST) LLC,Construction & Contracting,Main contractor (CSCEC),High,Name-derived
CHOCO PALACE CHOCOLATE FACTORY L.L.C,Manufacturing - Food,Chocolate & confectionery,High,Name-derived
CIMAC,Unclassified,Insufficient information in name,Low,Name-derived
CIRCLE K,Retail,Convenience stores / forecourt retail,High,Name-derived
CIRCLE K,Retail,Convenience stores / forecourt retail,High,Name-derived
CIRCLE K,Retail,Convenience stores / forecourt retail,High,Name-derived
CIRCLE K,Retail,Convenience stores / forecourt retail,High,Name-derived
CIRCLE K,Retail,Convenience stores / forecourt retail,High,Name-derived
CIRCLE K,Retail,Convenience stores / forecourt retail,High,Name-derived
CIRCLE K,Retail,Convenience stores / forecourt retail,High,Name-derived
CITADEL PROPERTIES LLC,Real Estate,Property development / management,High,Name-derived
CITADEL PROPERTIES LLC,Real Estate,Property development / management,High,Name-derived
CITY EXPERTS CONSTRUCTIONS L.L.C.,Construction & Contracting,Building & civil contracting,Medium,Name-derived
CITY SPACE LLC,Fit-Out & Joinery,Interior fit-out,Medium,Name-derived
CITY SPACE LLC,Fit-Out & Joinery,Interior fit-out,Medium,Name-derived
CITY SPACE LLC,Fit-Out & Joinery,Interior fit-out,Medium,Name-derived
CITY SPACE LLC,Fit-Out & Joinery,Interior fit-out,Medium,Name-derived
CITY SPACE LLC,Fit-Out & Joinery,Interior fit-out,Medium,Name-derived
CIVIL POWER GENERAL CONTRACTING LLC,Construction & Contracting,Building & civil contracting,Medium,Name-derived
CIVIL POWER GENERAL CONTRACTING LLC,Construction & Contracting,Building & civil contracting,Medium,Name-derived
CIVIL POWER GENERAL CONTRACTING LLC,Construction & Contracting,Building & civil contracting,Medium,Name-derived
CLA EMIRATES CHARTERED ACCOUNTANTS AND AUDITORS LLC,Professional Services,"Audit, tax & advisory",High,Name-derived
CLEAN BLAST INTERNATIONAL L.L.C.,Metal Treatment Services,Blasting & surface preparation,High,Name-derived
COASTAL INVESTMENT,Investment & Holding,Investment company,Medium,Name-derived
COASTAL INVESTMENT,Investment & Holding,Investment company,Medium,Name-derived
COASTAL INVESTMENT,Investment & Holding,Investment company,Medium,Name-derived
COASTAL INVESTMENT,Investment & Holding,Investment company,Medium,Name-derived
COASTAL INVESTMENT,Investment & Holding,Investment company,Medium,Name-derived
COASTAL INVESTMENT,Investment & Holding,Investment company,Medium,Name-derived
COASTAL INVESTMENT,Investment & Holding,Investment company,Medium,Name-derived
COCOA PALACE SWEETS (S.P.S - L.L.C),Manufacturing - Food,Confectionery & sweets,High,Name-derived
COMFORT ELEVATORS & ESCALATORS,Elevators & Escalators,Lift installation & maintenance,High,Name-derived
COMFORT ELEVATORS & ESCALATORS,Elevators & Escalators,Lift installation & maintenance,High,Name-derived
COMFORT ELEVATORS & ESCALATORS,Elevators & Escalators,Lift installation & maintenance,High,Name-derived
COMFORT ELEVATORS & ESCALATORS,Elevators & Escalators,Lift installation & maintenance,High,Name-derived
COMFORT ELEVATORS & ESCALATORS,Elevators & Escalators,Lift installation & maintenance,High,Name-derived
Company T R E,Unclassified,Insufficient information in name,Low,Name-derived
Company T R E,Unclassified,Insufficient information in name,Low,Name-derived
Company T R E,Unclassified,Insufficient information in name,Low,Name-derived
Company T R E,Unclassified,Insufficient information in name,Low,Name-derived
Company T R E,Unclassified,Insufficient information in name,Low,Name-derived
Company T R E,Unclassified,Insufficient information in name,Low,Name-derived
CONCAVE TRADING,Trading & Distribution,General trading,Low,Name-derived
CONCORDIA INTERNATIONAL MIDDLE EAST FZ-LLC,Facilities Management,Integrated FM services,High,Name-derived
CONCORDIA INTERNATIONAL MIDDLE EAST FZ-LLC,Facilities Management,Integrated FM services,High,Name-derived
CONSTECH CONSTRUCTION LLC,Construction & Contracting,Building & civil contracting,Medium,Name-derived
CONSTRUCTION DYNAMICS,Construction & Contracting,Contracting,High,Name-derived
CONSTRUCTION DYNAMICS,Construction & Contracting,Contracting,High,Name-derived
CONTROL & APPLICATIONS EMIRATES L.L.C.,MEP & Electromechanical,Control systems & instrumentation,High,Name-derived
COOL LINE. RAD.& AUTO.SPARE PARTS TR.L L C,Automotive Parts Trading,Vehicle spare parts & accessories,Medium,Name-derived
COOL LINE. RAD.& AUTO.SPARE PARTS TR.L L C,Automotive Parts Trading,Vehicle spare parts & accessories,Medium,Name-derived
COOL LINE. RAD.& AUTO.SPARE PARTS TR.L L C,Automotive Parts Trading,Vehicle spare parts & accessories,Medium,Name-derived
COOL LINE. RAD.& AUTO.SPARE PARTS TR.L L C,Automotive Parts Trading,Vehicle spare parts & accessories,Medium,Name-derived
COOLLINE RADIATORS AND AC SPARE PARTS TRADING,Automotive Parts Trading,Vehicle spare parts & accessories,Medium,Name-derived
CORE METAL LLC,Manufacturing - Metals,Metal fabrication,Medium,Name-derived
CORE METAL LLC,Manufacturing - Metals,Metal fabrication,Medium,Name-derived
CORE METAL LLC,Manufacturing - Metals,Metal fabrication,Medium,Name-derived
CORE METAL LLC,Manufacturing - Metals,Metal fabrication,Medium,Name-derived
CORE METAL LLC,Manufacturing - Metals,Metal fabrication,Medium,Name-derived
CORNISH ARABIAN ALUMINIUM FACTORY LLC,Manufacturing - Building Products,Aluminium products,High,Name-derived
CORNISH ARABIAN ALUMINIUM FACTORY LLC,Manufacturing - Building Products,Aluminium products,High,Name-derived
CORODEX TRADING CO. LLC,Water Treatment,Water treatment & pumps,High,Name-derived
CORODEX TRADING CO. LLC,Water Treatment,Water treatment & pumps,High,Name-derived
CORODEX TRADING CO. LLC,Water Treatment,Water treatment & pumps,High,Name-derived
CORODEX TRADING CO. LLC,Water Treatment,Water treatment & pumps,High,Name-derived
CORPORATE CONNECTION GENERAL TRADING LLC,Trading & Distribution,General trading & wholesale,Medium,Name-derived
CORPORATE CONNECTION GENERAL TRADING LLC,Trading & Distribution,General trading & wholesale,Medium,Name-derived
CORPORATE CONNECTION GENERAL TRADING LLC,Trading & Distribution,General trading & wholesale,Medium,Name-derived
CORPORATE CONNECTION GENERAL TRADING LLC,Trading & Distribution,General trading & wholesale,Medium,Name-derived
CORPORATE SERVICES INTERNATIONAL N.V.,Professional Services,Corporate services & outsourcing,Medium,Name-derived
CORPORATE SERVICES INTERNATIONAL N.V.,Professional Services,Corporate services & outsourcing,Medium,Name-derived
CORPORATE SERVICES INTERNATIONAL N.V.,Professional Services,Corporate services & outsourcing,Medium,Name-derived
CORPORATE SERVICES INTERNATIONAL N.V.,Professional Services,Corporate services & outsourcing,Medium,Name-derived
CORPORATE SERVICES INTERNATIONAL N.V.,Professional Services,Corporate services & outsourcing,Medium,Name-derived
CORPORATE SERVICES INTERNATIONAL N.V.,Professional Services,Corporate services & outsourcing,Medium,Name-derived
COSMOS INSURANCE BROKERS LLC,Insurance Services,Insurance broking,High,Name-derived
COSMOS INSURANCE BROKERS LLC,Insurance Services,Insurance broking,High,Name-derived
COST CUTTER FRUITS & VEGETABLES TRADING L.L.C,Fresh Produce & Grocery,Fruits & vegetables wholesale,Medium,Name-derived
COST CUTTER FRUITS & VEGETABLES TRADING L.L.C,Fresh Produce & Grocery,Fruits & vegetables wholesale,Medium,Name-derived
COVENTRY ACADEMY FOR EDUCATIONAL DEVELOPMENT,Education,Training & professional development,High,Name-derived
CRA TRADING L.L.C.,Trading & Distribution,General trading & wholesale,Medium,Name-derived
CRA TRADING L.L.C.,Trading & Distribution,General trading & wholesale,Medium,Name-derived
CRAWFORD MIDDLE EAST LLC,Insurance Services,Loss adjusting & claims management,High,Name-derived
CREATIVE VISION GENERAL TRADING LLC,Trading & Distribution,General trading & wholesale,Medium,Name-derived
CREATIVE VISION GENERAL TRADING LLC,Trading & Distribution,General trading & wholesale,Medium,Name-derived
CROWN PACIFIC GROUP FZE,Trading & Distribution,International trading group,Medium,Name-derived
CROWN PACIFIC GROUP FZE,Trading & Distribution,International trading group,Medium,Name-derived
CROWN PACIFIC GROUP FZE,Trading & Distribution,International trading group,Medium,Name-derived
CRYSTAL CITY BUILDING MATERIALS TRADING L.L.C,Building Materials Trading,Building materials & sanitaryware,Medium,Name-derived
CURE ARENA MEDICAL CENTER LLC,Healthcare,Medical centre,High,Name-derived
CURRIE & BROWN,Project & Cost Consultancy,Quantity surveying & cost management,High,Name-derived
CURRIE & BROWN,Project & Cost Consultancy,Quantity surveying & cost management,High,Name-derived
CURRIE & BROWN,Project & Cost Consultancy,Quantity surveying & cost management,High,Name-derived
CURRIE & BROWN,Project & Cost Consultancy,Quantity surveying & cost management,High,Name-derived
CURRIE & BROWN,Project & Cost Consultancy,Quantity surveying & cost management,High,Name-derived
CUSTOMER DELIGHT ELECTRICAL CONTRACTING LLC. SPC,Construction & Contracting,Building & civil contracting,Medium,Name-derived
CUSTOMER DELIGHT TRADING,Trading & Distribution,General trading & wholesale,Medium,Name-derived
CUSTOMER DELIGHT TRADING,Trading & Distribution,General trading & wholesale,Medium,Name-derived
CUSTOMER DELIGHT TRADING,Trading & Distribution,General trading & wholesale,Medium,Name-derived
CUSTOMER DELIGHT TRADING L.L.C,Trading & Distribution,General trading & wholesale,Medium,Name-derived
CYNGBEL LLC,Unclassified,Insufficient information in name,Low,Name-derived
D M F TRADING LLC,Trading & Distribution,General trading & wholesale,Medium,Name-derived
D M F TRADING LLC,Trading & Distribution,General trading & wholesale,Medium,Name-derived
D M F TRADING LLC,Trading & Distribution,General trading & wholesale,Medium,Name-derived
D O DOTS CAFE,Food Service,Cafe,High,Name-derived
D O DOTS CAFE,Food Service,Cafe,High,Name-derived
D O DOTS CAFE,Food Service,Cafe,High,Name-derived
DAG INTERNATIONAL GENERAL TRADING LLC,Trading & Distribution,General trading & wholesale,Medium,Name-derived
DAG INTERNATIONAL GENERAL TRADING LLC,Trading & Distribution,General trading & wholesale,Medium,Name-derived
DAISY FRUIT TRADING CO. L.L.C,Fresh Produce & Grocery,Fruits & vegetables wholesale,Medium,Name-derived
DAISY FRUIT TRADING CO. L.L.C,Fresh Produce & Grocery,Fruits & vegetables wholesale,Medium,Name-derived
DAMAN CONTRACTING LLC,Construction & Contracting,Building & civil contracting,Medium,Name-derived
DAMAN CONTRACTING LLC,Construction & Contracting,Building & civil contracting,Medium,Name-derived
DAMAN CONTRACTING LLC,Construction & Contracting,Building & civil contracting,Medium,Name-derived
DAMAN CONTRACTING LLC,Construction & Contracting,Building & civil contracting,Medium,Name-derived
DAMAN CONTRACTING LLC,Construction & Contracting,Building & civil contracting,Medium,Name-derived
DAMAN CONTRACTING LLC,Construction & Contracting,Building & civil contracting,Medium,Name-derived
DAMAN CONTRACTING LLC,Construction & Contracting,Building & civil contracting,Medium,Name-derived
DAMAN CONTRACTING LLC,Construction & Contracting,Building & civil contracting,Medium,Name-derived
DAMAN CONTRACTING LLC,Construction & Contracting,Building & civil contracting,Medium,Name-derived
DAR AL ZAIN GENERAL TRADING LLC,Trading & Distribution,General trading & wholesale,Medium,Name-derived
DAS COLLECTION LLC,Textiles & Apparel,Luxury designer abayas & womenswear,High,Web-verified
DAS COLLECTION LLC,Textiles & Apparel,Luxury designer abayas & womenswear,High,Web-verified
DAS COLLECTION LLC,Textiles & Apparel,Luxury designer abayas & womenswear,High,Web-verified
DAS COLLECTION LLC,Textiles & Apparel,Luxury designer abayas & womenswear,High,Web-verified
DAS COLLECTION LLC,Textiles & Apparel,Luxury designer abayas & womenswear,High,Web-verified
DAS COLLECTION LLC,Textiles & Apparel,Luxury designer abayas & womenswear,High,Web-verified
DAWOOD TRADING & CONTRACTING L.L.C,Construction & Contracting,Building & civil contracting,Medium,Name-derived
DAWOOD TRADING & CONTRACTING L.L.C,Construction & Contracting,Building & civil contracting,Medium,Name-derived
DAWOOD TRADING & CONTRACTING L.L.C,Construction & Contracting,Building & civil contracting,Medium,Name-derived
DAWOOD TRADING & CONTRACTING L.L.C,Construction & Contracting,Building & civil contracting,Medium,Name-derived
DAWOOD TRADING & CONTRACTING L.L.C,Construction & Contracting,Building & civil contracting,Medium,Name-derived
DAWOOD TRADING & CONTRACTING L.L.C,Construction & Contracting,Building & civil contracting,Medium,Name-derived
DAWOOD TRADING & CONTRACTING L.L.C,Construction & Contracting,Building & civil contracting,Medium,Name-derived
DEEP PERFORMANCE AUTO SPAREPARTS TRADING,Automotive Parts Trading,Vehicle spare parts & accessories,Medium,Name-derived
DEEP PERFORMANCE AUTO SPAREPARTS TRADING,Automotive Parts Trading,Vehicle spare parts & accessories,Medium,Name-derived
DEEP PERFORMANCE AUTO SPAREPARTS TRADING,Automotive Parts Trading,Vehicle spare parts & accessories,Medium,Name-derived
DEIRA TOWER ESTATES L.L.C,Real Estate,Property ownership & leasing,High,Name-derived
DEIRA TOWER ESTATES L.L.C,Real Estate,Property ownership & leasing,High,Name-derived
DEJLA FURAT GENERAL TRADING LLC,Trading & Distribution,General trading & wholesale,Medium,Name-derived
DEJLA FURAT GENERAL TRADING LLC,Trading & Distribution,General trading & wholesale,Medium,Name-derived
DELICIOUS FRUITS LTD,Fresh Produce & Grocery,Fruits trading,High,Name-derived
DELTA POWER ELECTRICAL LLC,Electrical Trading,Electrical products & services,Medium,Name-derived
DELTA POWER ELECTRICAL LLC,Electrical Trading,Electrical products & services,Medium,Name-derived
DELTA POWER ELECTRICAL LLC,Electrical Trading,Electrical products & services,Medium,Name-derived
DELTA POWER ELECTRICAL LLC,Electrical Trading,Electrical products & services,Medium,Name-derived
DELTRON MECHANICAL EQUIPMENT TRADING,Industrial Equipment,Mechanical equipment trading,High,Name-derived
DELTRON MECHANICAL EQUIPMENT TRADING,Industrial Equipment,Mechanical equipment trading,High,Name-derived
DEMIND INVESTMENT,Investment & Holding,Investment company,Medium,Name-derived
DEMIND INVESTMENT,Investment & Holding,Investment company,Medium,Name-derived
DEMIND INVESTMENT,Investment & Holding,Investment company,Medium,Name-derived
DEMIND INVESTMENT,Investment & Holding,Investment company,Medium,Name-derived
DEMIND INVESTMENT,Investment & Holding,Investment company,Medium,Name-derived
DEMIND INVESTMENT,Investment & Holding,Investment company,Medium,Name-derived
DENOX RHONE GENERAL TRADING LLC,Trading & Distribution,General trading & wholesale,Medium,Name-derived
DENPLEX BUILDING MATERIALS TRADING LLC,Building Materials Trading,Building materials & sanitaryware,Medium,Name-derived
DENPLEX BUILDING MATERIALS TRADING LLC,Building Materials Trading,Building materials & sanitaryware,Medium,Name-derived
DENPLEX BUILDING MATERIALS TRADING LLC,Building Materials Trading,Building materials & sanitaryware,Medium,Name-derived
DENSO SALES MIDDLE EAST & NORTH AFRICA FZE,Automotive,OEM auto components distribution (Denso),High,Name-derived
DENSO SALES MIDDLE EAST & NORTH AFRICA FZE,Automotive,OEM auto components distribution (Denso),High,Name-derived
DENSO SALES MIDDLE EAST & NORTH AFRICA FZE,Automotive,OEM auto components distribution (Denso),High,Name-derived
DENSO SALES MIDDLE EAST & NORTH AFRICA FZE,Automotive,OEM auto components distribution (Denso),High,Name-derived
DERMA HEALTH COSMETICS TR.,Cosmetics & Personal Care,Dermo-cosmetics trading,High,Name-derived
DERMA HEALTH COSMETICS TR.,Cosmetics & Personal Care,Dermo-cosmetics trading,High,Name-derived
DERMA HEALTH COSMETICS TR.,Cosmetics & Personal Care,Dermo-cosmetics trading,High,Name-derived
DESERT EAGLE HEAVY EQUIPMENT RENTAL LLC,Equipment Rental,Heavy equipment rental,High,Name-derived
DESERT KING HEAVY EQPT. RENTAL L.L.C,Equipment Rental,Heavy equipment rental,High,Name-derived
DESERT KING HEAVY EQPT. RENTAL L.L.C,Equipment Rental,Heavy equipment rental,High,Name-derived
DESERT KING HEAVY EQPT. RENTAL L.L.C,Equipment Rental,Heavy equipment rental,High,Name-derived
DESERT KING HEAVY EQPT. RENTAL L.L.C,Equipment Rental,Heavy equipment rental,High,Name-derived
DESERT KING QATAR HEAVY EQUIPMENT RENTAL & CONTRACTING W.L.L.,Equipment Rental,Heavy equipment rental & contracting,High,Name-derived
DESERT KING QATAR HEAVY EQUIPMENT RENTAL & CONTRACTING W.L.L.,Equipment Rental,Heavy equipment rental & contracting,High,Name-derived
DEUTSCHE LUFTHANSA AG,Aviation,Airline,High,Name-derived
DEUTSCHE LUFTHANSA AG,Aviation,Airline,High,Name-derived
DEUTSCHE LUFTHANSA AG,Aviation,Airline,High,Name-derived
DEUTSCHE LUFTHANSA AG,Aviation,Airline,High,Name-derived
DEUTSCHE LUFTHANSA AG,Aviation,Airline,High,Name-derived
DEUTSCHE LUFTHANSA AG,Aviation,Airline,High,Name-derived
DEXTER CAPITAL FINANCIAL CONSULTANCY LLC,Financial Services,Financial consultancy,High,Name-derived
DEXTER CAPITAL FINANCIAL CONSULTANCY LLC,Financial Services,Financial consultancy,High,Name-derived
DFC MIDDLE EAST LIMITED BRANCH,Unclassified,Searched - no public business description found,Low,Web-verified
DFC MIDDLE EAST LIMITED BRANCH,Unclassified,Searched - no public business description found,Low,Web-verified
DFC MIDDLE EAST LIMITED BRANCH,Unclassified,Searched - no public business description found,Low,Web-verified
DIAL A BATTERY AUTO SERVICE CENTRE,Automotive Services,Battery replacement & roadside,High,Name-derived
DIAL A BATTERY AUTO SERVICE CENTRE,Automotive Services,Battery replacement & roadside,High,Name-derived
DIAL A BATTERY AUTO SERVICE CENTRE,Automotive Services,Battery replacement & roadside,High,Name-derived
DICETEK LLC,IT Services,IT consulting & managed services,High,Name-derived
DICETEK LLC,IT Services,IT consulting & managed services,High,Name-derived
DICETEK LLC,IT Services,IT consulting & managed services,High,Name-derived
DICETEK LLC,IT Services,IT consulting & managed services,High,Name-derived
DIGITAL OFFICE LLC,IT Services,Office automation & IT solutions,High,Name-derived
DIGITAL OFFICE LLC,IT Services,Office automation & IT solutions,High,Name-derived
DISTRIBUCORP GULF FZE,Distribution,Consumer goods distribution,Medium,Name-derived
DISTRIBUCORP GULF FZE,Distribution,Consumer goods distribution,Medium,Name-derived
DISTRIBUCORP GULF FZE,Distribution,Consumer goods distribution,Medium,Name-derived
DISTRIBUCORP GULF FZE,Distribution,Consumer goods distribution,Medium,Name-derived
DIVA ABAYA COUTURE GARMENTS TRADING LLC,Textiles & Apparel Trading,Abaya & couture retail,High,Name-derived
DIVA ABAYA COUTURE GARMENTS TRADING LLC,Textiles & Apparel Trading,Abaya & couture retail,High,Name-derived
DIVERS GROUP LLC,Marine Services,Commercial diving & underwater works,High,Name-derived
DIVERS GROUP LLC,Marine Services,Commercial diving & underwater works,High,Name-derived
DIVERS GROUP LLC,Marine Services,Commercial diving & underwater works,High,Name-derived
DIVERS GROUP LLC,Marine Services,Commercial diving & underwater works,High,Name-derived
DIVERS GROUP LLC,Marine Services,Commercial diving & underwater works,High,Name-derived
DNA DATA & ANALYTICS SOLUTIONS,IT Services,Data & analytics consulting,High,Name-derived
DNA DATA & ANALYTICS SOLUTIONS,IT Services,Data & analytics consulting,High,Name-derived
DOHA QUARRY LLC,Mining & Quarrying,Aggregates & quarry products,High,Name-derived
DOHA QUARRY LLC,Mining & Quarrying,Aggregates & quarry products,High,Name-derived
DOHA QUARRY LLC,Mining & Quarrying,Aggregates & quarry products,High,Name-derived
DOMUS FLOWER LLC,Florist & Gifts,Flowers retail,High,Name-derived
DOMUS FLOWER LLC,Florist & Gifts,Flowers retail,High,Name-derived
DOMUS FLOWER LLC,Florist & Gifts,Flowers retail,High,Name-derived
DR. MOOPENS HEALTH CARE MANAGEMENT SERVICES,Healthcare,Hospital & clinic group management (Aster),High,Name-derived
DRAW LINK GROUP,Fit-Out & Joinery,Design & fit-out contracting,High,Name-derived
DUBAI AIR WING,Aviation,Government VIP flight operations,High,Name-derived
DUBAI AIR WING,Aviation,Government VIP flight operations,High,Name-derived
DUBAI AIR WING,Aviation,Government VIP flight operations,High,Name-derived
DUBAI FURNITURE MANUFACTURING LLC,Manufacturing - Furniture,Furniture production,High,Name-derived
DUBAI FURNITURE MANUFACTURING LLC,Manufacturing - Furniture,Furniture production,High,Name-derived
DUBAI MARINE BEACH RESORT AND SPA,Hospitality,Hotel & resort,High,Name-derived
DUBAI MARINE BEACH RESORT AND SPA,Hospitality,Hotel & resort,High,Name-derived
DUBAI MARINE BEACH RESORT AND SPA,Hospitality,Hotel & resort,High,Name-derived
DUBATT BATTERY RECYCLING LLC,Recycling & Waste,Lead-acid battery recycling,High,Name-derived
DUBATT BATTERY RECYCLING LLC,Recycling & Waste,Lead-acid battery recycling,High,Name-derived
DUBATT BATTERY RECYCLING LLC,Recycling & Waste,Lead-acid battery recycling,High,Name-derived
DUBATT BATTERY RECYCLING LLC,Recycling & Waste,Lead-acid battery recycling,High,Name-derived
DUNCAN & ROSS,HR & Recruitment,Talent consulting & recruitment,High,Name-derived
DUNCAN & ROSS,HR & Recruitment,Talent consulting & recruitment,High,Name-derived
DUNCAN & ROSS,HR & Recruitment,Talent consulting & recruitment,High,Name-derived
DUNCAN & ROSS,HR & Recruitment,Talent consulting & recruitment,High,Name-derived
DUNCAN & ROSS,HR & Recruitment,Talent consulting & recruitment,High,Name-derived
DUNCAN & ROSS,HR & Recruitment,Talent consulting & recruitment,High,Name-derived
DUPHARM LLC,Pharmaceuticals,Pharmaceutical distribution,High,Name-derived
DUPHARM LLC,Pharmaceuticals,Pharmaceutical distribution,High,Name-derived
DUPHARM LLC,Pharmaceuticals,Pharmaceutical distribution,High,Name-derived
DURA PRINTING MATERIALS TRADING L.L.C.,Printing & Publishing,Printing materials supply,High,Name-derived
DURA PRINTING MATERIALS TRADING L.L.C.,Printing & Publishing,Printing materials supply,High,Name-derived
DXB PERFUMES FACTORY LLC,Manufacturing - Cosmetics,Perfume manufacturing,High,Name-derived
DYNAMICNORD MIDDLE EAST ASIA & AFRICA FZE,Sports & Outdoor Equipment,"Diving, swimming & watersports gear (DynamicNord brand)",High,Web-verified
DYNAMICS AXIS SOFTWARE HOUSE LLC,Software & ERP,Microsoft Dynamics ERP partner,High,Name-derived
EASTERN MORRIS CRANES CO. LTD,Industrial Equipment,Cranes & lifting equipment,High,Name-derived
EBONITE DECOR LLC,Fit-Out & Joinery,Interior decor & fit-out,High,Name-derived
EBONITE DECOR LLC,Fit-Out & Joinery,Interior decor & fit-out,High,Name-derived
EBONITE DECOR LLC,Fit-Out & Joinery,Interior decor & fit-out,High,Name-derived
EBONITE DECOR LLC,Fit-Out & Joinery,Interior decor & fit-out,High,Name-derived
ECO KRAFT INDUSTRIES L.L.C,Manufacturing - Paper & Packaging,Kraft paper & packaging,High,Name-derived
ECO KRAFT INDUSTRIES L.L.C,Manufacturing - Paper & Packaging,Kraft paper & packaging,High,Name-derived
EDO DEPARTMENT STORE L.L.C.,Retail,Department store,High,Name-derived
EDO DEPARTMENT STORE L.L.C.,Retail,Department store,High,Name-derived
EDO DEPARTMENT STORE L.L.C.,Retail,Department store,High,Name-derived
EDO DEPARTMENT STORE L.L.C.,Retail,Department store,High,Name-derived
EDO DEPARTMENT STORE L.L.C.,Retail,Department store,High,Name-derived
EDO DEPARTMENT STORE L.L.C.,Retail,Department store,High,Name-derived
EDO DEPARTMENT STORE L.L.C.,Retail,Department store,High,Name-derived
EDO DEPARTMENT STORE L.L.C.,Retail,Department store,High,Name-derived
EDO DEPARTMENT STORE L.L.C.,Retail,Department store,High,Name-derived
EHAF CONSULTING ENGINEERS,Engineering Consultancy,Design & supervision consultancy,High,Name-derived
EHAF CONSULTING ENGINEERS,Engineering Consultancy,Design & supervision consultancy,High,Name-derived
ELECTROFOS DESIGNS LLC,Electrical Trading,Lighting design & supply,High,Name-derived
ELECTROFOS DESIGNS LLC,Electrical Trading,Lighting design & supply,High,Name-derived
ELECTROMECH FZE,MEP & Electromechanical,Electromechanical services,Medium,Name-derived
ELEMEC ELECTROMECHANICAL CONTRACTING LLC,MEP & Electromechanical,MEP contracting & services,Medium,Name-derived
ELEMEC ELECTROMECHANICAL CONTRACTING LLC,MEP & Electromechanical,MEP contracting & services,Medium,Name-derived
ELEMEC ELECTROMECHANICAL CONTRACTING LLC,MEP & Electromechanical,MEP contracting & services,Medium,Name-derived
ELEMEC ELECTROMECHANICAL CONTRACTING LLC,MEP & Electromechanical,MEP contracting & services,Medium,Name-derived
ELEMEC ELECTROMECHANICAL CONTRACTING LLC,MEP & Electromechanical,MEP contracting & services,Medium,Name-derived
ELEMEC ELECTROMECHANICAL CONTRACTING LLC,MEP & Electromechanical,MEP contracting & services,Medium,Name-derived
ELEVATE GLOBAL FZE,Events & Exhibitions,Event staffing & brand activation,Medium,Web-verified
ELITE HORIZON GENERAL TRADING LLC,Trading & Distribution,General trading & wholesale,Medium,Name-derived
ELPAN GENERAL TRADING LLC,Trading & Distribution,General trading & wholesale,Medium,Name-derived
EMAC ELECTROMECHANICAL L.L.C,MEP & Electromechanical,MEP contracting & services,Medium,Name-derived
EMAC ELECTROMECHANICAL L.L.C,MEP & Electromechanical,MEP contracting & services,Medium,Name-derived
EMINENT CONTRACTING L.L.C.,Construction & Contracting,Building & civil contracting,Medium,Name-derived
EMINENT CONTRACTING L.L.C.,Construction & Contracting,Building & civil contracting,Medium,Name-derived
EMINENT CONTRACTING L.L.C.,Construction & Contracting,Building & civil contracting,Medium,Name-derived
EMINENT CONTRACTING L.L.C.,Construction & Contracting,Building & civil contracting,Medium,Name-derived
EMINENT CONTRACTING L.L.C.,Construction & Contracting,Building & civil contracting,Medium,Name-derived
EMIRATES CRANES TRADING LLC,Industrial Equipment,Cranes & lifting equipment,High,Name-derived
EMIRATES CRANES TRADING LLC,Industrial Equipment,Cranes & lifting equipment,High,Name-derived
EMIRATES CRANES TRADING LLC,Industrial Equipment,Cranes & lifting equipment,High,Name-derived
EMIRATES GOLD DMCC,Jewellery & Precious Metals,Gold refining & bullion,High,Name-derived
EMIRATES GOLD DMCC,Jewellery & Precious Metals,Gold refining & bullion,High,Name-derived
EMIRATES GOLD DMCC,Jewellery & Precious Metals,Gold refining & bullion,High,Name-derived
EMIRATES GOLD DMCC,Jewellery & Precious Metals,Gold refining & bullion,High,Name-derived
EMIRATES GOLD DMCC,Jewellery & Precious Metals,Gold refining & bullion,High,Name-derived
EMIRATES GOLD DMCC,Jewellery & Precious Metals,Gold refining & bullion,High,Name-derived
EMIRATES GOLD DMCC,Jewellery & Precious Metals,Gold refining & bullion,High,Name-derived
EMIRATES GOLD FZCO,Jewellery & Precious Metals,Gold refining & bullion,High,Name-derived
EMIRATES GOLD FZCO,Jewellery & Precious Metals,Gold refining & bullion,High,Name-derived
EMIRATES GOLD FZCO,Jewellery & Precious Metals,Gold refining & bullion,High,Name-derived
EMIRATES GOLD FZCO,Jewellery & Precious Metals,Gold refining & bullion,High,Name-derived
EMIRATES GOLD FZCO,Jewellery & Precious Metals,Gold refining & bullion,High,Name-derived
EMIRATES GOLD FZCO,Jewellery & Precious Metals,Gold refining & bullion,High,Name-derived
EMIRATES GOLD FZCO,Jewellery & Precious Metals,Gold refining & bullion,High,Name-derived
EMIRATES MACARONI FACTORY LLC,Manufacturing - Food,Pasta & macaroni production,High,Name-derived
EMIRATES MACARONI FACTORY LLC,Manufacturing - Food,Pasta & macaroni production,High,Name-derived
EMIRATES MACARONI FACTORY LLC,Manufacturing - Food,Pasta & macaroni production,High,Name-derived
EMIRATES NATIONAL COPPER FACTORY LLC,Manufacturing - Metals,Copper products,High,Name-derived
EMIRATES NATIONAL COPPER FACTORY LLC,Manufacturing - Metals,Copper products,High,Name-derived
EMIRATES NATIONAL COPPER FACTORY LLC,Manufacturing - Metals,Copper products,High,Name-derived
EMIRATES NATIONAL COPPER FACTORY LLC,Manufacturing - Metals,Copper products,High,Name-derived
EMIRATES NATIONAL COPPER FACTORY LLC,Manufacturing - Metals,Copper products,High,Name-derived
EMIRATES NATIONAL COPPER FACTORY LLC,Manufacturing - Metals,Copper products,High,Name-derived
EMIRATES NATIONAL COPPER FACTORY LLC,Manufacturing - Metals,Copper products,High,Name-derived
EMIRATES NATIONAL COPPER FACTORY LLC,Manufacturing - Metals,Copper products,High,Name-derived
EMIRATES ROYAL HOLDING LLC,Investment & Holding,Holding company,Medium,Name-derived
EMIRATES SPECIALIZED CONTRACTING & OILFIELD SERVICES L.L.C,Oil & Gas Services,Oilfield contracting,High,Name-derived
EMIRATES SPECIALIZED CONTRACTING & OILFIELD SERVICES L.L.C,Oil & Gas Services,Oilfield contracting,High,Name-derived
ENCO VENTURES GENERAL TRADING LLC,Trading & Distribution,General trading & wholesale,Medium,Name-derived
ENCO VENTURES GENERAL TRADING LLC,Trading & Distribution,General trading & wholesale,Medium,Name-derived
ENCO VENTURES GENERAL TRADING LLC,Trading & Distribution,General trading & wholesale,Medium,Name-derived
ENCO VENTURES GENERAL TRADING LLC,Trading & Distribution,General trading & wholesale,Medium,Name-derived
ENCO VENTURES GENERAL TRADING LLC,Trading & Distribution,General trading & wholesale,Medium,Name-derived
ENCO VENTURES GENERAL TRADING LLC,Trading & Distribution,General trading & wholesale,Medium,Name-derived
ENCO VENTURES GENERAL TRADING LLC,Trading & Distribution,General trading & wholesale,Medium,Name-derived
ENFORCE SECURITY SERVICE LLC,Security Services,Manned guarding,High,Name-derived
ENFORCE SECURITY SERVICE LLC,Security Services,Manned guarding,High,Name-derived
ENFORCE SECURITY SERVICE LLC,Security Services,Manned guarding,High,Name-derived
ENFORCE SECURITY SERVICE LLC,Security Services,Manned guarding,High,Name-derived
ENGINEERING SOLUTIONS ELECTROMECHANICAL & GENERAL CONTRACTING LLC,MEP & Electromechanical,MEP contracting & services,Medium,Name-derived
ENGINEERING SOLUTIONS ELECTROMECHANICAL & GENERAL CONTRACTING LLC,MEP & Electromechanical,MEP contracting & services,Medium,Name-derived
ENGINEERING SOLUTIONS ELECTROMECHANICAL & GENERAL CONTRACTING LLC,MEP & Electromechanical,MEP contracting & services,Medium,Name-derived
ENGINEERING SOLUTIONS ELECTROMECHANICAL & GENERAL CONTRACTING LLC,MEP & Electromechanical,MEP contracting & services,Medium,Name-derived
ENGINEERING SOLUTIONS ELECTROMECHANICAL & GENERAL CONTRACTING LLC,MEP & Electromechanical,MEP contracting & services,Medium,Name-derived
ENGINEERING SOLUTIONS ELECTROMECHANICAL & GENERAL CONTRACTING LLC,MEP & Electromechanical,MEP contracting & services,Medium,Name-derived
ENGINEERING UNIT GENERAL CONTRACTING LLC,Construction & Contracting,Building & civil contracting,Medium,Name-derived
ENGINEERING UNIT GENERAL CONTRACTING LLC,Construction & Contracting,Building & civil contracting,Medium,Name-derived
ENGINEERING UNIT GENERAL CONTRACTING LLC,Construction & Contracting,Building & civil contracting,Medium,Name-derived
ENGINEERING UNIT GENERAL CONTRACTING LLC,Construction & Contracting,Building & civil contracting,Medium,Name-derived
ENGINEERING UNIT GENERAL CONTRACTING LLC,Construction & Contracting,Building & civil contracting,Medium,Name-derived
ENGINEERS MIDDLE EAST FZCO,Engineering Services,Engineering services,Medium,Name-derived
ENGINEERS MIDDLE EAST FZCO,Engineering Services,Engineering services,Medium,Name-derived
ENGINEERS MIDDLE EAST FZCO,Engineering Services,Engineering services,Medium,Name-derived
ENLITE TECHNOLOGIES DMCC,Electrical Trading,Lighting technology,High,Name-derived
ENLITE TECHNOLOGIES DMCC,Electrical Trading,Lighting technology,High,Name-derived
ENNCON GENERAL TRADING LLC,Trading & Distribution,General trading & wholesale,Medium,Name-derived
ENNCON GENERAL TRADING LLC,Trading & Distribution,General trading & wholesale,Medium,Name-derived
EPICURE CATERING - HEALTH FACTORY,Food Service,Catering & meal production,High,Name-derived
EPICURE CATERING - HEALTH FACTORY,Food Service,Catering & meal production,High,Name-derived
EPICURE CATERING - HEALTH FACTORY,Food Service,Catering & meal production,High,Name-derived
EPICURE CATERING - HEALTH FACTORY,Food Service,Catering & meal production,High,Name-derived
EPICURE CATERING - HEALTH FACTORY,Food Service,Catering & meal production,High,Name-derived
EPICURE CATERING - HEALTH FACTORY,Food Service,Catering & meal production,High,Name-derived
EPICURE CATERING - HEALTH FACTORY,Food Service,Catering & meal production,High,Name-derived
EPICURE CATERING - HEALTH FACTORY,Food Service,Catering & meal production,High,Name-derived
EPICURE CATERING - HEALTH FACTORY,Food Service,Catering & meal production,High,Name-derived
EPICURE CATERING - HEALTH FACTORY,Food Service,Catering & meal production,High,Name-derived
EQUIPTEC EQUIPMENTS REPAIRING L.L.C,Equipment Maintenance,Equipment repair,High,Name-derived
EQUIPTEC EQUIPMENTS REPAIRING L.L.C,Equipment Maintenance,Equipment repair,High,Name-derived
ESMAEIL MOHD BAYGAN FURNITURE TRDG. LLC,Furniture & Interiors,Furniture trading,High,Name-derived
ESMAEIL MOHD BAYGAN FURNITURE TRDG. LLC,Furniture & Interiors,Furniture trading,High,Name-derived
ESMAEIL MOHD BAYGAN FURNITURE TRDG. LLC,Furniture & Interiors,Furniture trading,High,Name-derived
ESSAMEL SAID EXPORT & IMPORT,Trading & Distribution,Import / export,Medium,Name-derived
ESTEKANA CAFE LLC,Food Service,Cafe,High,Name-derived
ESTIDAMA ENGINEERING CONSULTING – SOLE PROPRIETORSHIP L.L.C.,Engineering Consultancy,Engineering consultancy,High,Name-derived
EURO BLAST MIDDLE EAST L.L.C,Metal Treatment Services,Blasting & painting services,High,Name-derived
EURO BLAST MIDDLE EAST L.L.C,Metal Treatment Services,Blasting & painting services,High,Name-derived
EURO BLAST MIDDLE EAST L.L.C,Metal Treatment Services,Blasting & painting services,High,Name-derived
EURO BLAST MIDDLE EAST L.L.C,Metal Treatment Services,Blasting & painting services,High,Name-derived
EURO BLAST MIDDLE EAST L.L.C,Metal Treatment Services,Blasting & painting services,High,Name-derived
EURO BLAST MIDDLE EAST L.L.C,Metal Treatment Services,Blasting & painting services,High,Name-derived
EURO EMIRATES ELECTRO MECHANICAL SERVICES LLC,MEP & Electromechanical,MEP contracting & services,Medium,Name-derived
EURO EMIRATES ELECTRO MECHANICAL SERVICES LLC,MEP & Electromechanical,MEP contracting & services,Medium,Name-derived
EUROPE STRONG FORCE POST TENSIONING LLC,Construction Services,Post-tensioning specialist,High,Name-derived
EUROPE STRONG FORCE POST TENSIONING LLC,Construction Services,Post-tensioning specialist,High,Name-derived
EUROPEAN AUTOSPARES FZC,Automotive Parts Trading,Vehicle spare parts & accessories,Medium,Name-derived
EUROPEAN AUTOSPARES FZC & AR Motors,Automotive Parts Trading,Vehicle spare parts & accessories,Medium,Name-derived
EUROPEAN AUTOSPARES FZC & AR Motors,Automotive Parts Trading,Vehicle spare parts & accessories,Medium,Name-derived
EUROPEAN AUTOSPARES FZC & AR Motors,Automotive Parts Trading,Vehicle spare parts & accessories,Medium,Name-derived
EUROPEAN AUTOSPARES FZC & AR Motors,Automotive Parts Trading,Vehicle spare parts & accessories,Medium,Name-derived
EUROPEAN AUTOSPARES FZC & AR Motors,Automotive Parts Trading,Vehicle spare parts & accessories,Medium,Name-derived
EUROPEAN AUTOSPARES TRADING LLC,Automotive Parts Trading,Vehicle spare parts & accessories,Medium,Name-derived
EUROPEAN BAKERY,Manufacturing - Food,Bakery,High,Name-derived
EUROPEAN BAKERY (BR OF AW BIN SHABIB INVESTEMENT LLC),Manufacturing - Food,Bakery,High,Name-derived
EUROSTAR AUTO SPARE PARTS TRADING,Automotive Parts Trading,Vehicle spare parts & accessories,Medium,Name-derived
EVA INTERIOR FITOUTS,Fit-Out & Joinery,Interior fit-out,High,Name-derived
EVA INTERIOR FITOUTS,Fit-Out & Joinery,Interior fit-out,High,Name-derived
EVA INTERIOR FITOUTS,Fit-Out & Joinery,Interior fit-out,High,Name-derived
EVA INTERIOR FITOUTS,Fit-Out & Joinery,Interior fit-out,High,Name-derived
EVERGREEN FOOD STUFF TRD. LLC,Food & Beverage Trading,Foodstuff wholesale & distribution,Medium,Name-derived
EVERGREEN FOOD STUFF TRD. LLC,Food & Beverage Trading,Foodstuff wholesale & distribution,Medium,Name-derived
EVERGREEN FOOD STUFF TRD. LLC,Food & Beverage Trading,Foodstuff wholesale & distribution,Medium,Name-derived
EVERGREEN FOOD STUFF TRD. LLC,Food & Beverage Trading,Foodstuff wholesale & distribution,Medium,Name-derived
EVERSHINE ELECT. SWITCHGEAR MFG. L.L.C,Manufacturing - Electrical,LV switchgear panels,High,Name-derived
EVERSHINE ELECT. SWITCHGEAR MFG. L.L.C,Manufacturing - Electrical,LV switchgear panels,High,Name-derived
EVOLUTION EVENTS LLC,Events & Exhibitions,Event management,High,Name-derived
EXCEL ASTRA ENGINEERING & CONSTRUCTION LLC,Construction & Contracting,Building & civil contracting,Medium,Name-derived
EXCEL ASTRA ENGINEERING & CONSTRUCTION LLC,Construction & Contracting,Building & civil contracting,Medium,Name-derived
EXCEL ASTRA ENGINEERING & CONSTRUCTION LLC,Construction & Contracting,Building & civil contracting,Medium,Name-derived
EXCEL ASTRA ENGINEERING & CONSTRUCTION LLC,Construction & Contracting,Building & civil contracting,Medium,Name-derived
EXCEL ASTRA ENGINEERING & CONSTRUCTION LLC,Construction & Contracting,Building & civil contracting,Medium,Name-derived
EXCEL ASTRA ENGINEERING & CONSTRUCTION LLC,Construction & Contracting,Building & civil contracting,Medium,Name-derived
EXCEL INDUSTRY CO. LLC,Manufacturing,Industrial manufacturing,Low,Name-derived
EXCEL INDUSTRY CO. LLC,Manufacturing,Industrial manufacturing,Low,Name-derived
EXCEL INDUSTRY CO. LLC,Manufacturing,Industrial manufacturing,Low,Name-derived
EXCEL INDUSTRY CO. LLC,Manufacturing,Industrial manufacturing,Low,Name-derived
EXCEL INDUSTRY CO. LLC,Manufacturing,Industrial manufacturing,Low,Name-derived
EXCEL INDUSTRY CO. LLC,Manufacturing,Industrial manufacturing,Low,Name-derived
EXCEL INDUSTRY CO. LLC,Manufacturing,Industrial manufacturing,Low,Name-derived
EXCELLENCY GROUP OF MANAGEMENT COMPANIES,Professional Services,Business management services,Medium,Name-derived
EXCELLENCY GROUP OF MANAGEMENT COMPANIES,Professional Services,Business management services,Medium,Name-derived
EXOTIC FRUITS & VEGETABLES TRADING LLC,Fresh Produce & Grocery,Fruits & vegetables wholesale,Medium,Name-derived
EXPENZIA PTE. LTD.,Software & ERP,Spend management software,Medium,Name-derived
EXPERT UNITED MARINE SERVICES LLC,Marine Services,Marine services,High,Name-derived
EXPERT UNITED MARINE SERVICES LLC,Marine Services,Marine services,High,Name-derived
EXPRESS FLEXI PACK,Manufacturing - Paper & Packaging,Flexible packaging,High,Name-derived
EXTOL INTERNATIONAL FZC,Trading & Distribution,General trading,Low,Name-derived
EXTREME PERFORMANCE GARAGE LLC,Automotive Services,Performance vehicle workshop,High,Name-derived
F.A.H. GROUP,Diversified Group,Diversified group,Low,Name-derived
F1rst Motors L.L.C,Automotive Retail,Luxury & performance car dealership,High,Name-derived
F1rst Motors L.L.C,Automotive Retail,Luxury & performance car dealership,High,Name-derived
F1rst Motors L.L.C,Automotive Retail,Luxury & performance car dealership,High,Name-derived
FAB MASTER LAUNDRY LLC,Laundry Services,Commercial laundry,High,Name-derived
FAB MASTER LAUNDRY LLC,Laundry Services,Commercial laundry,High,Name-derived
FABRIC LIBRARY FZCO,Textiles & Apparel Trading,Furnishing fabrics,High,Name-derived
FACTS COMPUTER SOFTWARE HOUSE LLC,Software & ERP,ERP software vendor,High,Name-derived
FACTS COMPUTER SOFTWARE HOUSE LLC,Software & ERP,ERP software vendor,High,Name-derived
FACTS COMPUTER SOFTWARE HOUSE LLC,Software & ERP,ERP software vendor,High,Name-derived
FAITH HEALTHCARE MANAGEMENT LLC,Healthcare,Healthcare management,High,Name-derived
FAITH HEALTHCARE MANAGEMENT LLC,Healthcare,Healthcare management,High,Name-derived
FAITH HEALTHCARE MANAGEMENT LLC,Healthcare,Healthcare management,High,Name-derived
FAKHREE AL HINDI GROUP,Retail,"Imitation jewellery, cosmetics, fragrances & general goods wholesale",High,Web-verified
FAKHREE CENTER L.L.C.,Retail,"Imitation jewellery, cosmetics, fragrances & general goods wholesale",High,Web-verified
FAKIH IVF LIMITED,Healthcare,Fertility / IVF clinics,High,Name-derived
FALCON GLOBAL ARABIAN TRADING LLC,Trading & Distribution,General trading & wholesale,Medium,Name-derived
FALCON GLOBAL GENERAL TRADING CO LLC,Trading & Distribution,General trading & wholesale,Medium,Name-derived
FALCON GLOBAL GENERAL TRADING CO LLC,Trading & Distribution,General trading & wholesale,Medium,Name-derived
FALCON GLOBAL GENERAL TRADING CO LLC,Trading & Distribution,General trading & wholesale,Medium,Name-derived
FALCON GLOBAL GENERAL TRADING CO LLC,Trading & Distribution,General trading & wholesale,Medium,Name-derived
FALCON GLOBAL GENERAL TRADING CO LLC,Trading & Distribution,General trading & wholesale,Medium,Name-derived
FALCON PROFESSIONAL KITCHEN LLC,Commercial Kitchen Equipment,Professional kitchen equipment,High,Name-derived
FALCON PROFESSIONAL KITCHEN LLC,Commercial Kitchen Equipment,Professional kitchen equipment,High,Name-derived
FALCON PROFESSIONAL KITCHEN LLC,Commercial Kitchen Equipment,Professional kitchen equipment,High,Name-derived
FALCON PROFESSIONAL KITCHEN LLC,Commercial Kitchen Equipment,Professional kitchen equipment,High,Name-derived
FALCON PROFESSIONAL KITCHEN LLC,Commercial Kitchen Equipment,Professional kitchen equipment,High,Name-derived
FALCON PROFESSIONAL KITCHEN LLC,Commercial Kitchen Equipment,Professional kitchen equipment,High,Name-derived
FALCON PROFESSIONAL KITCHEN LLC,Commercial Kitchen Equipment,Professional kitchen equipment,High,Name-derived
FALCON PROFESSIONAL KITCHEN LLC,Commercial Kitchen Equipment,Professional kitchen equipment,High,Name-derived
FALCON PROFESSIONAL KITCHEN LLC,Commercial Kitchen Equipment,Professional kitchen equipment,High,Name-derived
FALCON TRADING LLC,Trading & Distribution,General trading,Low,Name-derived
FAMILY STAR CONSTRUCTION LLC,Construction & Contracting,Building & civil contracting,Medium,Name-derived
FAMILY STAR CONSTRUCTION LLC,Construction & Contracting,Building & civil contracting,Medium,Name-derived
FAMILY STAR CONSTRUCTION LLC,Construction & Contracting,Building & civil contracting,Medium,Name-derived
FAMILY STAR CONSTRUCTION LLC,Construction & Contracting,Building & civil contracting,Medium,Name-derived
FAMILY STAR CONSTRUCTION LLC,Construction & Contracting,Building & civil contracting,Medium,Name-derived
FAMILY TEX CURTAINS FABRICS TRADING LLC,Textiles & Apparel Trading,Curtains & fabrics,High,Name-derived
FAMILY TEX CURTAINS FABRICS TRADING LLC,Textiles & Apparel Trading,Curtains & fabrics,High,Name-derived
FAMILY TEX CURTAINS FABRICS TRADING LLC,Textiles & Apparel Trading,Curtains & fabrics,High,Name-derived
FARM VALE FRUITS AND VEGETABLES TRADING LLC,Fresh Produce & Grocery,Fruits & vegetables wholesale,Medium,Name-derived
FARM VALE FRUITS AND VEGETABLES TRADING LLC,Fresh Produce & Grocery,Fruits & vegetables wholesale,Medium,Name-derived
FARM VALE FRUITS AND VEGETABLES TRADING LLC,Fresh Produce & Grocery,Fruits & vegetables wholesale,Medium,Name-derived
FARMEX FRESHIA TRADING LLC,Trading & Distribution,General trading & wholesale,Medium,Name-derived
FARMEX FRESHIA TRADING LLC,Trading & Distribution,General trading & wholesale,Medium,Name-derived
FARMEX FRESHIA TRADING LLC,Trading & Distribution,General trading & wholesale,Medium,Name-derived
FARMEX FRESHIA TRADING LLC,Trading & Distribution,General trading & wholesale,Medium,Name-derived
FAST LANE GLOBAL TRADING LLC,Trading & Distribution,General trading & wholesale,Medium,Name-derived
FASTEC INDUSTRIES LLC,Manufacturing,Industrial manufacturing,Low,Name-derived
FASTEC INDUSTRIES LLC,Manufacturing,Industrial manufacturing,Low,Name-derived
FASTEC INDUSTRIES LLC,Manufacturing,Industrial manufacturing,Low,Name-derived
FATIMA BINT MUBARAK LADIES SPORTS ACADEMY,Sports & Recreation,Sports academy,High,Name-derived
FCBC BUILDING CONTRACTING LLC,Construction & Contracting,Building & civil contracting,Medium,Name-derived
FCBC BUILDING CONTRACTING LLC,Construction & Contracting,Building & civil contracting,Medium,Name-derived
FCBC BUILDING CONTRACTING LLC,Construction & Contracting,Building & civil contracting,Medium,Name-derived
FEATHER TOUCH INDUSTRIES LLC,Manufacturing,Industrial manufacturing,Low,Name-derived
FEET WASTE TRANSPORTER,Recycling & Waste,Waste transport,Medium,Name-derived
FENGO METALS ENGINEERING,Manufacturing - Metals,Metal fabrication,High,Name-derived
FERROFAB FZE,Manufacturing - Steel Fabrication,Steel fabrication,High,Name-derived
FERROSTAAL EQUIPMENT SOLUTIONS FZE,Industrial Equipment,Industrial plant & equipment supply,High,Name-derived
FERROSTAAL TECHNOLOGY SOLUTIONS LLC,Industrial Equipment,Industrial plant & equipment supply,High,Name-derived
FIBRE FRUITS TRADING,Fresh Produce & Grocery,Fruits & vegetables wholesale,Medium,Name-derived
FIBRE FRUITS TRADING,Fresh Produce & Grocery,Fruits & vegetables wholesale,Medium,Name-derived
FINE FIELD TRADING LLC,Trading & Distribution,General trading & wholesale,Medium,Name-derived
FINE FRUITS TRADING L. L. C,Fresh Produce & Grocery,Fruits & vegetables wholesale,Medium,Name-derived
FINESSE FABRICS & FURNITURE TRADING,Furniture & Interiors,Fabrics & furniture trading,High,Name-derived
FINOTECH SILICONE CHEMICALS LLC,Manufacturing - Chemicals,Silicones & sealants,High,Name-derived
FINOTECH SILICONE CHEMICALS LLC,Manufacturing - Chemicals,Silicones & sealants,High,Name-derived
FIRE TECH FIRE FIGHTING LLC,Fire & Safety,Fire protection systems,High,Name-derived
FIRST AXIS AUTO SPARE PARTS,Automotive Parts Trading,Vehicle spare parts & accessories,Medium,Name-derived
FIRST SECURITY GROUP LLC,Security Services,Manned guarding & systems,High,Name-derived
FIRST SECURITY GROUP LLC,Security Services,Manned guarding & systems,High,Name-derived
FIRST SOURCE STEELWARE TRADING LLC,Steel & Metals Trading,Steel products trading,High,Name-derived
FIRST SOURCE STEELWARE TRADING LLC,Steel & Metals Trading,Steel products trading,High,Name-derived
FIVE STAR TEXTILES L.L.C.,Textiles & Apparel Trading,Textile trading,High,Name-derived
FLM AUTO SPARE PARTS TRADING LLC,Automotive Parts Trading,Vehicle spare parts & accessories,Medium,Name-derived
FLM AUTO SPARE PARTS TRADING LLC,Automotive Parts Trading,Vehicle spare parts & accessories,Medium,Name-derived
FLM AUTO SPARE PARTS TRADING LLC,Automotive Parts Trading,Vehicle spare parts & accessories,Medium,Name-derived
FLM AUTO SPARE PARTS TRADING LLC,Automotive Parts Trading,Vehicle spare parts & accessories,Medium,Name-derived
FLM AUTO SPARE PARTS TRADING LLC,Automotive Parts Trading,Vehicle spare parts & accessories,Medium,Name-derived
FLM AUTO SPARE PARTS TRADING LLC,Automotive Parts Trading,Vehicle spare parts & accessories,Medium,Name-derived
FLM AUTO SPARE PARTS TRADING LLC,Automotive Parts Trading,Vehicle spare parts & accessories,Medium,Name-derived
FLM AUTO SPARE PARTS TRADING LLC,Automotive Parts Trading,Vehicle spare parts & accessories,Medium,Name-derived
FLOORTEX FURNISHINGS,Furniture & Interiors,Flooring & furnishings,High,Name-derived
FLOORTEX FURNISHINGS,Furniture & Interiors,Flooring & furnishings,High,Name-derived
FLUX LIGHT GENERAL TRADING LLC,Electrical Trading,Lighting products,High,Name-derived
FOCUZ AUTO SPARE PARTS L. L. C,Automotive Parts Trading,Vehicle spare parts & accessories,Medium,Name-derived
FOREVER ROSE LONDON,Florist & Gifts,Preserved roses & luxury gifts,High,Name-derived
FOREVER ROSE LONDON,Florist & Gifts,Preserved roses & luxury gifts,High,Name-derived
FORTUNE ENGINEERING & ENERGY SERVICES L.L.C,Oil & Gas Services,Engineering & energy services,High,Name-derived
FORTUNE ENGINEERING & ENERGY SERVICES L.L.C,Oil & Gas Services,Engineering & energy services,High,Name-derived
FORTUNE ENGINEERING & ENERGY SERVICES L.L.C,Oil & Gas Services,Engineering & energy services,High,Name-derived
FORTUNE ENGINEERING & ENERGY SERVICES L.L.C.,Oil & Gas Services,Engineering & energy services,High,Name-derived
FORTUNE ENGINEERING & ENERGY SERVICES L.L.C.,Oil & Gas Services,Engineering & energy services,High,Name-derived
FORTUNE ENGINEERING & ENERGY SERVICES SAUDI LTD.,Oil & Gas Services,Engineering & energy services,High,Name-derived
FORTUNE FIVE GENERAL TRADING LLC,Trading & Distribution,General trading & wholesale,Medium,Name-derived
FORTUNE FIVE GENERAL TRADING LLC,Trading & Distribution,General trading & wholesale,Medium,Name-derived
FORTUNE FIVE GENERAL TRADING LLC,Trading & Distribution,General trading & wholesale,Medium,Name-derived
FOTOFUN COLOR LAB,Retail,Photo lab & printing services,High,Name-derived
FOTOFUN COLOR LAB,Retail,Photo lab & printing services,High,Name-derived
FOURTECH ENGINEERING L.L.C,Engineering Services,Engineering services,Medium,Name-derived
FOURTECH ENGINEERING L.L.C,Engineering Services,Engineering services,Medium,Name-derived
FOURTECH ENGINEERING L.L.C,Engineering Services,Engineering services,Medium,Name-derived
FOURTECH ENGINEERING L.L.C,Engineering Services,Engineering services,Medium,Name-derived
FOURTECH ENGINEERING L.L.C,Engineering Services,Engineering services,Medium,Name-derived
FOURTECH ENGINEERING L.L.C,Engineering Services,Engineering services,Medium,Name-derived
FOURTECH ENGINEERING L.L.C,Engineering Services,Engineering services,Medium,Name-derived
FOURTECH INDUSTRIES LLC,Manufacturing,Industrial manufacturing,Low,Name-derived
FOURTECH INDUSTRIES LLC,Manufacturing,Industrial manufacturing,Low,Name-derived
FOURTECH INDUSTRIES LLC,Manufacturing,Industrial manufacturing,Low,Name-derived
FOURTECH INDUSTRIES LLC,Manufacturing,Industrial manufacturing,Low,Name-derived
FOURTECH INDUSTRIES LLC,Manufacturing,Industrial manufacturing,Low,Name-derived
FOURTECH INDUSTRIES LLC,Manufacturing,Industrial manufacturing,Low,Name-derived
FOX ELECTRONICS FZ LLC,Consumer Electronics,Electronics distribution,High,Name-derived
FOX ELECTRONICS FZ LLC,Consumer Electronics,Electronics distribution,High,Name-derived
FOX ELECTRONICS FZ LLC,Consumer Electronics,Electronics distribution,High,Name-derived
FRENCH INTERNATIONAL PRIVATE SCHOOL SHJ L.L.C. SP,Education,K-12 international school,High,Name-derived
FRENCH INTERNATIONAL PRIVATE SCHOOL SHJ L.L.C. SP,Education,K-12 international school,High,Name-derived
FRESH SUPPLIES LLC,Trading & Distribution,General trading & wholesale,Medium,Name-derived
FRESH WORLD FRUITS TRADING,Fresh Produce & Grocery,Fruits & vegetables wholesale,Medium,Name-derived
FRESHER FLOWERS L.L.C-FZ,Florist & Gifts,Flowers wholesale,High,Name-derived
FRESHIA FOODSTUFF TRADING LLC,Food & Beverage Trading,Foodstuff wholesale & distribution,Medium,Name-derived
FRUITIFY GENERAL TRADING CO. LLC,Trading & Distribution,General trading & wholesale,Medium,Name-derived
FRUITS GARDEN TRADING LLC,Fresh Produce & Grocery,Fruits & vegetables wholesale,Medium,Name-derived
FRUITS GARDEN TRADING LLC,Fresh Produce & Grocery,Fruits & vegetables wholesale,Medium,Name-derived
FRUITS GARDEN TRADING LLC,Fresh Produce & Grocery,Fruits & vegetables wholesale,Medium,Name-derived
FRUITS GARDEN TRADING WLL,Fresh Produce & Grocery,Fruits & vegetables wholesale,Medium,Name-derived
FUJAIRAH PLASTIC FACTORY,Manufacturing - Plastics,Plastic products,High,Name-derived
FUJAIRAH PLASTIC FACTORY,Manufacturing - Plastics,Plastic products,High,Name-derived
FUSION CAFE LLC,Food Service,Cafe,High,Name-derived
FUSION CAFE LLC,Food Service,Cafe,High,Name-derived
FUSION CAFE LLC,Food Service,Cafe,High,Name-derived
FUSION CAFE LLC,Food Service,Cafe,High,Name-derived
FUSION CAFE LLC,Food Service,Cafe,High,Name-derived
FUSION CAFE LLC,Food Service,Cafe,High,Name-derived
FUSION CAFE LLC,Food Service,Cafe,High,Name-derived
FUTURE BOATS INDUSTRY L.L.C,Manufacturing - Marine,Boat building,High,Name-derived
GAAG GENERAL TRADING LLC,Trading & Distribution,General trading & wholesale,Medium,Name-derived
GAAG GENERAL TRADING LLC,Trading & Distribution,General trading & wholesale,Medium,Name-derived
GALADARI MOTOR DRIVING CENTER LLC,Education,Driving school,High,Name-derived
GALADARI MOTOR DRIVING CENTER LLC,Education,Driving school,High,Name-derived
GALADARI MOTOR DRIVING CENTER LLC,Education,Driving school,High,Name-derived
GALADARI MOTOR DRIVING CENTER LLC,Education,Driving school,High,Name-derived
GALAXY CONTRACTING L. L. C.,Construction & Contracting,Building & civil contracting,Medium,Name-derived
GALAXY TRADING LLC,Trading & Distribution,General trading,Low,Name-derived
GALAXY TRADING LLC,Trading & Distribution,General trading,Low,Name-derived
GALAXY TRADING LLC,Trading & Distribution,General trading,Low,Name-derived
GALAXY TRADING LLC,Trading & Distribution,General trading,Low,Name-derived
GALAXY TRADING LLC,Trading & Distribution,General trading,Low,Name-derived
GALAXY TRADING LLC,Trading & Distribution,General trading,Low,Name-derived
GALAXY TRADING LLC,Trading & Distribution,General trading,Low,Name-derived
GALLERY FOODS & BEVERAGES LLC,Food & Beverage Trading,Food & beverage supply,Medium,Name-derived
GALVANIZING SERVICES  L.L.C,Metal Treatment Services,Hot-dip galvanizing,High,Name-derived
GEAR UP EVENTS LLC,Events & Exhibitions,Event management,High,Name-derived
GEEBEE GARMENTS FZE,Manufacturing - Textiles,Garment manufacturing,High,Name-derived
GEEBEE GARMENTS FZE,Manufacturing - Textiles,Garment manufacturing,High,Name-derived
GEEPEE INDUSTRIES LTD,Manufacturing - Plastics,Plastic products manufacturing,Medium,Name-derived
GENERAL CERAMICS CO. SHARJAH JSC,Manufacturing - Building Products,Ceramic sanitaryware & tiles,High,Name-derived
GENERAL CERAMICS CO. SHARJAH JSC,Manufacturing - Building Products,Ceramic sanitaryware & tiles,High,Name-derived
GENERAL CERAMICS CO. SHARJAH JSC,Manufacturing - Building Products,Ceramic sanitaryware & tiles,High,Name-derived
GENERAL CERAMICS CO. SHARJAH JSC,Manufacturing - Building Products,Ceramic sanitaryware & tiles,High,Name-derived
GENERAL CERAMICS CO. SHARJAH JSC,Manufacturing - Building Products,Ceramic sanitaryware & tiles,High,Name-derived
GENERAL CERAMICS CO. SHARJAH JSC,Manufacturing - Building Products,Ceramic sanitaryware & tiles,High,Name-derived
GENERAL CONSTRUCTION COMPANY W.L.L.,Construction & Contracting,General contracting,High,Name-derived
GENERAL CONSTRUCTION COMPANY W.L.L.,Construction & Contracting,General contracting,High,Name-derived
GENERAL CONSTRUCTION COMPANY W.L.L.,Construction & Contracting,General contracting,High,Name-derived
GENERAL CONSTRUCTION COMPANY W.L.L.,Construction & Contracting,General contracting,High,Name-derived
GENERAL CONSTRUCTION COMPANY W.L.L.,Construction & Contracting,General contracting,High,Name-derived
GENERATIONS GENERAL TRADING LLC,Trading & Distribution,General trading & wholesale,Medium,Name-derived
GENERATIONS GENERAL TRADING LLC,Trading & Distribution,General trading & wholesale,Medium,Name-derived
GENERATIONS GENERAL TRADING LLC,Trading & Distribution,General trading & wholesale,Medium,Name-derived
GENERATIONS GENERAL TRADING LLC,Trading & Distribution,General trading & wholesale,Medium,Name-derived
GEOBIT INTERNATIONAL FZC,Industrial Distribution,Survey / geotechnical equipment,Medium,Name-derived
GEOBIT INTERNATIONAL FZC,Industrial Distribution,Survey / geotechnical equipment,Medium,Name-derived
GEOBIT INTERNATIONAL FZC,Industrial Distribution,Survey / geotechnical equipment,Medium,Name-derived
GEOBIT INTERNATIONAL FZC,Industrial Distribution,Survey / geotechnical equipment,Medium,Name-derived
GEOSAN CONSTRUCTION DYNAMICS,Construction & Contracting,Contracting,High,Name-derived
GEOSAN CONSTRUCTION DYNAMICS,Construction & Contracting,Contracting,High,Name-derived
GHANTOOT LANDSCAPING LLC,Landscaping,Landscape contracting,High,Name-derived
GHANTOOT LANDSCAPING LLC,Landscaping,Landscape contracting,High,Name-derived
GHANTOOT LANDSCAPING LLC,Landscaping,Landscape contracting,High,Name-derived
GHANTOOT LANDSCAPING LLC,Landscaping,Landscape contracting,High,Name-derived
GHANTOOT LANDSCAPING LLC,Landscaping,Landscape contracting,High,Name-derived
GHANTOOT PLASTIC INDUSTRIES,Manufacturing - Plastics,Plastic products,High,Name-derived
GHANTOOT PLASTIC INDUSTRIES,Manufacturing - Plastics,Plastic products,High,Name-derived
GHAZALCO TRADING EST,Trading & Distribution,General trading,Low,Name-derived
GHM INTERNATIONAL,Unclassified,Insufficient information in name,Low,Name-derived
GHOLAMI & ABEDI FRUITS & VEGITABLES CO. L.L.C,Fresh Produce & Grocery,Fruits & vegetables wholesale,Medium,Name-derived
GHOLAMI & ABEDI FRUITS & VEGITABLES CO. L.L.C,Fresh Produce & Grocery,Fruits & vegetables wholesale,Medium,Name-derived
GHOLAMI & ABEDI FRUITS & VEGITABLES CO. L.L.C,Fresh Produce & Grocery,Fruits & vegetables wholesale,Medium,Name-derived
GHULAMI GENERAL TRADING,Trading & Distribution,General trading & wholesale,Medium,Name-derived
GHULAMI GENERAL TRADING,Trading & Distribution,General trading & wholesale,Medium,Name-derived
GIESECKE+DEVRIENT CURRENCY TECHNOLOGY FZE,Technology,Currency handling & banknote systems,High,Name-derived
GIESECKE+DEVRIENT CURRENCY TECHNOLOGY FZE,Technology,Currency handling & banknote systems,High,Name-derived
GIIMOK TRADING FZ-LLC,Trading & Distribution,General trading & wholesale,Medium,Name-derived
GINCO CONTRACTING CO LLC,Construction & Contracting,Main contractor (GINCO group),High,Name-derived
GINCO CONTRACTING CO LLC,Construction & Contracting,Main contractor (GINCO group),High,Name-derived
GINCO CONTRACTING CO LLC,Construction & Contracting,Main contractor (GINCO group),High,Name-derived
GINCO CONTRACTING CO LLC,Construction & Contracting,Main contractor (GINCO group),High,Name-derived
GINCO CONTRACTING CO LLC,Construction & Contracting,Main contractor (GINCO group),High,Name-derived
GINCO CONTRACTING CO LLC,Construction & Contracting,Main contractor (GINCO group),High,Name-derived
GINCO CONTRACTING CO LLC,Construction & Contracting,Main contractor (GINCO group),High,Name-derived
GINCO CONTRACTING CO LLC,Construction & Contracting,Main contractor (GINCO group),High,Name-derived
GLAZE SERVICES LLC,Manufacturing - Building Products,Glass & glazing services,High,Name-derived
GLAZE SERVICES LLC,Manufacturing - Building Products,Glass & glazing services,High,Name-derived
GLOBAL HOSPITALITY LTD,Hospitality,Hospitality management,High,Name-derived
GLOBAL HOSPITALITY LTD,Hospitality,Hospitality management,High,Name-derived
GLOBAL HOSPITALITY LTD,Hospitality,Hospitality management,High,Name-derived
GLOBAL INCENTIVES TOURISM,Travel & Tourism,DMC / incentive travel,High,Name-derived
GLOBAL INVESTMENTS NV,Investment & Holding,Investment holding company,Medium,Name-derived
GLOBAL INVESTMENTS NV,Investment & Holding,Investment holding company,Medium,Name-derived
GLOBAL INVESTMENTS NV,Investment & Holding,Investment holding company,Medium,Name-derived
GLOBE CHEMICALS COMPANY LLC,Chemicals Distribution,Industrial chemicals trading,High,Name-derived
GLOBE CHEMICALS COMPANY LLC,Chemicals Distribution,Industrial chemicals trading,High,Name-derived
GLOBIRO GROWN FOODSTUFF TRADING - FZE,Food & Beverage Trading,Foodstuff wholesale & distribution,Medium,Name-derived
GLOMACS FZ LLC,Training & Consultancy,Corporate training provider,High,Name-derived
GLOMACS FZ LLC,Training & Consultancy,Corporate training provider,High,Name-derived
GMMOS GROUP INC.,Marine Services,Ship repair & marine engineering,High,Name-derived
GOBIND INTERNATIONAL FZCO,Trading & Distribution,General trading,Low,Name-derived
GOBIND INTERNATIONAL FZCO,Trading & Distribution,General trading,Low,Name-derived
GOBIND INTERNATIONAL FZCO,Trading & Distribution,General trading,Low,Name-derived
GODOBA PORTAL LLC,E-commerce,Online marketplace / portal,Medium,Name-derived
GODOBA PORTAL LLC,E-commerce,Online marketplace / portal,Medium,Name-derived
GODOBA PORTAL LLC,E-commerce,Online marketplace / portal,Medium,Name-derived
GODOBA PORTAL LLC,E-commerce,Online marketplace / portal,Medium,Name-derived
GOLD FRUIT INTERNATIONAL L.L.C.,Fresh Produce & Grocery,Fruits & vegetables wholesale,Medium,Name-derived
GOLD FRUIT INTERNATIONAL L.L.C.,Fresh Produce & Grocery,Fruits & vegetables wholesale,Medium,Name-derived
GOLDEN ARENA UNITED LLC,Manufacturing - Building Products,Aluminium & glass fabrication and accessories (Oman),High,Web-verified
GOLDEN BOX GENERAL TRADING LLC,Trading & Distribution,General trading & wholesale,Medium,Name-derived
GOLDEN DOVE GENERAL TRADING,Trading & Distribution,General trading & wholesale,Medium,Name-derived
GOLDEN DOVE GENERAL TRADING,Trading & Distribution,General trading & wholesale,Medium,Name-derived
GOLDEN DOVE GENERAL TRADING,Trading & Distribution,General trading & wholesale,Medium,Name-derived
GOLDEN FRUITS L.L.C.,Fresh Produce & Grocery,Fruits & vegetables wholesale,Medium,Name-derived
GOLDEN FRUITS L.L.C.,Fresh Produce & Grocery,Fruits & vegetables wholesale,Medium,Name-derived
GOLDEN RELIEF RESOURCES L.L.C,Construction & Contracting,"Construction, equipment leasing & procurement services",High,Web-verified
GOLDEN RELIEF RESOURCES L.L.C,Construction & Contracting,"Construction, equipment leasing & procurement services",High,Web-verified
GOLDEN RELIEF RESOURCES L.L.C,Construction & Contracting,"Construction, equipment leasing & procurement services",High,Web-verified
GOLDEN RELIEF RESOURCES L.L.C,Construction & Contracting,"Construction, equipment leasing & procurement services",High,Web-verified
GOLDEN RELIEF RESOURCES L.L.C,Construction & Contracting,"Construction, equipment leasing & procurement services",High,Web-verified
GOURMET HOUSE,Food Service,Gourmet food / catering,Medium,Name-derived
GOURMET HOUSE,Food Service,Gourmet food / catering,Medium,Name-derived
GRAND CITY LIMOUSINE SERVICES,Passenger Transport,Limousine services,High,Name-derived
GRANTEQ GENERAL TRADING LLC,AV & Systems Integration,AV distribution & integration,High,Name-derived
GRANTEQ GENERAL TRADING LLC,AV & Systems Integration,AV distribution & integration,High,Name-derived
GRANTEQ GENERAL TRADING LLC,AV & Systems Integration,AV distribution & integration,High,Name-derived
GREAT PACIFIC LLC,Steel & Metals Trading,"Steel, raw materials, minerals & petrochemicals trading",High,Web-verified
GREAT PACIFIC LLC,Steel & Metals Trading,"Steel, raw materials, minerals & petrochemicals trading",High,Web-verified
GREAT PACIFIC LLC,Steel & Metals Trading,"Steel, raw materials, minerals & petrochemicals trading",High,Web-verified
GREEN BELT FOODSTUFF L.L.C,Food & Beverage Trading,Foodstuff wholesale & distribution,Medium,Name-derived
GREEN BELT FOODSTUFF L.L.C,Food & Beverage Trading,Foodstuff wholesale & distribution,Medium,Name-derived
GREEN BELT FOODSTUFF L.L.C,Food & Beverage Trading,Foodstuff wholesale & distribution,Medium,Name-derived
GREEN BELT FOODSTUFF L.L.C,Food & Beverage Trading,Foodstuff wholesale & distribution,Medium,Name-derived
GREEN BELT FOODSTUFF L.L.C,Food & Beverage Trading,Foodstuff wholesale & distribution,Medium,Name-derived
GREEN BELT FOODSTUFF L.L.C,Food & Beverage Trading,Foodstuff wholesale & distribution,Medium,Name-derived
GREEN BELT STAR INTERNATIONAL COLD STORE,Food & Beverage Trading,Cold store & foodstuff distribution,High,Name-derived
GREEN COOLING L.L.C. SP,HVAC Services,Cooling & HVAC services,High,Name-derived
GREEN COOLING L.L.C. SP,HVAC Services,Cooling & HVAC services,High,Name-derived
GREEN COOLING L.L.C. SP,HVAC Services,Cooling & HVAC services,High,Name-derived
GREEN COOLING L.L.C. SP,HVAC Services,Cooling & HVAC services,High,Name-derived
GREEN HEALTH FOODSTUFF TRADING LLC,Food & Beverage Trading,Foodstuff wholesale & distribution,Medium,Name-derived
GREEN HEALTH FOODSTUFF TRADING LLC,Food & Beverage Trading,Foodstuff wholesale & distribution,Medium,Name-derived
GREEN HEALTH FOODSTUFF TRADING LLC,Food & Beverage Trading,Foodstuff wholesale & distribution,Medium,Name-derived
GREEN METRO GENERAL TRADING LLC,Trading & Distribution,General trading & wholesale,Medium,Name-derived
GREEN VALLEY TRADING LLC,Trading & Distribution,General trading & wholesale,Medium,Name-derived
GREEN VALLEY TRADING LLC,Trading & Distribution,General trading & wholesale,Medium,Name-derived
GREEN VALLEY TRADING LLC,Trading & Distribution,General trading & wholesale,Medium,Name-derived
GREENTECH THERMAL INSULATION PRODUCTS MANUFACTURING LLC,Manufacturing - Building Products,Thermal insulation products,High,Name-derived
GTGC TECHNICAL SERVICES LLC,Technical Services,Technical & maintenance services,Medium,Name-derived
GUANGZHOU AFRA INDUSTRIES CO. LTD.,Manufacturing,Manufacturing & export (China),Low,Name-derived
GUANGZHOU AFRA INDUSTRIES CO. LTD.,Manufacturing,Manufacturing & export (China),Low,Name-derived
GUANGZHOU AFRA INDUSTRIES CO. LTD.,Manufacturing,Manufacturing & export (China),Low,Name-derived
GUANGZHOU AFRA INDUSTRIES CO. LTD.,Manufacturing,Manufacturing & export (China),Low,Name-derived
GULF ASIA CONTRACTING CO. L.L.C (SOLE PROPRIETORSHIP),Construction & Contracting,Building & civil contracting,Medium,Name-derived
GULF ASIA CONTRACTING LLC,Construction & Contracting,Building & civil contracting,Medium,Name-derived
GULF ASIA CONTRACTING LLC,Construction & Contracting,Building & civil contracting,Medium,Name-derived
GULF ASIA CONTRACTING LLC,Construction & Contracting,Building & civil contracting,Medium,Name-derived
GULF ASIAN GENERAL TRADING L.L.C.,Trading & Distribution,General trading & wholesale,Medium,Name-derived
GULF ASIAN GENERAL TRADING L.L.C.,Trading & Distribution,General trading & wholesale,Medium,Name-derived
GULF ASIAN GENERAL TRADING L.L.C.,Trading & Distribution,General trading & wholesale,Medium,Name-derived
GULF ASIAN GENERAL TRADING L.L.C.,Trading & Distribution,General trading & wholesale,Medium,Name-derived
GULF FRUITS TRADE COMPANY LLC,Fresh Produce & Grocery,Fruits & vegetables wholesale,Medium,Name-derived
GULF FRUITS TRADE COMPANY LLC,Fresh Produce & Grocery,Fruits & vegetables wholesale,Medium,Name-derived
GULF FRUITS TRADE COMPANY LLC,Fresh Produce & Grocery,Fruits & vegetables wholesale,Medium,Name-derived
GULF FRUITS TRADE COMPANY LLC,Fresh Produce & Grocery,Fruits & vegetables wholesale,Medium,Name-derived
GULF FRUITS TRADE COMPANY LLC,Fresh Produce & Grocery,Fruits & vegetables wholesale,Medium,Name-derived
GULF FRUITS TRADE COMPANY LLC,Fresh Produce & Grocery,Fruits & vegetables wholesale,Medium,Name-derived
GULF PASTRY LLC,Manufacturing - Food,Bakery & pastry production,High,Name-derived
GULF PASTRY LLC,Manufacturing - Food,Bakery & pastry production,High,Name-derived
GULF PASTRY LLC,Manufacturing - Food,Bakery & pastry production,High,Name-derived
GULF PASTRY LLC,Manufacturing - Food,Bakery & pastry production,High,Name-derived
GULF PASTRY LLC,Manufacturing - Food,Bakery & pastry production,High,Name-derived
GULFAR FOODSTUFF COMPANY LLC.,Food & Beverage Trading,Foodstuff wholesale & distribution,Medium,Name-derived
GULFAR FOODSTUFF COMPANY LLC.,Food & Beverage Trading,Foodstuff wholesale & distribution,Medium,Name-derived
GUSTO VERO FOODSTUFF FZ-LLC,Food & Beverage Trading,Specialty food distribution,High,Name-derived
GUSTO VERO FOODSTUFF FZ-LLC,Food & Beverage Trading,Specialty food distribution,High,Name-derived
HADIR PROJECTS & ENVIRONMENT SYSTEMS L.L.C.,Environmental Services,Environmental / water treatment projects,High,Name-derived
HADIR PROJECTS & ENVIRONMENT SYSTEMS L.L.C.,Environmental Services,Environmental / water treatment projects,High,Name-derived
HADIR PROJECTS & ENVIRONMENT SYSTEMS L.L.C.,Environmental Services,Environmental / water treatment projects,High,Name-derived
HADIR PROJECTS & ENVIRONMENT SYSTEMS L.L.C.,Environmental Services,Environmental / water treatment projects,High,Name-derived
HADIR PROJECTS & ENVIRONMENT SYSTEMS L.L.C.,Environmental Services,Environmental / water treatment projects,High,Name-derived
HADIR PROJECTS & ENVIRONMENT SYSTEMS L.L.C.,Environmental Services,Environmental / water treatment projects,High,Name-derived
HADIR PROJECTS & ENVIRONMENT SYSTEMS L.L.C.,Environmental Services,Environmental / water treatment projects,High,Name-derived
HADIR PROJECTS & ENVIRONMENT SYSTEMS L.L.C.,Environmental Services,Environmental / water treatment projects,High,Name-derived
HAIDARI TRADING CO. WLL,Trading & Distribution,General trading & wholesale,Medium,Name-derived
HAIFA CONTRACTING CO. L.L.C,Construction & Contracting,Building & civil contracting,Medium,Name-derived
HAIMA EMIRATES BUILDING MAINTENANCE LLC,Facilities Management,Building maintenance,High,Name-derived
HAJ ALI MOHEBBI GENERAL TRADING L. L. C.,Trading & Distribution,General trading & wholesale,Medium,Name-derived
HAMNA GENERAL TRADING FZE,Trading & Distribution,General trading & wholesale,Medium,Name-derived
HANDLOOM HOUSE HEAD OFFICE LLC,Retail,Textile & handloom retail,High,Name-derived
HANOX FASHION RETAIL LLC,Retail,Fashion retail,High,Name-derived
HANOX FASHION RETAIL LLC,Retail,Fashion retail,High,Name-derived
HANOX FASHION RETAIL LLC,Retail,Fashion retail,High,Name-derived
HANOX FASHION RETAIL LLC,Retail,Fashion retail,High,Name-derived
HANOX FASHION RETAIL LLC,Retail,Fashion retail,High,Name-derived
HANOX FASHION RETAIL LLC,Retail,Fashion retail,High,Name-derived
HANOX FASHION RETAIL LLC,Retail,Fashion retail,High,Name-derived
HAROON ENG.MAT.MARKETING CO.LLC,Industrial Distribution,Engineering materials marketing,High,Name-derived
HAROON ENG.MAT.MARKETING CO.LLC,Industrial Distribution,Engineering materials marketing,High,Name-derived
HAROON ENG.MAT.MARKETING CO.LLC,Industrial Distribution,Engineering materials marketing,High,Name-derived
HAROON ENG.MAT.MARKETING CO.LLC,Industrial Distribution,Engineering materials marketing,High,Name-derived
HARROW SECURITY VEHICLES LLC,Manufacturing - Automotive,Armoured & security vehicles,High,Name-derived
HARROW VEHICLES MODIFICATIONS CO. LTD,Manufacturing - Automotive,Vehicle modification & armouring,High,Name-derived
HARSHAD TRADING COMPANY L.L.C,Trading & Distribution,General trading & wholesale,Medium,Name-derived
HARSHAD TRADING COMPANY L.L.C,Trading & Distribution,General trading & wholesale,Medium,Name-derived
HARSHAD TRADING COMPANY L.L.C,Trading & Distribution,General trading & wholesale,Medium,Name-derived
HARSHAD TRADING COMPANY L.L.C,Trading & Distribution,General trading & wholesale,Medium,Name-derived
HARSHAD TRADING COMPANY L.L.C,Trading & Distribution,General trading & wholesale,Medium,Name-derived
HARUN ABDUL LATIF FOODSTUFF COMPANY L.L.C.,Food & Beverage Trading,Foodstuff wholesale & distribution,Medium,Name-derived
HARUN ABDUL LATIF FOODSTUFF COMPANY L.L.C.,Food & Beverage Trading,Foodstuff wholesale & distribution,Medium,Name-derived
HARUN ABDUL LATIF FOODSTUFF COMPANY L.L.C.,Food & Beverage Trading,Foodstuff wholesale & distribution,Medium,Name-derived
HARUN ABDUL LATIF FOODSTUFF COMPANY L.L.C.,Food & Beverage Trading,Foodstuff wholesale & distribution,Medium,Name-derived
HARUN ABDUL LATIF FOODSTUFF COMPANY L.L.C.,Food & Beverage Trading,Foodstuff wholesale & distribution,Medium,Name-derived
HARVEST HUB GENERAL TRADING LLC SPC,Trading & Distribution,General trading & wholesale,Medium,Name-derived
HASHIM HYPERMARKET LLC,Retail,Hypermarket,High,Name-derived
HASHIM HYPERMARKET LLC,Retail,Hypermarket,High,Name-derived
HASHIM HYPERMARKET LLC,Retail,Hypermarket,High,Name-derived
HASHIM HYPERMARKET LLC,Retail,Hypermarket,High,Name-derived
HASSAN AL QURASHI TRADING COMPANY,Trading & Distribution,General trading,Low,Name-derived
HATCH CONTRACTING LLC,Construction & Contracting,Building & civil contracting,Medium,Name-derived
HATCH CONTRACTING LLC,Construction & Contracting,Building & civil contracting,Medium,Name-derived
HATCO,Unclassified,Insufficient information in name,Low,Name-derived
HEALTHCARE SCIENTIFIC SUPPLIES SPC.,Medical Supplies,Scientific & medical supplies,High,Name-derived
HEXABLU TECHNICAL SERVICES L.L.C,Technical Services,Technical & maintenance services,Medium,Name-derived
HEXABLU TECHNICAL SERVICES L.L.C,Technical Services,Technical & maintenance services,Medium,Name-derived
HEXATECH INTERNATIONAL HQ,Technology,Technology solutions,Low,Name-derived
HEXATECH INTERNATIONAL HQ,Technology,Technology solutions,Low,Name-derived
HIAP SENG ENGINEERING LTD FZE,Oil & Gas Services,Plant maintenance & fabrication,High,Name-derived
HIAP SENG ENGINEERING LTD FZE,Oil & Gas Services,Plant maintenance & fabrication,High,Name-derived
HIAP SENG ENGINEERING LTD FZE,Oil & Gas Services,Plant maintenance & fabrication,High,Name-derived
HIAP SENG ENGINEERING LTD FZE,Oil & Gas Services,Plant maintenance & fabrication,High,Name-derived
HIAP SENG ENGINEERING LTD FZE,Oil & Gas Services,Plant maintenance & fabrication,High,Name-derived
HIAP SENG ENGINEERING LTD FZE,Oil & Gas Services,Plant maintenance & fabrication,High,Name-derived
HIAP SENG ENGINEERING LTD FZE,Oil & Gas Services,Plant maintenance & fabrication,High,Name-derived
HIAP SENG ENGINEERING LTD FZE,Oil & Gas Services,Plant maintenance & fabrication,High,Name-derived
HIGH STAR CONTRACTING LLC,Construction & Contracting,Building & civil contracting,Medium,Name-derived
HIMEL INTERNATIONAL FZE (DELIXI),Manufacturing - Electrical,Low-voltage electrical products,High,Name-derived
HIMEL INTERNATIONAL FZE (DELIXI),Manufacturing - Electrical,Low-voltage electrical products,High,Name-derived
HIMEL INTERNATIONAL FZE (DELIXI),Manufacturing - Electrical,Low-voltage electrical products,High,Name-derived
HMK AUTO SPARE PARTS & COMPONENTS TRADING CO. LLC,Automotive Parts Trading,Vehicle spare parts & accessories,Medium,Name-derived
HMK AUTO SPARE PARTS & COMPONENTS TRADING CO. LLC,Automotive Parts Trading,Vehicle spare parts & accessories,Medium,Name-derived
HMK AUTO SPARE PARTS & COMPONENTS TRADING CO. LLC,Automotive Parts Trading,Vehicle spare parts & accessories,Medium,Name-derived
HMK REAL ESTATE DEVELOPMENT LLC,Real Estate,Property development,High,Name-derived
HOLA DELIGHTS JUICES LLC,Manufacturing - Food & Beverage,Juices & beverages,High,Name-derived
HOLA DELIGHTS JUICES LLC,Manufacturing - Food & Beverage,Juices & beverages,High,Name-derived
HUEGO LTD.,Unclassified,Insufficient information in name,Low,Name-derived
HUEGO LTD.,Unclassified,Insufficient information in name,Low,Name-derived
HUSSAIN GENERAL TRADING EST.,Trading & Distribution,General trading & wholesale,Medium,Name-derived
HUSSAIN GENERAL TRADING EST.,Trading & Distribution,General trading & wholesale,Medium,Name-derived
HUSSAIN GENERAL TRADING EST.,Trading & Distribution,General trading & wholesale,Medium,Name-derived
HUSSAIN GENERAL TRADING EST.,Trading & Distribution,General trading & wholesale,Medium,Name-derived
HUSSAIN GENERAL TRADING EST.,Trading & Distribution,General trading & wholesale,Medium,Name-derived
HUSSAIN GENERAL TRADING EST.,Trading & Distribution,General trading & wholesale,Medium,Name-derived
HUSSEIN BEHESHTI TRADING,Trading & Distribution,General trading,Low,Name-derived
HUTCHINSON TELECOM FZCO,Telecommunications,Telecom equipment & services,Medium,Name-derived
HUTCHINSON TELECOM FZCO,Telecommunications,Telecom equipment & services,Medium,Name-derived
HUTCHINSON TELECOM FZCO,Telecommunications,Telecom equipment & services,Medium,Name-derived
HYDROFIT ENGINEERING,Engineering Services,Hydraulics engineering,Medium,Name-derived
HYDROFIT TRADING,Industrial Distribution,Hydraulic products trading,High,Name-derived
HYDROFIT TRADING LLC,Industrial Distribution,Hydraulic products trading,High,Name-derived
HYDROFIT TRADING LLC,Industrial Distribution,Hydraulic products trading,High,Name-derived
HYDROFIT TRADING LLC,Industrial Distribution,Hydraulic products trading,High,Name-derived
HYDROFIT TRADING LLC,Industrial Distribution,Hydraulic products trading,High,Name-derived
HYDROFIT TRADING LLC BR 1,Industrial Distribution,Hydraulic products trading,High,Name-derived
HYDROTECH LINE CONTRACTING AND WATER DISTRIBUTION LLC,Water Treatment,Water distribution contracting,High,Name-derived
HYDROTECH LINE CONTRACTING AND WATER DISTRIBUTION LLC,Water Treatment,Water distribution contracting,High,Name-derived
HYDROTECH LINE CONTRACTING AND WATER DISTRIBUTION LLC,Water Treatment,Water distribution contracting,High,Name-derived
HYDROTECH LINE CONTRACTING AND WATER DISTRIBUTION LLC,Water Treatment,Water distribution contracting,High,Name-derived
HYSSNA CARPENTRY,Fit-Out & Joinery,Joinery & carpentry,High,Name-derived
HYSSNA INTERNATIONAL INTERIORS DESIGN LLC,Fit-Out & Joinery,Interior design & fit-out,High,Name-derived
HYSSNA INTERNATIONAL LLC,Fit-Out & Joinery,Interiors & joinery,High,Name-derived
IBSONS TRADING CO. L.L.C,Fresh Produce & Grocery,Fresh produce trading (Kibsons group),Medium,Name-derived
IBSONS TRADING CO. L.L.C,Fresh Produce & Grocery,Fresh produce trading (Kibsons group),Medium,Name-derived
IBSONS TRADING CO. L.L.C,Fresh Produce & Grocery,Fresh produce trading (Kibsons group),Medium,Name-derived
ICEM,Unclassified,Insufficient information in name,Low,Name-derived
ICL FINCORP INVESTMENT LLC,Financial Services,Gold loans & NBFC services,High,Name-derived
ICL FINCORP INVESTMENT LLC,Financial Services,Gold loans & NBFC services,High,Name-derived
ICL FINCORP INVESTMENT LLC,Financial Services,Gold loans & NBFC services,High,Name-derived
IDEAL DRIVING INSTITUTE,Education,Driving school,High,Name-derived
IDEAL DRIVING INSTITUTE,Education,Driving school,High,Name-derived
IDEAL DRIVING INSTITUTE,Education,Driving school,High,Name-derived
IGC MIDDLE EAST GENERAL TRADING LLC,Trading & Distribution,General trading & wholesale,Medium,Name-derived
ILG EMEA DWC LLC,Trading & Distribution,"Watches, jewellery, leather goods & optical products trading",Medium,Web-verified
ILG EMEA DWC LLC,Trading & Distribution,"Watches, jewellery, leather goods & optical products trading",Medium,Web-verified
IMG BOATS L. L. C.,Manufacturing - Marine,Boat building,High,Name-derived
IMG BOATS L. L. C.,Manufacturing - Marine,Boat building,High,Name-derived
IMG BOATS L. L. C.,Manufacturing - Marine,Boat building,High,Name-derived
IMG BOATS L. L. C.,Manufacturing - Marine,Boat building,High,Name-derived
IMG BOATS L. L. C.,Manufacturing - Marine,Boat building,High,Name-derived
IMG THEME PARK LLC,Entertainment & Leisure,Indoor theme park,High,Name-derived
IMG THEME PARK LLC,Entertainment & Leisure,Indoor theme park,High,Name-derived
IMG THEME PARK LLC,Entertainment & Leisure,Indoor theme park,High,Name-derived
IMPERIAL GARMENTS INDUSTRY (FZE),Manufacturing - Textiles,Garment manufacturing,High,Name-derived
IMPERIAL GARMENTS INDUSTRY (FZE),Manufacturing - Textiles,Garment manufacturing,High,Name-derived
IMPEX MIDDLE EAST FZCO,Trading & Distribution,General trading & wholesale,Medium,Name-derived
IMPEX MIDDLE EAST FZCO,Trading & Distribution,General trading & wholesale,Medium,Name-derived
IMPEX MIDDLE EAST FZCO,Trading & Distribution,General trading & wholesale,Medium,Name-derived
IMPEX MIDDLE EAST FZCO,Trading & Distribution,General trading & wholesale,Medium,Name-derived
INNOTECH POLYMERS MANUFACTURER LLC,Manufacturing - Plastics,Polymer products,High,Name-derived
INTEGRATED GREEN RESOURCES L.L.C.,Recycling & Waste,Waste management & recycling,High,Name-derived
INTEGRATED GREEN RESOURCES L.L.C.,Recycling & Waste,Waste management & recycling,High,Name-derived
INTEGRATED GREEN RESOURCES L.L.C.,Recycling & Waste,Waste management & recycling,High,Name-derived
INTEGRATED GREEN RESOURCES L.L.C.,Recycling & Waste,Waste management & recycling,High,Name-derived
INTEGRATED GREEN RESOURCES L.L.C.,Recycling & Waste,Waste management & recycling,High,Name-derived
INTEGRATED GREEN RESOURCES L.L.C.,Recycling & Waste,Waste management & recycling,High,Name-derived
INTEGRATED GREEN RESOURCES L.L.C.,Recycling & Waste,Waste management & recycling,High,Name-derived
INTEGRATED GREEN RESOURCES L.L.C.,Recycling & Waste,Waste management & recycling,High,Name-derived
INTELLIGENT GLOBE CONSTRUCTION - L.L.C - S.P.C,Construction & Contracting,Building & civil contracting,Medium,Name-derived
INTELLIGENT GLOBE CONSTURCTION & GENERAL TRANSPORTATION,Freight Transport,Road transport & haulage,Medium,Name-derived
INTELLIGENT GLOBE CONSTURCTION & GENERAL TRANSPORTATION,Freight Transport,Road transport & haulage,Medium,Name-derived
INTELLIGENT GLOBE CONSTURCTION & GENERAL TRANSPORTATION,Freight Transport,Road transport & haulage,Medium,Name-derived
INTER CITY TRADING LLC,Trading & Distribution,General trading,Low,Name-derived
INTER OCEAN SHIP ENGINEERING SERVICES FZE,Marine Services,Marine engineering,High,Name-derived
INTER OCEAN SHIP ENGINEERING SERVICES FZE,Marine Services,Marine engineering,High,Name-derived
INTER OCEAN SHIP REPAIRS LLC,Marine Services,Ship repair,High,Name-derived
INTER OCEAN SHIP REPAIRS LLC,Marine Services,Ship repair,High,Name-derived
INTER OCEAN SHIP REPAIRS LLC,Marine Services,Ship repair,High,Name-derived
INTER OCEAN SHIP REPAIRS LLC,Marine Services,Ship repair,High,Name-derived
INTER OCEAN SHIP REPAIRS LLC,Marine Services,Ship repair,High,Name-derived
INTERIORS INTERNATIONAL FZCO,Fit-Out & Joinery,Joinery & interior manufacturing,High,Name-derived
INTERIORS INTERNATIONAL FZCO,Fit-Out & Joinery,Joinery & interior manufacturing,High,Name-derived
INTERIORS INTERNATIONAL INDUSTRIES L.L.C,Fit-Out & Joinery,Joinery & interior manufacturing,High,Name-derived
INTERIORS INTERNATIONAL INDUSTRIES L.L.C,Fit-Out & Joinery,Joinery & interior manufacturing,High,Name-derived
INTERIORS INTERNATIONAL INDUSTRIES L.L.C,Fit-Out & Joinery,Joinery & interior manufacturing,High,Name-derived
INTERIORS INTERNATIONAL INDUSTRIES L.L.C,Fit-Out & Joinery,Joinery & interior manufacturing,High,Name-derived
INTERIORS INTERNATIONAL INDUSTRIES L.L.C,Fit-Out & Joinery,Joinery & interior manufacturing,High,Name-derived
INTERIORS INTERNATIONAL INDUSTRIES L.L.C,Fit-Out & Joinery,Joinery & interior manufacturing,High,Name-derived
INTERIORS INTERNATIONAL INDUSTRIES LLC,Fit-Out & Joinery,"Interiors, fit-out & joinery",Medium,Name-derived
INTERIORS INTERNATIONAL INDUSTRIES LLC,Fit-Out & Joinery,"Interiors, fit-out & joinery",Medium,Name-derived
INTERNATIONAL KNOWLEDGE CENTER,Education,Training centre,Medium,Name-derived
INTERNATIONAL RADIOLOGY & DIAGNOSTIC SERVICES CENTRE LLC - Rak Branch,Healthcare,Diagnostic imaging centre,High,Name-derived
INTERNATIONAL RADIOLOGY & DIAGNOSTIC SERVICES CENTRE LLC - Rak Branch,Healthcare,Diagnostic imaging centre,High,Name-derived
INTERNATIONAL RADIOLOGY & DIAGNOSTIC SERVICES CENTRE LLC - Rak Branch,Healthcare,Diagnostic imaging centre,High,Name-derived
INTERNATIONAL SHIP REPAIRS FZE,Marine Services,Ship repair,High,Name-derived
INTERNATIONAL SHIP REPAIRS FZE,Marine Services,Ship repair,High,Name-derived
INVENT SUSTAINABLE CONSTRUCTION LLC,Construction & Contracting,Building & civil contracting,Medium,Name-derived
INVENTION STEEL INDUSTRIES LLC,Manufacturing - Steel Fabrication,Steel fabrication,High,Name-derived
INVENTION STEEL INDUSTRIES LLC,Manufacturing - Steel Fabrication,Steel fabrication,High,Name-derived
IRVINE CHARTER L.L.C,Passenger Transport,Charter transport services,Medium,Name-derived
IRVINE CHARTER L.L.C,Passenger Transport,Charter transport services,Medium,Name-derived
IRVINE CHARTER L.L.C,Passenger Transport,Charter transport services,Medium,Name-derived
IRVINE CHARTER L.L.C,Passenger Transport,Charter transport services,Medium,Name-derived
ISOFOAM ENGINEERING L. L. C,Construction Services,Insulation systems,High,Name-derived
ITALFOOD FZ LLC,Food & Beverage Trading,Italian food distribution,High,Name-derived
ITALFOOD FZ LLC,Food & Beverage Trading,Italian food distribution,High,Name-derived
ITALIAN FOOTWEAR SOLUTION LLC,Textiles & Apparel Trading,Footwear supply,High,Name-derived
ITALIAN FOOTWEAR SOLUTION LLC,Textiles & Apparel Trading,Footwear supply,High,Name-derived
ITALIAN FOOTWEAR SOLUTION LLC,Textiles & Apparel Trading,Footwear supply,High,Name-derived
ITALIAN FOOTWEAR SOLUTION LLC,Textiles & Apparel Trading,Footwear supply,High,Name-derived
ITR MIDDLE EAST FZCO.,Industrial Equipment,Undercarriage parts for earthmoving,High,Name-derived
IWATCH SECURITY SYSTEMS LLC,Security Systems,CCTV & security systems,High,Name-derived
J J EXPORTERS - JUSTINE PAIGE (BVI) LTD.,Trading & Distribution,Export trading,Low,Name-derived
JABER MEASAM FOODSTUFF LLC,Food & Beverage Trading,Foodstuff wholesale & distribution,Medium,Name-derived
JACKSON TRADING COMPANY LLC,Trading & Distribution,General trading & wholesale,Medium,Name-derived
JACKSON TRADING COMPANY LLC,Trading & Distribution,General trading & wholesale,Medium,Name-derived
JACKSON TRADING COMPANY LLC,Trading & Distribution,General trading & wholesale,Medium,Name-derived
JACOBS ZAMEL AND TURBAG CONSULTING ENGINEERS,Engineering Consultancy,Design & supervision consultancy,High,Name-derived
JADE BLUE GENERAL TRADING LLC,Trading & Distribution,General trading & wholesale,Medium,Name-derived
JAM NOOR GENERAL TRADING LLC,Trading & Distribution,General trading & wholesale,Medium,Name-derived
JAM NOOR GENERAL TRADING LLC,Trading & Distribution,General trading & wholesale,Medium,Name-derived
JAM NOOR GENERAL TRADING LLC,Trading & Distribution,General trading & wholesale,Medium,Name-derived
JARRAH FOODSTUFF TRADING,Food & Beverage Trading,Foodstuff wholesale & distribution,Medium,Name-derived
JASEM KHAMAS TRADING CO. L. L. C,Trading & Distribution,General trading & wholesale,Medium,Name-derived
JATCO FREIGHT SERVICES LLC,Logistics & Supply Chain,Freight forwarding,High,Name-derived
JATCO FREIGHT SERVICES LLC,Logistics & Supply Chain,Freight forwarding,High,Name-derived
JAWAR AL KHALEEJ SHIPPING LLC,Shipping,Shipping services,High,Name-derived
JAWAR AL KHALEEJ SHIPPING LLC,Shipping,Shipping services,High,Name-derived
JAYSONS MULTI TRADE AND INDUSTRIES SUARL,Trading & Distribution,Trading & light manufacturing,Low,Name-derived
JEBAL AL ATLAS GENERAL TRADING LLC,Trading & Distribution,General trading & wholesale,Medium,Name-derived
JET AVIATION AIRSERVICES LIMITED,Aviation,Business aviation services & FBO,High,Name-derived
JIADI INTERNATIONAL READYMADE GARMENTS,Textiles & Apparel Trading,Readymade garments trading,High,Name-derived
JIADI INTERNATIONAL READYMADE GARMENTS,Textiles & Apparel Trading,Readymade garments trading,High,Name-derived
JIMMY LE BOND TRADING LLC,Trading & Distribution,General trading & wholesale,Medium,Name-derived
JMM MEAT PROCESSING LLC,Manufacturing - Food,Meat processing,High,Name-derived
JMM MEAT PROCESSING LLC,Manufacturing - Food,Meat processing,High,Name-derived
JMM MEAT PROCESSING LLC,Manufacturing - Food,Meat processing,High,Name-derived
JMM MEAT PROCESSING LLC,Manufacturing - Food,Meat processing,High,Name-derived
JNBJ GENERAL TRADING CO L.L.C,Trading & Distribution,General trading & wholesale,Medium,Name-derived
JOHN DIESEL,Automotive Parts Trading,Diesel engine parts & service,High,Name-derived
JPM ASSOCIATES TECHNICAL SERVICES LLC,Technical Services,Technical & maintenance services,Medium,Name-derived
JPM ASSOCIATES TECHNICAL SERVICES LLC,Technical Services,Technical & maintenance services,Medium,Name-derived
JUBAILI BROS LLC,Power Generation Equipment,Generators & power solutions,High,Name-derived
JUBAILI BROS LLC,Power Generation Equipment,Generators & power solutions,High,Name-derived
JUBAILI BROS LLC,Power Generation Equipment,Generators & power solutions,High,Name-derived
JUBAILI BROS LLC,Power Generation Equipment,Generators & power solutions,High,Name-derived
JUBAILI BROS LLC,Power Generation Equipment,Generators & power solutions,High,Name-derived
JUMANAH FOOD STUFF TRADING LLC,Food & Beverage Trading,Foodstuff wholesale & distribution,Medium,Name-derived
JUMANAH FOOD STUFF TRADING LLC,Food & Beverage Trading,Foodstuff wholesale & distribution,Medium,Name-derived
JUMBO MANPOWER SERVICES LLC,HR & Recruitment,Manpower supply,High,Name-derived
JUMBO MANPOWER SERVICES LLC,HR & Recruitment,Manpower supply,High,Name-derived
JUMBO MANPOWER SERVICES LLC,HR & Recruitment,Manpower supply,High,Name-derived
JURASSIC TECHNOLOGIES L.L.C [KO GYM],Health & Fitness,Gym / fitness centre,High,Name-derived
JUST GOURMET FOODSTUFF TRADING LLC,Food & Beverage Trading,Foodstuff wholesale & distribution,Medium,Name-derived
JVK SHIPPING SERVICES LLC,Logistics & Supply Chain,Relocation & shipping,High,Name-derived
JVK SHIPPING SERVICES LLC,Logistics & Supply Chain,Relocation & shipping,High,Name-derived
K B R INTERNATIONAL GENERAL TRADING LLC,Trading & Distribution,General trading & wholesale,Medium,Name-derived
K J I MARINA BOATS MANUFACTURING L.L.C,Manufacturing - Marine,Boat building,High,Name-derived
K J I MARINA BOATS MANUFACTURING L.L.C,Manufacturing - Marine,Boat building,High,Name-derived
K J I MARINA BOATS MANUFACTURING L.L.C,Manufacturing - Marine,Boat building,High,Name-derived
KADRIS INDUSTRIES FZE,Manufacturing,Industrial manufacturing,Low,Name-derived
KALANDOOR BUILDING CONTRACTING LLC,Construction & Contracting,Building & civil contracting,Medium,Name-derived
KALANDOOR BUILDING CONTRACTING LLC,Construction & Contracting,Building & civil contracting,Medium,Name-derived
KALANDOOR BUILDING CONTRACTING LLC,Construction & Contracting,Building & civil contracting,Medium,Name-derived
KALOTI JEWELLERY INTERNATIONAL DMCC,Jewellery & Precious Metals,Precious metals & jewellery,High,Name-derived
KALOTI JEWELLERY INTERNATIONAL DMCC,Jewellery & Precious Metals,Precious metals & jewellery,High,Name-derived
KALOTI JEWELLERY INTERNATIONAL DMCC,Jewellery & Precious Metals,Precious metals & jewellery,High,Name-derived
KALOTI JEWELLERY INTERNATIONAL DMCC,Jewellery & Precious Metals,Precious metals & jewellery,High,Name-derived
KAMI FOODSTUFF TRADING LLC,Food & Beverage Trading,Foodstuff wholesale & distribution,Medium,Name-derived
KANHAIYA NISHAD VEGETABLES & FRUITS TRADING LLC,Fresh Produce & Grocery,Fruits & vegetables wholesale,Medium,Name-derived
KANHAIYA NISHAD VEGETABLES & FRUITS TRADING LLC,Fresh Produce & Grocery,Fruits & vegetables wholesale,Medium,Name-derived
KANMO TRADING LLC,Trading & Distribution,General trading,Low,Name-derived
KANMO TRADING LLC,Trading & Distribution,General trading,Low,Name-derived
KANMO TRADING LLC,Trading & Distribution,General trading,Low,Name-derived
KANZ CHEMICAL IND. LLC,Manufacturing - Chemicals,Chemical products,High,Name-derived
KANZ CHEMICAL IND. LLC,Manufacturing - Chemicals,Chemical products,High,Name-derived
KANZ JEWELS LLC,Jewellery & Precious Metals,Jewellery retail,High,Name-derived
KANZ JEWELS LLC,Jewellery & Precious Metals,Jewellery retail,High,Name-derived
KANZ JEWELS LLC,Jewellery & Precious Metals,Jewellery retail,High,Name-derived
KARAM INDUSTRIA LIMITIDA,Manufacturing,Industrial manufacturing (Africa),Low,Name-derived
KARAM INDUSTRIES NAMIBIA (PTY) LTD.,Manufacturing,Industrial manufacturing (Africa),Low,Name-derived
KATARA PROJECT MANAGEMENT SERVICE LLC,Project & Cost Consultancy,Project management,High,Name-derived
KAYA MIDDLE EAST DMCC,Healthcare,Skin & cosmetic clinics,High,Name-derived
KAYA MIDDLE EAST DMCC,Healthcare,Skin & cosmetic clinics,High,Name-derived
KAYA TRADING LLC,Trading & Distribution,General trading & wholesale,Medium,Name-derived
KAYAN SEWING LLC,Manufacturing - Textiles,Garment / sewing production,High,Name-derived
KAYAN SEWING LLC,Manufacturing - Textiles,Garment / sewing production,High,Name-derived
KAYBARZ FREIGHT SERVICES L.L.C,Logistics & Supply Chain,Freight forwarding,High,Name-derived
KAYBARZ FREIGHT SERVICES L.L.C,Logistics & Supply Chain,Freight forwarding,High,Name-derived
KHADAMAT FACILITIES MANAGEMENT LLC,Facilities Management,Integrated FM services,High,Name-derived
KHADAMAT FACILITIES MANAGEMENT LLC,Facilities Management,Integrated FM services,High,Name-derived
KHADAMAT FACILITIES MANAGEMENT LLC,Facilities Management,Integrated FM services,High,Name-derived
KHADAMAT FACILITIES MANAGEMENT LLC,Facilities Management,Integrated FM services,High,Name-derived
KHALEEJ LINKS GENERAL TRADING LLC,Trading & Distribution,General trading & wholesale,Medium,Name-derived
KHALEEJ LINKS GENERAL TRADING LLC,Trading & Distribution,General trading & wholesale,Medium,Name-derived
KHALEEJ LINKS GENERAL TRADING LLC,Trading & Distribution,General trading & wholesale,Medium,Name-derived
KHALEEJ LINKS GENERAL TRADING LLC,Trading & Distribution,General trading & wholesale,Medium,Name-derived
KHALEEJ LINKS GENERAL TRADING LLC,Trading & Distribution,General trading & wholesale,Medium,Name-derived
KHALID VEGETABLES & FRUITS AND FOOD STUFF TRADING LLC,Fresh Produce & Grocery,Fruits & vegetables wholesale,Medium,Name-derived
KHALID VEGETABLES & FRUITS AND FOOD STUFF TRADING LLC,Fresh Produce & Grocery,Fruits & vegetables wholesale,Medium,Name-derived
KHALIS PERFUMES TRADING LLC,Cosmetics & Personal Care,Perfume trading,High,Name-derived
KHALIS PERFUMES TRADING LLC,Cosmetics & Personal Care,Perfume trading,High,Name-derived
KHALIS PERFUMES TRADING LLC,Cosmetics & Personal Care,Perfume trading,High,Name-derived
KHALIS PERFUMES TRADING LLC,Cosmetics & Personal Care,Perfume trading,High,Name-derived
KHAMAS COLD STORES,Food & Beverage Trading,Cold storage & foodstuff distribution,High,Name-derived
KHAMAS COLD STORES,Food & Beverage Trading,Cold storage & foodstuff distribution,High,Name-derived
KHAMAS GENERAL TRADING AND STORES,Trading & Distribution,General trading,Medium,Name-derived
KHORSHED INTERNATIONAL TRADING LLC,Trading & Distribution,General trading & wholesale,Medium,Name-derived
KHORSHED INTERNATIONAL TRADING LLC,Trading & Distribution,General trading & wholesale,Medium,Name-derived
KIBSONS INTERNATIONAL L. L. C.,Fresh Produce & Grocery,Online grocery / fresh produce distribution,High,Name-derived
KIBSONS INTERNATIONAL L. L. C.,Fresh Produce & Grocery,Online grocery / fresh produce distribution,High,Name-derived
KIBSONS INTERNATIONAL L. L. C.,Fresh Produce & Grocery,Online grocery / fresh produce distribution,High,Name-derived
KIBSONS INTERNATIONAL L. L. C.,Fresh Produce & Grocery,Online grocery / fresh produce distribution,High,Name-derived
KIBSONS INTERNATIONAL L. L. C.,Fresh Produce & Grocery,Online grocery / fresh produce distribution,High,Name-derived
KIBSONS INTERNATIONAL L. L. C.,Fresh Produce & Grocery,Online grocery / fresh produce distribution,High,Name-derived
KIBSONS INTERNATIONAL L. L. C.,Fresh Produce & Grocery,Online grocery / fresh produce distribution,High,Name-derived
KLEEV MIDDLE EAST FZE,Manufacturing - Instrumentation,"Instrumentation valves, manifolds, gauges & thermocouples",High,Web-verified
KLEEV MIDDLE EAST FZE,Manufacturing - Instrumentation,"Instrumentation valves, manifolds, gauges & thermocouples",High,Web-verified
KLEEV MIDDLE EAST FZE,Manufacturing - Instrumentation,"Instrumentation valves, manifolds, gauges & thermocouples",High,Web-verified
KLEEV MIDDLE EAST FZE,Manufacturing - Instrumentation,"Instrumentation valves, manifolds, gauges & thermocouples",High,Web-verified
KLEEV MIDDLE EAST FZE,Manufacturing - Instrumentation,"Instrumentation valves, manifolds, gauges & thermocouples",High,Web-verified
KLEEV MIDDLE EAST FZE,Manufacturing - Instrumentation,"Instrumentation valves, manifolds, gauges & thermocouples",High,Web-verified
KMA GLOBAL GENERAL TRADING LLC,Trading & Distribution,General trading & wholesale,Medium,Name-derived
KNM ENGINEERING,Engineering Services,Engineering services,Medium,Name-derived
KNOT HOME DECORATION MATERIALS TRADING LLC,Furniture & Interiors,Home decor materials,High,Name-derived
KNOT HOME DECORATION MATERIALS TRADING LLC,Furniture & Interiors,Home decor materials,High,Name-derived
KONE MIDDLE EAST LLC,Elevators & Escalators,"Manufacture, installation & maintenance",High,Name-derived
KONE MIDDLE EAST LLC,Elevators & Escalators,"Manufacture, installation & maintenance",High,Name-derived
KONE MIDDLE EAST LLC,Elevators & Escalators,"Manufacture, installation & maintenance",High,Name-derived
KONE MIDDLE EAST LLC,Elevators & Escalators,"Manufacture, installation & maintenance",High,Name-derived
KONE MIDDLE EAST LLC,Elevators & Escalators,"Manufacture, installation & maintenance",High,Name-derived
KOSMONTE FOOD STUFF QATAR,Food & Beverage Trading,Foodstuff wholesale & distribution,Medium,Name-derived
KOSMONTE FOODS LLC,Food & Beverage Trading,Food & beverage distribution,Medium,Name-derived
KOSMONTE FOODS LLC,Food & Beverage Trading,Food & beverage distribution,Medium,Name-derived
KOSMONTE FOODS LLC,Food & Beverage Trading,Food & beverage distribution,Medium,Name-derived
KOSMONTE FOODS LLC,Food & Beverage Trading,Food & beverage distribution,Medium,Name-derived
KOSMONTE FOODS LLC,Food & Beverage Trading,Food & beverage distribution,Medium,Name-derived
KOSMONTE FOODS LLC,Food & Beverage Trading,Food & beverage distribution,Medium,Name-derived
KOSMONTE FOODS LLC,Food & Beverage Trading,Food & beverage distribution,Medium,Name-derived
KOSMONTE FOODS STUFF- QATAR,Food & Beverage Trading,Food & beverage distribution,Medium,Name-derived
KS FOOD TRADING,Food & Beverage Trading,Food & beverage distribution,Medium,Name-derived
KTC INTERNATIONAL LLC,Trading & Distribution,International trading,Low,Name-derived
KTC INTERNATIONAL LLC,Trading & Distribution,International trading,Low,Name-derived
KTC INTERNATIONAL LLC,Trading & Distribution,International trading,Low,Name-derived
KTC INTERNATIONAL LLC,Trading & Distribution,International trading,Low,Name-derived
KTC INTERNATIONAL LLC,Trading & Distribution,International trading,Low,Name-derived
KTC INTERNATIONAL LLC,Trading & Distribution,International trading,Low,Name-derived
KTC INTERNATIONAL LLC,Trading & Distribution,International trading,Low,Name-derived
KTC INTERNATIONAL LLC,Trading & Distribution,International trading,Low,Name-derived
KUKOO ELECTRONICS TRADING LLC,Consumer Electronics,Electronics trading,High,Name-derived
LA SOROGEEKA INTERIORS L.L.C,Fit-Out & Joinery,Luxury interiors & joinery,High,Name-derived
LA SOROGEEKA INTERIORS L.L.C,Fit-Out & Joinery,Luxury interiors & joinery,High,Name-derived
LA SOROGEEKA INTERIORS L.L.C,Fit-Out & Joinery,Luxury interiors & joinery,High,Name-derived
LA SOROGEEKA INTERIORS L.L.C,Fit-Out & Joinery,Luxury interiors & joinery,High,Name-derived
LAGARDERE TRAVEL RETAIL UAE LLC,Retail,Travel & airport retail,High,Name-derived
LAGARDERE TRAVEL RETAIL UAE LLC,Retail,Travel & airport retail,High,Name-derived
LAGARDERE TRAVEL RETAIL UAE LLC,Retail,Travel & airport retail,High,Name-derived
LANDMARK AUTO SPARE PARTS,Automotive Parts Trading,Vehicle spare parts & accessories,Medium,Name-derived
LANDMARK AUTO SPARE PARTS,Automotive Parts Trading,Vehicle spare parts & accessories,Medium,Name-derived
LANDMARK AUTO SPARE PARTS,Automotive Parts Trading,Vehicle spare parts & accessories,Medium,Name-derived
LATICRETE MIDDLE EAST LLC,Manufacturing - Building Products,"Tile adhesives, grouts & mortars",High,Name-derived
LAWNSCAPE LLC,Landscaping,Landscape services,High,Name-derived
LAYAN AUTO PARTS W.L.L.,Automotive Parts Trading,Vehicle spare parts & accessories,Medium,Name-derived
LAYAN AUTO PARTS W.L.L.,Automotive Parts Trading,Vehicle spare parts & accessories,Medium,Name-derived
LEISUNG TECHNOLOGIES LLC,Technology,Technology products & solutions,Low,Name-derived
LIFE HOME HEALTHCARE LLC,Healthcare,Home healthcare services,High,Name-derived
LIFE HOME HEALTHCARE LLC,Healthcare,Home healthcare services,High,Name-derived
LIFE TIME TRENDZ GENERAL TRADING LLC,Trading & Distribution,General trading & wholesale,Medium,Name-derived
LIFE TIME TRENDZ GENERAL TRADING LLC,Trading & Distribution,General trading & wholesale,Medium,Name-derived
LIFE TIME TRENDZ GENERAL TRADING LLC,Trading & Distribution,General trading & wholesale,Medium,Name-derived
LIFE TIME TRENDZ GENERAL TRADING LLC,Trading & Distribution,General trading & wholesale,Medium,Name-derived
LIFE TIME TRENDZ GENERAL TRADING LLC,Trading & Distribution,General trading & wholesale,Medium,Name-derived
LINK LIGHT ELECTRICAL WORKS LLC,Electrical Trading,Electrical products & services,Medium,Name-derived
LINK LIGHT ELECTRICAL WORKS LLC,Electrical Trading,Electrical products & services,Medium,Name-derived
LINK LIGHT ELECTRICAL WORKS LLC,Electrical Trading,Electrical products & services,Medium,Name-derived
LINK LIGHT ELECTRICAL WORKS LLC,Electrical Trading,Electrical products & services,Medium,Name-derived
LINK LIGHT SWITCHGEAR INDUSTRIES LLC,Manufacturing - Electrical,LV switchgear panels,High,Name-derived
LINK MIDDLE EAST FZE,Manufacturing - Metals,"Galvanized wire, perimeter fencing, gabions & guard rails",High,Web-verified
LINK MIDDLE EAST FZE,Manufacturing - Metals,"Galvanized wire, perimeter fencing, gabions & guard rails",High,Web-verified
LINK MIDDLE EAST FZE,Manufacturing - Metals,"Galvanized wire, perimeter fencing, gabions & guard rails",High,Web-verified
LINK MIDDLE EAST FZE,Manufacturing - Metals,"Galvanized wire, perimeter fencing, gabions & guard rails",High,Web-verified
LOOTAH BOUTIQUE LLC,Retail,Retail operations,Medium,Name-derived
LOOTAH BOUTIQUE LLC,Retail,Retail operations,Medium,Name-derived
LOOTAH BOUTIQUE LLC,Retail,Retail operations,Medium,Name-derived
LOOTAH BOUTIQUE LLC,Retail,Retail operations,Medium,Name-derived
LOOTAH BOUTIQUE LLC,Retail,Retail operations,Medium,Name-derived
LOOTAH BOUTIQUE LLC,Retail,Retail operations,Medium,Name-derived
LOPAZ PERFUMES INDUSTRY LLC,Manufacturing - Cosmetics,Perfume manufacturing,High,Name-derived
LOTO SAFETY REQUISITES TRADING LLC,Fire & Safety,Safety equipment supply,High,Name-derived
LOTO SAFETY REQUISITES TRADING LLC,Fire & Safety,Safety equipment supply,High,Name-derived
LOTO SAFETY REQUISITES TRADING LLC,Fire & Safety,Safety equipment supply,High,Name-derived
LOYAL ELECTRICAL CONTRACTING LLC,Construction & Contracting,Building & civil contracting,Medium,Name-derived
LUAY ALHILO GENERAL TRADING L.L.C,Trading & Distribution,General trading & wholesale,Medium,Name-derived
LUCENT GROUP OF COMPANIES,Diversified Group,Diversified group,Low,Name-derived
LUCENT GROUP OF COMPANIES,Diversified Group,Diversified group,Low,Name-derived
LUCENT GROUP OF COMPANIES,Diversified Group,Diversified group,Low,Name-derived
LUCENT GROUP OF COMPANIES,Diversified Group,Diversified group,Low,Name-derived
LUNATUS DRUG STORE,Pharmaceuticals,Pharmaceutical distribution,High,Name-derived
LUNATUS DRUG STORE,Pharmaceuticals,Pharmaceutical distribution,High,Name-derived
LUTFI OPTICAL CENTER LLC,Retail,Optical / eyewear retail,High,Name-derived
LUTFI OPTICAL CENTER LLC,Retail,Optical / eyewear retail,High,Name-derived
LUTFI TRADING LLC,Trading & Distribution,Eyewear & optical products trading,Medium,Name-derived
LUTFI TRADING LLC,Trading & Distribution,Eyewear & optical products trading,Medium,Name-derived
LUTFI TRADING LLC,Trading & Distribution,Eyewear & optical products trading,Medium,Name-derived
LUXURIA MIDDLE EAST DMCC,Luxury Retail,Luxury goods trading,High,Name-derived
LUXURIA MIDDLE EAST DMCC,Luxury Retail,Luxury goods trading,High,Name-derived
LUXURIA MIDDLE EAST DMCC,Luxury Retail,Luxury goods trading,High,Name-derived
LUXURIA MIDDLE EAST DMCC,Luxury Retail,Luxury goods trading,High,Name-derived
LUXURIA MIDDLE EAST DMCC,Luxury Retail,Luxury goods trading,High,Name-derived
MAB & SONS GENERAL TRADING,Trading & Distribution,General trading & wholesale,Medium,Name-derived
MAB & SONS GENERAL TRADING,Trading & Distribution,General trading & wholesale,Medium,Name-derived
MAB & SONS GENERAL TRADING,Trading & Distribution,General trading & wholesale,Medium,Name-derived
MAB & SONS GENERAL TRADING,Trading & Distribution,General trading & wholesale,Medium,Name-derived
MAB GROUP,Diversified Group,Diversified group,Medium,Name-derived
MAB GROUP,Diversified Group,Diversified group,Medium,Name-derived
MAB GROUP,Diversified Group,Diversified group,Medium,Name-derived
MAB GROUP,Diversified Group,Diversified group,Medium,Name-derived
MACE INTERNATIONAL LIMITED,Project & Cost Consultancy,Project / programme management,High,Name-derived
MACE INTERNATIONAL LIMITED,Project & Cost Consultancy,Project / programme management,High,Name-derived
MACE INTERNATIONAL LIMITED,Project & Cost Consultancy,Project / programme management,High,Name-derived
MACE INTERNATIONAL LIMITED,Project & Cost Consultancy,Project / programme management,High,Name-derived
MACE INTERNATIONAL LIMITED,Project & Cost Consultancy,Project / programme management,High,Name-derived
MACE INTERNATIONAL LIMITED,Project & Cost Consultancy,Project / programme management,High,Name-derived
MAGNUM SECURITY SERVICES,Security Services,Manned guarding,High,Name-derived
MAHALAKSHMI INDUSTRIAL GEARS PRIVATE LIMITED,Manufacturing - Machinery,Industrial gears,High,Name-derived
MAHASEEL INVESTMENT IN COMMERCIAL ENTERPRISES & MANAGEMENT L.L.C,Investment & Holding,Investment & management company,Medium,Name-derived
MAHASEEL PRODUCE,Fresh Produce & Grocery,Fresh produce supply,High,Name-derived
MAHASEEL PRODUCE,Fresh Produce & Grocery,Fresh produce supply,High,Name-derived
MAHASEEL PRODUCE,Fresh Produce & Grocery,Fresh produce supply,High,Name-derived
MAHER AL KHATEEB FOODSTUFF TRADING LLC,Food & Beverage Trading,Foodstuff wholesale & distribution,Medium,Name-derived
MAHER AL KHATEEB FOODSTUFF TRADING LLC,Food & Beverage Trading,Foodstuff wholesale & distribution,Medium,Name-derived
MAHMOOD AHMED ENTERPRISES LLC,Trading & Distribution,General trading & wholesale,Medium,Name-derived
MAHMOOD MALLIK INTERNATIONAL GENERAL TRADING CO LLC,Trading & Distribution,General trading & wholesale,Medium,Name-derived
MAHMOOD MALLIK INTERNATIONAL GENERAL TRADING CO LLC,Trading & Distribution,General trading & wholesale,Medium,Name-derived
MAHMOOD MALLIK INTERNATIONAL GENERAL TRADING CO LLC,Trading & Distribution,General trading & wholesale,Medium,Name-derived
MAHMOOD MALLIK INTERNATIONAL GENERAL TRADING CO LLC,Trading & Distribution,General trading & wholesale,Medium,Name-derived
MAICO GULF L. L. C.,Manufacturing - HVAC,Ventilation equipment (Maico),High,Name-derived
MAICO GULF L. L. C.,Manufacturing - HVAC,Ventilation equipment (Maico),High,Name-derived
MAICO GULF L. L. C.,Manufacturing - HVAC,Ventilation equipment (Maico),High,Name-derived
MAICO GULF L. L. C.,Manufacturing - HVAC,Ventilation equipment (Maico),High,Name-derived
MAICO VENTILATION PVT. LTD.,Manufacturing - HVAC,Ventilation equipment,High,Name-derived
MAIMOON PAPERS INDUSTRY LLC,Manufacturing - Paper & Packaging,Paper products,High,Name-derived
MAIMOON PAPERS INDUSTRY LLC,Manufacturing - Paper & Packaging,Paper products,High,Name-derived
MAIMOON PAPERS INDUSTRY LLC,Manufacturing - Paper & Packaging,Paper products,High,Name-derived
MAIMOON PAPERS INDUSTRY LLC,Manufacturing - Paper & Packaging,Paper products,High,Name-derived
MALABAR GOLD L.L.C.,Jewellery & Precious Metals,Gold & jewellery retail,High,Name-derived
MALABAR GOLD L.L.C.,Jewellery & Precious Metals,Gold & jewellery retail,High,Name-derived
MALABAR GOLD L.L.C.,Jewellery & Precious Metals,Gold & jewellery retail,High,Name-derived
MALABAR GOLD L.L.C.,Jewellery & Precious Metals,Gold & jewellery retail,High,Name-derived
MALABAR GOLD L.L.C.,Jewellery & Precious Metals,Gold & jewellery retail,High,Name-derived
MALAIH INVESTMENT & PROJECTS DEVELOPMENT L.L.C.,Real Estate,Investment & project development,Medium,Name-derived
MALAIH INVESTMENT & PROJECTS DEVELOPMENT L.L.C.,Real Estate,Investment & project development,Medium,Name-derived
MALAIH INVESTMENT & PROJECTS DEVELOPMENT L.L.C.,Real Estate,Investment & project development,Medium,Name-derived
MALAIH INVESTMENT & PROJECTS DEVELOPMENT L.L.C.,Real Estate,Investment & project development,Medium,Name-derived
MALAIH INVESTMENT & PROJECTS DEVELOPMENT L.L.C.,Real Estate,Investment & project development,Medium,Name-derived
MALAIH INVESTMENT & PROJECTS DEVELOPMENT L.L.C.,Real Estate,Investment & project development,Medium,Name-derived
MALAIH INVESTMENT & PROJECTS DEVELOPMENT L.L.C.,Real Estate,Investment & project development,Medium,Name-derived
MALTA AUTO SPARE PARTS & ACCESSORIES TR .EST.,Automotive Parts Trading,Vehicle spare parts & accessories,Medium,Name-derived
MAMMY TRADERS LLC,Trading & Distribution,General trading & wholesale,Medium,Name-derived
MAMMY TRADERS LLC,Trading & Distribution,General trading & wholesale,Medium,Name-derived
MANEESH INTERNATIONAL FZCO,Trading & Distribution,General trading,Low,Name-derived
MANEESH INTERNATIONAL FZCO,Trading & Distribution,General trading,Low,Name-derived
MANSOUR BAYEGAN FURNITURES LLC,Furniture & Interiors,Furniture trading,High,Name-derived
MAPLETEC JOINERY LLC,Fit-Out & Joinery,Joinery & millwork,High,Name-derived
MAPLETEC JOINERY LLC,Fit-Out & Joinery,Joinery & millwork,High,Name-derived
MAPLETEC JOINERY LLC,Fit-Out & Joinery,Joinery & millwork,High,Name-derived
MAPLETEC JOINERY LLC,Fit-Out & Joinery,Joinery & millwork,High,Name-derived
MARHABA MTA GENERAL TRADING LLC,Trading & Distribution,General trading & wholesale,Medium,Name-derived
MARHABA MTA GENERAL TRADING LLC,Trading & Distribution,General trading & wholesale,Medium,Name-derived
MARHABA MTA GENERAL TRADING LLC,Trading & Distribution,General trading & wholesale,Medium,Name-derived
MARHABA MTA GENERAL TRADING LLC,Trading & Distribution,General trading & wholesale,Medium,Name-derived
MARVELOUS DESIGN FURNITURE,Manufacturing - Furniture,Custom furniture,High,Name-derived
MARVELOUS DESIGN FURNITURE,Manufacturing - Furniture,Custom furniture,High,Name-derived
MARVELOUS DESIGN FURNITURE,Manufacturing - Furniture,Custom furniture,High,Name-derived
MARVELOUS DESIGN FURNITURE L.L.C - S.P.C,Manufacturing - Furniture,Custom furniture,High,Name-derived
MASAFI CO. L.L.C.,Manufacturing - Food & Beverage,Bottled water & beverages,High,Name-derived
MASAFI CO. L.L.C.,Manufacturing - Food & Beverage,Bottled water & beverages,High,Name-derived
MASAFI CO. L.L.C.,Manufacturing - Food & Beverage,Bottled water & beverages,High,Name-derived
MASAFI CO. L.L.C.,Manufacturing - Food & Beverage,Bottled water & beverages,High,Name-derived
MASAFI CO. L.L.C.,Manufacturing - Food & Beverage,Bottled water & beverages,High,Name-derived
MASAFI CO. L.L.C.,Manufacturing - Food & Beverage,Bottled water & beverages,High,Name-derived
MASAFI CO. L.L.C.,Manufacturing - Food & Beverage,Bottled water & beverages,High,Name-derived
MASAFI CO. L.L.C.,Manufacturing - Food & Beverage,Bottled water & beverages,High,Name-derived
MASAFI CO. L.L.C.,Manufacturing - Food & Beverage,Bottled water & beverages,High,Name-derived
MASAFI CO. L.L.C.,Manufacturing - Food & Beverage,Bottled water & beverages,High,Name-derived
MASAR MEDICAL CO,Medical Supplies,Medical equipment & supplies,High,Name-derived
MASEERA TRADING LLC,Trading & Distribution,General trading,Low,Name-derived
MASEERA TRADING LLC,Trading & Distribution,General trading,Low,Name-derived
MASHARIF FOOD INDUSTRIES ONE PERSON COMPANY LLC,Manufacturing - Food,Food production,High,Name-derived
MASTER GADGET FZCO,Consumer Electronics,Consumer gadgets trading,High,Name-derived
MASTERGLOBAL LOGISTICS LLC,Logistics & Supply Chain,Freight forwarding,High,Name-derived
MASTERGLOBAL LOGISTICS LLC,Logistics & Supply Chain,Freight forwarding,High,Name-derived
MAX TECHNICAL ELECTRICAL TRADING LLC,Electrical Trading,Electrical products & services,Medium,Name-derived
MAX TECHNICAL ELECTRICAL TRADING LLC,Electrical Trading,Electrical products & services,Medium,Name-derived
MAX TECHNICAL ELECTRICAL TRADING LLC,Electrical Trading,Electrical products & services,Medium,Name-derived
MAXCO ELECTROMECHANICAL LLC,MEP & Electromechanical,MEP contracting & services,Medium,Name-derived
MAXPOWER ELECTROMECHANICAL CONTRACTING LLC,MEP & Electromechanical,MEP contracting & services,Medium,Name-derived
MBM GULF ELECTROMECHANICAL LLC,MEP & Electromechanical,MEP contracting & services,Medium,Name-derived
MBM GULF ELECTROMECHANICAL LLC,MEP & Electromechanical,MEP contracting & services,Medium,Name-derived
MBM GULF ELECTROMECHANICAL LLC,MEP & Electromechanical,MEP contracting & services,Medium,Name-derived
MBM GULF ELECTROMECHANICAL LLC,MEP & Electromechanical,MEP contracting & services,Medium,Name-derived
MBM GULF ELECTROMECHANICAL LLC,MEP & Electromechanical,MEP contracting & services,Medium,Name-derived
MBM GULF ELECTROMECHANICAL LLC,MEP & Electromechanical,MEP contracting & services,Medium,Name-derived
MBM GULF ELECTROMECHANICAL LLC,MEP & Electromechanical,MEP contracting & services,Medium,Name-derived
MBM GULF ELECTROMECHANICAL LLC,MEP & Electromechanical,MEP contracting & services,Medium,Name-derived
MBM GULF ELECTROMECHANICAL LLC,MEP & Electromechanical,MEP contracting & services,Medium,Name-derived
MBM GULF ELECTROMECHANICAL LLC,MEP & Electromechanical,MEP contracting & services,Medium,Name-derived
MBM GULF ELECTROMECHANICAL LLC,MEP & Electromechanical,MEP contracting & services,Medium,Name-derived
MCDONALD’S MIDDLE EAST DEVELOPMENT COMPANY (DUBAI BRANCH),Food Service,QSR franchise development,High,Name-derived
MCDONALD’S MIDDLE EAST DEVELOPMENT COMPANY (DUBAI BRANCH),Food Service,QSR franchise development,High,Name-derived
MCDONALD’S MIDDLE EAST DEVELOPMENT COMPANY (DUBAI BRANCH),Food Service,QSR franchise development,High,Name-derived
MCDONALD’S MIDDLE EAST DEVELOPMENT COMPANY (DUBAI BRANCH),Food Service,QSR franchise development,High,Name-derived
MCDONALD’S MIDDLE EAST DEVELOPMENT COMPANY (DUBAI BRANCH),Food Service,QSR franchise development,High,Name-derived
MECHWAY GLOBAL LLC,Industrial Distribution,Mechanical components for building services & infrastructure,Medium,Web-verified
MEDAIT STAR REAL ESTATE LLC,Real Estate,Real estate services,High,Name-derived
MEDAIT STAR REAL ESTATE LLC,Real Estate,Real estate services,High,Name-derived
MEDAIT STAR REAL ESTATE LLC,Real Estate,Real estate services,High,Name-derived
MEDIA BUILDING MATERIAL TRADING LLC- RAK,Building Materials Trading,Building materials & sanitaryware,Medium,Name-derived
MEDIA GENERAL TRADING LLC,Marketing Services,Advertising & marketing,Medium,Name-derived
MEDNET LLC,Insurance Services,Third-party health insurance administration,High,Name-derived
MEETHAQ EMPLOYMENT AGENCY,HR & Recruitment,Employment agency,High,Name-derived
MEETHAQ EMPLOYMENT AGENCY,HR & Recruitment,Employment agency,High,Name-derived
MEETHAQ EMPLOYMENT AGENCY,HR & Recruitment,Employment agency,High,Name-derived
MEETHAQ EMPLOYMENT AGENCY,HR & Recruitment,Employment agency,High,Name-derived
MEETHAQ EMPLOYMENT AGENCY,HR & Recruitment,Employment agency,High,Name-derived
MEETHAQ MANPOWER LLC,HR & Recruitment,Manpower supply,High,Name-derived
MEF TECHNICAL SERVICES L.L.C,Technical Services,Technical & maintenance services,Medium,Name-derived
MEGA MIC GENERAL TRADING LLC,Trading & Distribution,General trading & wholesale,Medium,Name-derived
MEGASTRIKE MIDDLE EAST & AFRICA FZCO,Chemicals Distribution,Polymers & chemicals trading,Medium,Name-derived
MEGASTRIKE MIDDLE EAST & AFRICA FZCO,Chemicals Distribution,Polymers & chemicals trading,Medium,Name-derived
MEGASTRIKE MIDDLE EAST & AFRICA FZCO,Chemicals Distribution,Polymers & chemicals trading,Medium,Name-derived
MEGASTRIKE MIDDLE EAST POLYMERS TRADING LLC,Chemicals Distribution,Polymers trading,High,Name-derived
MELDEN ADVISORY DMCC,Professional Services,Corporate / financial advisory,High,Name-derived
MELDEN ADVISORY DMCC,Professional Services,Corporate / financial advisory,High,Name-derived
MELDEN ADVISORY DMCC,Professional Services,Corporate / financial advisory,High,Name-derived
MERIDIAN EXPRESS LOGISTICS LLC,Logistics & Supply Chain,Freight & logistics,High,Name-derived
METRO INTERNATIONAL LLC,Manufacturing - Paper & Packaging,"Drum/can closures, packaging components & filtration",High,Web-verified
METRO INTERNATIONAL LLC,Manufacturing - Paper & Packaging,"Drum/can closures, packaging components & filtration",High,Web-verified
METRO INTERNATIONAL LLC,Manufacturing - Paper & Packaging,"Drum/can closures, packaging components & filtration",High,Web-verified
METRO INTERNATIONAL MEDICAL CENTER PHARMACY L.L.C,Pharmacy Retail,Clinic pharmacy,High,Name-derived
MEVAGO BUSINESS RESOURCES EST,Professional Services,Business services,Low,Name-derived
MFIVE SERVICES,Unclassified,Insufficient information in name,Low,Name-derived
MFIVE SERVICES,Unclassified,Insufficient information in name,Low,Name-derived
MFIVE SERVICES,Unclassified,Insufficient information in name,Low,Name-derived
MIDDLE EAST FACTORY L. L. C,Manufacturing,Industrial manufacturing,Low,Name-derived
MIDDLE EAST FUJI LLC,Elevators & Escalators,Lift supply & installation,High,Name-derived
MIDDLE EAST FUJI LLC,Elevators & Escalators,Lift supply & installation,High,Name-derived
MIDDLE EAST FUJI LLC,Elevators & Escalators,Lift supply & installation,High,Name-derived
MIDDLE EAST GROUP (FZE),Trading & Distribution,International trading,Low,Name-derived
MIDHAT PASHA CAFE L.L.C,Food Service,Cafe,High,Name-derived
MINERAL CIRCLES BEARINGS FZE,Industrial Distribution,Bearings & power transmission,High,Name-derived
MINERAL CIRCLES BEARINGS FZE,Industrial Distribution,Bearings & power transmission,High,Name-derived
MINERAL CIRCLES BEARINGS FZE,Industrial Distribution,Bearings & power transmission,High,Name-derived
MINERAL CIRCLES BEARINGS FZE,Industrial Distribution,Bearings & power transmission,High,Name-derived
MINERAL CIRCLES BEARINGS FZE,Industrial Distribution,Bearings & power transmission,High,Name-derived
MINERAL CIRCLES BEARINGS FZE,Industrial Distribution,Bearings & power transmission,High,Name-derived
MINERAL CIRCLES BEARINGS FZE,Industrial Distribution,Bearings & power transmission,High,Name-derived
MINERAL CIRCLES BEARINGS FZE,Industrial Distribution,Bearings & power transmission,High,Name-derived
MINERAL CIRCLES BEARINGS FZE,Industrial Distribution,Bearings & power transmission,High,Name-derived
MINERAL CIRCLES BEARINGS FZE,Industrial Distribution,Bearings & power transmission,High,Name-derived
MIRAJKAR GENERAL TRADING CO LLC,Trading & Distribution,General trading & wholesale,Medium,Name-derived
MIRAK ROYAL NATURE FRUITS AND VEGETABLES,Fresh Produce & Grocery,Fruits & vegetables wholesale,Medium,Name-derived
MIRAK ROYAL NATURE FRUITS AND VEGETABLES,Fresh Produce & Grocery,Fruits & vegetables wholesale,Medium,Name-derived
MIRAK ROYAL NATURE FRUITS AND VEGETABLES,Fresh Produce & Grocery,Fruits & vegetables wholesale,Medium,Name-derived
MISTER BAKER LLC,Manufacturing - Food,Bakery & cakes,High,Name-derived
MISTER BAKER LLC,Manufacturing - Food,Bakery & cakes,High,Name-derived
MISTER BAKER LLC,Manufacturing - Food,Bakery & cakes,High,Name-derived
MISTER BAKER LLC,Manufacturing - Food,Bakery & cakes,High,Name-derived
MIX DESIGN CEMENT PRODUCT TRADING,Building Materials Trading,Cement products,High,Name-derived
MIX PARTS L. L. C.,Automotive Parts Trading,Auto spare parts trading (inferred - not found online),Low,Web-verified
MK GLOBAL STEEL & TIMBER TRADING FZCO,Steel & Metals Trading,Steel & timber trading,High,Name-derived
MMJ SECURITY AND SAFETY,Security Services,Security & safety systems,High,Name-derived
MODERN KEY TREND GENERAL TRADING (L.L.C),Trading & Distribution,General trading & wholesale,Medium,Name-derived
MODERN KEY TREND GENERAL TRADING (L.L.C),Trading & Distribution,General trading & wholesale,Medium,Name-derived
MODERN KEY TREND GENERAL TRADING (L.L.C),Trading & Distribution,General trading & wholesale,Medium,Name-derived
MODPAK LLC,Manufacturing - Paper & Packaging,Packaging,High,Name-derived
MOHAMED ALI MOIDEEN DRUG STORE - FZE,Pharmaceuticals,Pharmaceutical distribution,High,Name-derived
MOHAMED ALI MOIDEEN DRUG STORE - FZE,Pharmaceuticals,Pharmaceutical distribution,High,Name-derived
MOHAMED ALI MOIDEEN DRUG STORE - FZE,Pharmaceuticals,Pharmaceutical distribution,High,Name-derived
MOHAMED ALI MOIDEEN DRUG STORE - FZE,Pharmaceuticals,Pharmaceutical distribution,High,Name-derived
MOHAMED ALI MOIDEEN DRUG STORE - FZE,Pharmaceuticals,Pharmaceutical distribution,High,Name-derived
MOHAMED ALI MOIDEEN DRUG STORE - FZE,Pharmaceuticals,Pharmaceutical distribution,High,Name-derived
MOHAMED ALI MOIDEEN DRUG STORE - FZE,Pharmaceuticals,Pharmaceutical distribution,High,Name-derived
MOHAMED ALI MOIDEEN DRUG STORE - FZE,Pharmaceuticals,Pharmaceutical distribution,High,Name-derived
MOHAMED ALI MOIDEEN KUTTY GENERAL TRADING L.L.C,Trading & Distribution,General trading & wholesale,Medium,Name-derived
MOHAMED ALI MOIDEEN KUTTY GENERAL TRADING L.L.C,Trading & Distribution,General trading & wholesale,Medium,Name-derived
MOHAMED ALI MOIDEEN KUTTY GENERAL TRADING L.L.C,Trading & Distribution,General trading & wholesale,Medium,Name-derived
MOHAMED ALI MOIDEEN KUTTY GENERAL TRADING L.L.C,Trading & Distribution,General trading & wholesale,Medium,Name-derived
MOHAMED ALI MOIDEEN KUTTY GENERAL TRADING L.L.C,Trading & Distribution,General trading & wholesale,Medium,Name-derived
MOHAMED ALI MOIDEEN KUTTY GENERAL TRADING L.L.C,Trading & Distribution,General trading & wholesale,Medium,Name-derived
MOHAMED ALI MOIDEEN KUTTY GENERAL TRADING L.L.C,Trading & Distribution,General trading & wholesale,Medium,Name-derived
MOHAMED ALI MOIDEEN KUTTY GENERAL TRADING L.L.C,Trading & Distribution,General trading & wholesale,Medium,Name-derived
MOHAMED MOHIUDEEN GENERAL TRADING COMPANY LLC,Trading & Distribution,General trading & wholesale,Medium,Name-derived
MOHAMMAD JAWAD YOUSUF KHOORY,Individual / Personal Account,Named individual / sole trader,Medium,Name-derived
MOHAMMAD MATTAR BIN LAHEJ TRADING CO. L.L.C,Trading & Distribution,General trading & wholesale,Medium,Name-derived
MOHAMMED ALI GENERAL TRADING LLC,Trading & Distribution,General trading & wholesale,Medium,Name-derived
MOHAMMED ALI GENERAL TRADING LLC,Trading & Distribution,General trading & wholesale,Medium,Name-derived
MOHAMMED ALSAEED GENERAL TRADING,Trading & Distribution,General trading & wholesale,Medium,Name-derived
MOHAMMED ALSAEED GENERAL TRADING,Trading & Distribution,General trading & wholesale,Medium,Name-derived
MOHAMMED ALSAEED GENERAL TRADING,Trading & Distribution,General trading & wholesale,Medium,Name-derived
MOHAMMED ALSAEED GENERAL TRADING,Trading & Distribution,General trading & wholesale,Medium,Name-derived
MOHAMMED ALSAEED GENERAL TRADING,Trading & Distribution,General trading & wholesale,Medium,Name-derived
MOHD AHMED ZAMIN PIMA TRADING COMPANY LLC,Trading & Distribution,General trading & wholesale,Medium,Name-derived
MOHD AHMED ZAMIN PIMA TRADING COMPANY LLC,Trading & Distribution,General trading & wholesale,Medium,Name-derived
MOHD AHMED ZAMIN PIMA TRADING COMPANY LLC,Trading & Distribution,General trading & wholesale,Medium,Name-derived
MOHD ALI AL BALOOSHI TRADING LLC,Trading & Distribution,General trading & wholesale,Medium,Name-derived
MOHD MANSOOR TRADING L. L. C,Trading & Distribution,General trading & wholesale,Medium,Name-derived
MOHD RIYAZ GROUP,Diversified Group,Diversified group,Low,Name-derived
MOHEBI LOGISTICS,Logistics & Supply Chain,"3PL, warehousing & distribution",High,Name-derived
MOHEBI LOGISTICS,Logistics & Supply Chain,"3PL, warehousing & distribution",High,Name-derived
MOHEBI LOGISTICS,Logistics & Supply Chain,"3PL, warehousing & distribution",High,Name-derived
MOHEBZADA GROUP OF COMPANIES,Diversified Group,Diversified group,Medium,Name-derived
MOHEBZADA GROUP OF COMPANIES,Diversified Group,Diversified group,Medium,Name-derived
MOHIDEEN GENERAL TRADING L.L.C (SOLE PROPRIETORSHIP),Trading & Distribution,General trading & wholesale,Medium,Name-derived
MOHIDEEN GENERAL TRADING L.L.C (SOLE PROPRIETORSHIP),Trading & Distribution,General trading & wholesale,Medium,Name-derived
MOHIDEEN GENERAL TRADING L.L.C (SOLE PROPRIETORSHIP),Trading & Distribution,General trading & wholesale,Medium,Name-derived
MOHIDEEN GENERAL TRADING L.L.C (SOLE PROPRIETORSHIP),Trading & Distribution,General trading & wholesale,Medium,Name-derived
MOHIDEEN GENERAL TRADING L.L.C (SOLE PROPRIETORSHIP),Trading & Distribution,General trading & wholesale,Medium,Name-derived
MOHIDEEN GENERAL TRADING L.L.C (SOLE PROPRIETORSHIP),Trading & Distribution,General trading & wholesale,Medium,Name-derived
MOHIDEEN GENERAL TRADING L.L.C (SOLE PROPRIETORSHIP),Trading & Distribution,General trading & wholesale,Medium,Name-derived
MOHIDEEN GENERAL TRADING L.L.C (SOLE PROPRIETORSHIP),Trading & Distribution,General trading & wholesale,Medium,Name-derived
MOHIDEEN TRADERS - FISH MARKET,Fresh Produce & Grocery,Fish wholesale,High,Name-derived
MOHIDEEN VEGETABLE - AL HABAY FOOD STUFF DIVISION,Fresh Produce & Grocery,Vegetables & foodstuff,High,Name-derived
MOHIDEEN VEGETABLE - AL HABAY FOOD STUFF DIVISION,Fresh Produce & Grocery,Vegetables & foodstuff,High,Name-derived
MOIDEEN TRADERS L.L.C.,Trading & Distribution,General trading & wholesale,Medium,Name-derived
MOIDEEN TRADERS L.L.C.,Trading & Distribution,General trading & wholesale,Medium,Name-derived
MORA GENERAL TRADING,Trading & Distribution,General trading & wholesale,Medium,Name-derived
MORA GENERAL TRADING,Trading & Distribution,General trading & wholesale,Medium,Name-derived
MORYA GROUP,Diversified Group,Diversified group,Low,Name-derived
MORYA GROUP,Diversified Group,Diversified group,Low,Name-derived
MOTIVE INTERNATIONAL TRADING,Trading & Distribution,General trading,Low,Name-derived
MQ HOLDING GROUP LLC,Investment & Holding,Holding company,Medium,Name-derived
MQ HOLDING GROUP LLC,Investment & Holding,Holding company,Medium,Name-derived
MQ HOLDING GROUP LLC,Investment & Holding,Holding company,Medium,Name-derived
MS ARCHITECTURE & DESIGN,Architecture & Design,Architectural design,High,Name-derived
MSHAKEK FOODSTUFF CATERING,Food Service,Catering,High,Name-derived
MSHAKEK FOODSTUFF CATERING,Food Service,Catering,High,Name-derived
MSHAKEK FOODSTUFF CATERING,Food Service,Catering,High,Name-derived
MSHAKEK FOODSTUFF CATERING,Food Service,Catering,High,Name-derived
MSHAKEK FOODSTUFF CATERING,Food Service,Catering,High,Name-derived
MSHKAK GENERAL TRADING,Trading & Distribution,General trading & wholesale,Medium,Name-derived
MTM & O GOLD REFINERY DMCC,Jewellery & Precious Metals,Gold refining,High,Name-derived
MUC MIDDLE EAST ENGINEERING CONSULTANCY,Engineering Consultancy,Design & supervision consultancy,High,Name-derived
MUDIN AL EMARATE BLDG. CONT LLC,Construction & Contracting,Building & civil contracting,Medium,Name-derived
MUDIN AL EMARATE HOSPITALITY,Hospitality,Hospitality services,Medium,Name-derived
MUDIN AL EMARATE HOSPITALITY,Hospitality,Hospitality services,Medium,Name-derived
MULTI COMMERCE FZC,Trading & Distribution,General trading,Low,Name-derived
MULTI COMMERCE FZC,Trading & Distribution,General trading,Low,Name-derived
MULTI COMMODITY GENERAL TRADING FZE,Commodity Trading,Commodity trading,Medium,Name-derived
MULTI GRAIN TRADING LLC,Commodity Trading,Grain trading,High,Name-derived
MULTI PRODUCTS ENTERPRISE L. L. C,Trading & Distribution,General trading,Low,Name-derived
MULTI PRODUCTS ENTERPRISE L. L. C,Trading & Distribution,General trading,Low,Name-derived
MULTI PRODUCTS ENTERPRISE L. L. C,Trading & Distribution,General trading,Low,Name-derived
MULTI PRODUCTS ENTERPRISE L. L. C,Trading & Distribution,General trading,Low,Name-derived
MULTI TRADE LIMITED FZC,Trading & Distribution,General trading,Low,Name-derived
MULTI TRADE LIMITED FZC,Trading & Distribution,General trading,Low,Name-derived
MULTI TRADE LIMITED FZC,Trading & Distribution,General trading,Low,Name-derived
MULTI TRADE LIMITED FZC,Trading & Distribution,General trading,Low,Name-derived
MULTILINK CONTRACTING L.L.C.,Construction & Contracting,Building & civil contracting,Medium,Name-derived
MULTILINK CONTRACTING L.L.C.,Construction & Contracting,Building & civil contracting,Medium,Name-derived
MULTILINK CONTRACTING L.L.C.,Construction & Contracting,Building & civil contracting,Medium,Name-derived
MULTIPLEX CONSTRUCTION LLC,Construction & Contracting,Main contractor,High,Name-derived
MULTIPLEX CONSTRUCTION LLC,Construction & Contracting,Main contractor,High,Name-derived
MULTIPLEX CONSTRUCTION LLC,Construction & Contracting,Main contractor,High,Name-derived
MULTIPLEX CONSTRUCTION LLC,Construction & Contracting,Main contractor,High,Name-derived
MUNCHERIE ORGANIC FOOD MANUFACTURING LLC,Manufacturing - Food,Organic food production,High,Name-derived
MUNCHERIE ORGANIC FOOD MANUFACTURING LLC,Manufacturing - Food,Organic food production,High,Name-derived
MUNCHERIE ORGANIC FOOD MANUFACTURING LLC,Manufacturing - Food,Organic food production,High,Name-derived
MUSCAT PHARMACEUTICAL TRADING  LLC,Pharmaceuticals,Pharmaceutical distribution,High,Name-derived
MUSCAT PHARMACEUTICAL TRADING  LLC,Pharmaceuticals,Pharmaceutical distribution,High,Name-derived
MUSCAT PHARMACEUTICAL TRADING  LLC,Pharmaceuticals,Pharmaceutical distribution,High,Name-derived
MUSCAT PHARMACEUTICAL TRADING  LLC,Pharmaceuticals,Pharmaceutical distribution,High,Name-derived
MUSCAT PHARMACEUTICAL TRADING  LLC,Pharmaceuticals,Pharmaceutical distribution,High,Name-derived
MUSCAT PHARMACEUTICAL TRADING  LLC,Pharmaceuticals,Pharmaceutical distribution,High,Name-derived
MUSCUT TECHNICAL EQUIPMENT LLC,Industrial Equipment,Technical equipment supply,Medium,Name-derived
NAD SHABEEB WASTE COLLECTION & TRANSPORTING,Recycling & Waste,Waste collection & transport,High,Name-derived
NAD SHABEEB WASTE COLLECTION & TRANSPORTING,Recycling & Waste,Waste collection & transport,High,Name-derived
NAD SHABEEB WASTE COLLECTION & TRANSPORTING,Recycling & Waste,Waste collection & transport,High,Name-derived
NAD SHABEEB WASTE COLLECTION & TRANSPORTING,Recycling & Waste,Waste collection & transport,High,Name-derived
NAD SHABEEB WASTE COLLECTION & TRANSPORTING,Recycling & Waste,Waste collection & transport,High,Name-derived
NAD SHABEEB WASTE COLLECTION & TRANSPORTING,Recycling & Waste,Waste collection & transport,High,Name-derived
NAF CONTRACTING LLC,Construction & Contracting,Building & civil contracting,Medium,Name-derived
NAJEEB KADIRI TRADING CO LLC,Trading & Distribution,General trading & wholesale,Medium,Name-derived
NAJEEB KADIRI TRADING CO LLC,Trading & Distribution,General trading & wholesale,Medium,Name-derived
NAJEEB KADIRI TRADING CO LLC,Trading & Distribution,General trading & wholesale,Medium,Name-derived
NAJMAT AL AWEER FRUIT AND VEGETABLES TRADING,Fresh Produce & Grocery,Fruits & vegetables wholesale,Medium,Name-derived
NAJMAT YALWAN GENERAL TRADING L.L.C.,Trading & Distribution,General trading & wholesale,Medium,Name-derived
NAOS MIDDLE EAST DMCC,Cosmetics & Personal Care,Dermo-cosmetics (Bioderma / NAOS),High,Name-derived
NAOS MIDDLE EAST DMCC,Cosmetics & Personal Care,Dermo-cosmetics (Bioderma / NAOS),High,Name-derived
NAOS MIDDLE EAST DMCC,Cosmetics & Personal Care,Dermo-cosmetics (Bioderma / NAOS),High,Name-derived
NARESCO CONTRACTING L. L. C,Construction & Contracting,Building & civil contracting,Medium,Name-derived
NARESCO CONTRACTING L. L. C,Construction & Contracting,Building & civil contracting,Medium,Name-derived
NARESCO CONTRACTING L. L. C,Construction & Contracting,Building & civil contracting,Medium,Name-derived
NARESCO CONTRACTING L. L. C,Construction & Contracting,Building & civil contracting,Medium,Name-derived
NARESCO CONTRACTING L. L. C,Construction & Contracting,Building & civil contracting,Medium,Name-derived
NARESCO CONTRACTING L. L. C,Construction & Contracting,Building & civil contracting,Medium,Name-derived
NARESCO CONTRACTING L. L. C,Construction & Contracting,Building & civil contracting,Medium,Name-derived
NARESCO CONTRACTING L. L. C,Construction & Contracting,Building & civil contracting,Medium,Name-derived
NARESCO CONTRACTING L. L. C,Construction & Contracting,Building & civil contracting,Medium,Name-derived
NASCO TRADING LLC,Trading & Distribution,General trading,Low,Name-derived
NASCO TRADING LLC,Trading & Distribution,General trading,Low,Name-derived
NASCO TRADING LLC,Trading & Distribution,General trading,Low,Name-derived
NASCO TRADING LLC,Trading & Distribution,General trading,Low,Name-derived
NASEEB TEXTILES LLC,Textiles & Apparel Trading,Textile trading,High,Name-derived
NASEEM AL RAFAIDIAN TYRES & BATTERIES TRADING,Automotive Parts Trading,Tyres & batteries,High,Name-derived
NASEEM AL RAFAIDIAN TYRES & BATTERIES TRADING,Automotive Parts Trading,Tyres & batteries,High,Name-derived
NASEEM AL RAFAIDIAN TYRES & BATTERIES TRADING,Automotive Parts Trading,Tyres & batteries,High,Name-derived
NASEEM AL SAHEL VEGETABLES & FRUITS TRADING L.L.C,Fresh Produce & Grocery,Fruits & vegetables wholesale,Medium,Name-derived
NASER MOHD NASER AL SAYER TRADING CO. L.L.C,Trading & Distribution,General trading,Low,Name-derived
NASER MOHD NASER AL SAYER TRADING CO. L.L.C,Trading & Distribution,General trading,Low,Name-derived
NASER MOHD NASER AL SAYER TRADING CO. L.L.C,Trading & Distribution,General trading,Low,Name-derived
NASIK FRUITS & VEGETABLES TRADING LLC,Fresh Produce & Grocery,Fruits & vegetables wholesale,Medium,Name-derived
NASIK FRUITS & VEGETABLES TRADING LLC,Fresh Produce & Grocery,Fruits & vegetables wholesale,Medium,Name-derived
NASIK FRUITS & VEGETABLES TRADING LLC,Fresh Produce & Grocery,Fruits & vegetables wholesale,Medium,Name-derived
NASIK FRUITS & VEGETABLES TRADING LLC,Fresh Produce & Grocery,Fruits & vegetables wholesale,Medium,Name-derived
NASMAT AL SABAH GENERAL TRADING L.L.C,Trading & Distribution,General trading & wholesale,Medium,Name-derived
NASMAT AL SABAH GENERAL TRADING L.L.C,Trading & Distribution,General trading & wholesale,Medium,Name-derived
NASMAT AL SABAH GENERAL TRADING L.L.C,Trading & Distribution,General trading & wholesale,Medium,Name-derived
NASMAT AL SABAH GENERAL TRADING L.L.C,Trading & Distribution,General trading & wholesale,Medium,Name-derived
NASSER SAEED ALHAJRI & PARTNERS CONTRACTING COMPANY L.L.C.,Construction & Contracting,Industrial contracting (NSH),High,Name-derived
NASSER SAEED ALHAJRI & PARTNERS CONTRACTING COMPANY L.L.C.,Construction & Contracting,Industrial contracting (NSH),High,Name-derived
NATCORE TRADING FZE,Trading & Distribution,General trading & wholesale,Medium,Name-derived
NATIONAL ALUMINIUM & STEEL FACTORY (GINCO),Manufacturing - Metals,Aluminium & steel products,High,Name-derived
NATIONAL ALUMINIUM & STEEL FACTORY (GINCO),Manufacturing - Metals,Aluminium & steel products,High,Name-derived
NATIONAL ALUMINIUM & STEEL FACTORY (GINCO),Manufacturing - Metals,Aluminium & steel products,High,Name-derived
NATIONAL ALUMINIUM & STEEL FACTORY (GINCO),Manufacturing - Metals,Aluminium & steel products,High,Name-derived
NATIONAL ELECTRICAL SYSTEM FZE.,Electrical Trading,Electrical products & systems,High,Name-derived
NATIONAL FLOWER CO. LLC,Florist & Gifts,Flowers wholesale,High,Name-derived
NATIONAL FLOWER CO. LLC,Florist & Gifts,Flowers wholesale,High,Name-derived
NATIONAL HOLDING AND AL MOJIL LLC,Diversified Group,Holding & contracting group,Medium,Name-derived
NATIONAL HOLDING AND AL MOJIL LLC,Diversified Group,Holding & contracting group,Medium,Name-derived
NATIONAL HOLDING AND AL MOJIL LLC,Diversified Group,Holding & contracting group,Medium,Name-derived
NATIONAL HOLDING AND AL MOJIL LLC,Diversified Group,Holding & contracting group,Medium,Name-derived
NATIONAL HOLDING AND AL MOJIL LLC,Diversified Group,Holding & contracting group,Medium,Name-derived
NATIONAL HOLDING AND AL MOJIL LLC,Diversified Group,Holding & contracting group,Medium,Name-derived
NATIONAL HOLDING AND AL MOJIL LLC,Diversified Group,Holding & contracting group,Medium,Name-derived
NATIONAL HOLDING AND AL MOJIL LLC,Diversified Group,Holding & contracting group,Medium,Name-derived
NATIONAL HOLDING AND AL MOJIL LLC,Diversified Group,Holding & contracting group,Medium,Name-derived
NATIONAL STORE LLC,Retail,Retail & distribution,Medium,Name-derived
NATIONAL STORE LLC,Retail,Retail & distribution,Medium,Name-derived
NATIONAL STORE LLC,Retail,Retail & distribution,Medium,Name-derived
NATIONAL STORE LLC,Retail,Retail & distribution,Medium,Name-derived
NEOM PHARMACY - L.L.C - O.P.C,Pharmacy Retail,Community pharmacy,High,Name-derived
NEON ENERGY GROUP,Energy,Energy solutions,Medium,Name-derived
NEON ENERGY GROUP,Energy,Energy solutions,Medium,Name-derived
NETCO NETWORK SECURITY SOLUTIONS LLC,IT Services,Network & cyber security solutions,High,Name-derived
NETCO NETWORK SECURITY SOLUTIONS LLC,IT Services,Network & cyber security solutions,High,Name-derived
NETCO NETWORK SECURITY SOLUTIONS LLC,IT Services,Network & cyber security solutions,High,Name-derived
NEURO SPINAL HOSPITAL,Healthcare,Specialty hospital - neuro & spine,High,Name-derived
NEURO SPINAL HOSPITAL,Healthcare,Specialty hospital - neuro & spine,High,Name-derived
NEURO SPINAL HOSPITAL,Healthcare,Specialty hospital - neuro & spine,High,Name-derived
NEURO SPINAL HOSPITAL,Healthcare,Specialty hospital - neuro & spine,High,Name-derived
NEURO SPINAL HOSPITAL,Healthcare,Specialty hospital - neuro & spine,High,Name-derived
NEURO SPINAL HOSPITAL,Healthcare,Specialty hospital - neuro & spine,High,Name-derived
NEURO SPINAL HOSPITAL,Healthcare,Specialty hospital - neuro & spine,High,Name-derived
NEURO SPINAL HOSPITAL,Healthcare,Specialty hospital - neuro & spine,High,Name-derived
NEURO SPINAL HOSPITAL,Healthcare,Specialty hospital - neuro & spine,High,Name-derived
NEURO SPINAL HOSPITAL,Healthcare,Specialty hospital - neuro & spine,High,Name-derived
NEURO SPINAL HOSPITAL,Healthcare,Specialty hospital - neuro & spine,High,Name-derived
NEURO SPINAL HOSPITAL,Healthcare,Specialty hospital - neuro & spine,High,Name-derived
NEURO SPINAL HOSPITAL,Healthcare,Specialty hospital - neuro & spine,High,Name-derived
NEURO SPINAL HOSPITAL,Healthcare,Specialty hospital - neuro & spine,High,Name-derived
NEURO SPINAL HOSPITAL,Healthcare,Specialty hospital - neuro & spine,High,Name-derived
NEW AL FARWANIYA SURGICALS & MEDICAL EQUIPMENT L.L.C.,Medical Supplies,Surgical & medical equipment,High,Name-derived
NEW AL FARWANIYA SURGICALS & MEDICAL EQUIPMENT L.L.C.,Medical Supplies,Surgical & medical equipment,High,Name-derived
NEW AL FARWANIYA SURGICALS & MEDICAL EQUIPMENT L.L.C.,Medical Supplies,Surgical & medical equipment,High,Name-derived
NEW AL FARWANIYA SURGICALS & MEDICAL EQUIPMENT L.L.C.,Medical Supplies,Surgical & medical equipment,High,Name-derived
NEW AL FARWANIYA SURGICALS & MEDICAL EQUIPMENT L.L.C.,Medical Supplies,Surgical & medical equipment,High,Name-derived
NEW BM TRADING LLC,Trading & Distribution,General trading & wholesale,Medium,Name-derived
NEW BM TRADING LLC,Trading & Distribution,General trading & wholesale,Medium,Name-derived
NEW BM TRADING LLC,Trading & Distribution,General trading & wholesale,Medium,Name-derived
NEW FASHION GALLERY LLC,Retail,Fashion retail,High,Name-derived
NEW FASHION GALLERY LLC,Retail,Fashion retail,High,Name-derived
NEW FASHION TRACK ENTERPRISES LLC,Textiles & Apparel Trading,Fashion trading,Medium,Name-derived
NEW FASHION TRACK ENTERPRISES LLC,Textiles & Apparel Trading,Fashion trading,Medium,Name-derived
NEW GREEN CITY STAR RESTAURANT LLC,Food Service,Restaurant,High,Name-derived
NEW GREEN CITY STAR RESTAURANT LLC,Food Service,Restaurant,High,Name-derived
NEW GREEN CITY STAR RESTAURANT LLC,Food Service,Restaurant,High,Name-derived
NEW POWER ELECTRICAL AND BUILDING MATERIALS - SOLE PROPRIETORSHIP L.L.C.,Building Materials Trading,Building materials & sanitaryware,Medium,Name-derived
NEW SYSTEM ENGINEERING LLC,Engineering Services,Engineering services,Medium,Name-derived
NEW SYSTEM ENGINEERING LLC,Engineering Services,Engineering services,Medium,Name-derived
NEW SYSTEM ENGINEERING LLC,Engineering Services,Engineering services,Medium,Name-derived
NEW WORLD CENTER,Unclassified,Insufficient information in name,Low,Name-derived
NEW WORLD CO. LLC,Unclassified,Insufficient information in name,Low,Name-derived
NEW WORLD CO. LLC,Unclassified,Insufficient information in name,Low,Name-derived
NEWELL ELECTROMECHANICAL WORKS LLC,MEP & Electromechanical,MEP contracting & services,Medium,Name-derived
NIC GALLERY CARPETS & HOME DECOR LLC,Furniture & Interiors,Carpets & home decor,High,Name-derived
NIC GALLERY CARPETS & HOME DECOR LLC,Furniture & Interiors,Carpets & home decor,High,Name-derived
NICE AUTO SPARE PARTS LLC,Automotive Parts Trading,Vehicle spare parts & accessories,Medium,Name-derived
NICE GROUP OF COMPANIES,Diversified Group,Diversified group,Low,Name-derived
NIKON MIDDLE EAST FZE,Consumer Electronics,Imaging & optics distribution (Nikon),High,Name-derived
NIKON MIDDLE EAST FZE,Consumer Electronics,Imaging & optics distribution (Nikon),High,Name-derived
NIL GIRI GENERAL TRADING LLC,Trading & Distribution,General trading & wholesale,Medium,Name-derived
NIL GIRI GENERAL TRADING LLC,Trading & Distribution,General trading & wholesale,Medium,Name-derived
NIL GIRI GENERAL TRADING LLC,Trading & Distribution,General trading & wholesale,Medium,Name-derived
NINE YARDS SHIPPING & LOGISTICS SERVICES LLC,Logistics & Supply Chain,Shipping & logistics,High,Name-derived
NISCO GENERAL CONTRACTING L.L.C,Construction & Contracting,Building & civil contracting,Medium,Name-derived
NITIN VENTURES FZE,Trading & Distribution,Commodity / general trading,Low,Name-derived
NITIN VENTURES FZE,Trading & Distribution,Commodity / general trading,Low,Name-derived
NITIN VENTURES FZE,Trading & Distribution,Commodity / general trading,Low,Name-derived
NITIN VENTURES FZE,Trading & Distribution,Commodity / general trading,Low,Name-derived
NIYOJAN CONNECTOR OVERSEAS LLP,Trading & Distribution,Export trading,Low,Name-derived
NORTH AFRICA SHIPPING CO,Shipping,Shipping & vessel operations,High,Name-derived
NORTH AFRICA SHIPPING CO,Shipping,Shipping & vessel operations,High,Name-derived
NORTH AFRICA SHIPPING CO,Shipping,Shipping & vessel operations,High,Name-derived
NORTH AFRICA SHIPPING CO,Shipping,Shipping & vessel operations,High,Name-derived
NORTH AFRICA SHIPPING CO,Shipping,Shipping & vessel operations,High,Name-derived
NORTH AFRICA SHIPPING CO,Shipping,Shipping & vessel operations,High,Name-derived
NORTH CASPIAN TRADING L.L.C,Trading & Distribution,General trading,Low,Name-derived
NORTH CASPIAN TRADING L.L.C,Trading & Distribution,General trading,Low,Name-derived
NORTH CASPIAN TRADING L.L.C,Trading & Distribution,General trading,Low,Name-derived
NORTH CASPIAN TRADING L.L.C,Trading & Distribution,General trading,Low,Name-derived
NORTH CASPIAN TRADING L.L.C,Trading & Distribution,General trading,Low,Name-derived
NOVA CHOICE GENERAL TRADING LLC,Trading & Distribution,General trading & wholesale,Medium,Name-derived
NSCO CONTRACTING LLC,Construction & Contracting,Building & civil contracting,Medium,Name-derived
NSCO CONTRACTING LLC,Construction & Contracting,Building & civil contracting,Medium,Name-derived
NSCO CONTRACTING LLC,Construction & Contracting,Building & civil contracting,Medium,Name-derived
NUMBER ONE HEAVY EQUIPMENT L.L.C,Heavy Equipment,Heavy equipment,High,Name-derived
OASIS STAR TRANSPORT BY HEAVY TRUCKS (L.L.C),Freight Transport,Heavy truck transport,High,Name-derived
OBS GROUP LLC,Diversified Group,Diversified group,Low,Name-derived
OBS GROUP LLC,Diversified Group,Diversified group,Low,Name-derived
OBS GROUP LLC,Diversified Group,Diversified group,Low,Name-derived
OCARS FOR CAR SPARE PARTS CO. L.L.C,Automotive Parts Trading,Vehicle spare parts & accessories,Medium,Name-derived
OHIO GENERAL CONTRACTING LLC,Construction & Contracting,Building & civil contracting,Medium,Name-derived
OILEXEC EMPLOYMENT SOLE PROPRIETORSHIP LLC,HR & Recruitment,Oil & gas manpower supply,High,Name-derived
OILEXEC EMPLOYMENT SOLE PROPRIETORSHIP LLC,HR & Recruitment,Oil & gas manpower supply,High,Name-derived
OILEXEC EMPLOYMENT SOLE PROPRIETORSHIP LLC,HR & Recruitment,Oil & gas manpower supply,High,Name-derived
OKB FRUITS AND VEGETABLE TRADING LLC,Fresh Produce & Grocery,Fruits & vegetables wholesale,Medium,Name-derived
OKB FRUITS AND VEGETABLE TRADING LLC,Fresh Produce & Grocery,Fruits & vegetables wholesale,Medium,Name-derived
OKB FRUITS AND VEGETABLE TRADING LLC,Fresh Produce & Grocery,Fruits & vegetables wholesale,Medium,Name-derived
OKB FRUITS AND VEGETABLE TRADING LLC,Fresh Produce & Grocery,Fruits & vegetables wholesale,Medium,Name-derived
OPORTO MIDDLE EAST,Food Service,QSR franchise,High,Name-derived
OPORTO MIDDLE EAST,Food Service,QSR franchise,High,Name-derived
OPORTO MIDDLE EAST,Food Service,QSR franchise,High,Name-derived
ORANGE FOODSTUFF TRADING COMPANY LLC,Food & Beverage Trading,Foodstuff wholesale & distribution,Medium,Name-derived
ORIENT LINKS CO. LLC,Paper & Packaging Trading,"Paper, board & tissue trading across MEA",High,Web-verified
ORIENT LINKS CO. LLC,Paper & Packaging Trading,"Paper, board & tissue trading across MEA",High,Web-verified
ORIENT LINKS CO. LLC,Paper & Packaging Trading,"Paper, board & tissue trading across MEA",High,Web-verified
ORIENT LINKS CO. LLC,Paper & Packaging Trading,"Paper, board & tissue trading across MEA",High,Web-verified
ORIENTAL ESSENCE GENERAL TRADING LLC,Cosmetics & Personal Care,Fragrance / oud trading,Medium,Name-derived
OSUS AL-IBDAA MEDICAL COMPANY,Medical Supplies,Medical equipment & supplies,High,Name-derived
OTEX MEDICAL EQUIPMENTS TRADING LLC,Medical Supplies,Medical equipment trading,High,Name-derived
OTEX MEDICAL EQUIPMENTS TRADING LLC,Medical Supplies,Medical equipment trading,High,Name-derived
OTTOKRAFTOR VEHICLES SERVICES CO. LLC,Automotive Services,Vehicle services,High,Name-derived
OVERSEAS CANS & CONTAINERS LLC,Manufacturing - Paper & Packaging,Metal cans & containers,High,Name-derived
OVERSEAS CANS & CONTAINERS LLC,Manufacturing - Paper & Packaging,Metal cans & containers,High,Name-derived
OVERSEAS DISTRIBUTION SERVICES INC,Distribution,Distribution services,Medium,Name-derived
OVERSEAS DISTRIBUTION SERVICES INC,Distribution,Distribution services,Medium,Name-derived
OVERSEAS DISTRIBUTION SERVICES INC,Distribution,Distribution services,Medium,Name-derived
OVIYAM INTERNATIONAL PTE LTD,Trading & Distribution,General trading,Low,Name-derived
OVIYAM INTERNATIONAL PTE LTD,Trading & Distribution,General trading,Low,Name-derived
OZONE PHARMACY L.L.C,Pharmacy Retail,Community pharmacy,High,Name-derived
PALLETCO LLC,Manufacturing - Paper & Packaging,Pallets manufacturing,High,Name-derived
PALLETCO LLC,Manufacturing - Paper & Packaging,Pallets manufacturing,High,Name-derived
PAN EMIRATES HOME FURNISHINGS LLC,Retail,Furniture & home furnishings retail,High,Name-derived
PAN EMIRATES HOME FURNISHINGS LLC,Retail,Furniture & home furnishings retail,High,Name-derived
PANAGIA,Unclassified,Insufficient information in name,Low,Name-derived
PANAMERA LANDSCAPING L.L.C.,Landscaping,Landscape contracting,High,Name-derived
PANAMERA LANDSCAPING L.L.C.,Landscaping,Landscape contracting,High,Name-derived
PANAMERA LANDSCAPING L.L.C.,Landscaping,Landscape contracting,High,Name-derived
PANAMERA LANDSCAPING L.L.C.,Landscaping,Landscape contracting,High,Name-derived
"PARCO GROUP, ABU DHABI REGION",Food & Beverage Trading,FMCG distribution,Medium,Name-derived
"PARCO GROUP, ABU DHABI REGION",Food & Beverage Trading,FMCG distribution,Medium,Name-derived
PARCO MIDDLE EAST LLC,Food & Beverage Trading,FMCG distribution,Medium,Name-derived
PARCO MIDDLE EAST LLC,Food & Beverage Trading,FMCG distribution,Medium,Name-derived
PARK MY CAR VALET PARKING SERVICES,Automotive Services,Valet parking services,High,Name-derived
PEIKKO GULF LLC,Manufacturing - Building Products,Concrete connection technology,High,Name-derived
PENTA EMIRATES CONTRACTING LLC,Construction & Contracting,Building & civil contracting,Medium,Name-derived
PENTA EMIRATES CONTRACTING LLC,Construction & Contracting,Building & civil contracting,Medium,Name-derived
PENTA EMIRATES CONTRACTING LLC,Construction & Contracting,Building & civil contracting,Medium,Name-derived
PENTA EMIRATES CONTRACTING LLC,Construction & Contracting,Building & civil contracting,Medium,Name-derived
PENTA EMIRATES CONTRACTING LLC,Construction & Contracting,Building & civil contracting,Medium,Name-derived
PENTA EMIRATES CONTRACTING LLC,Construction & Contracting,Building & civil contracting,Medium,Name-derived
PENTA EMIRATES CONTRACTING LLC,Construction & Contracting,Building & civil contracting,Medium,Name-derived
PENTA EMIRATES CONTRACTING LLC,Construction & Contracting,Building & civil contracting,Medium,Name-derived
PERFECTION METAL INDUSTRIES LLC,Manufacturing - Metals,Metal products,High,Name-derived
PERFECTION METAL INDUSTRIES LLC,Manufacturing - Metals,Metal products,High,Name-derived
PERFECTION METAL INDUSTRIES LLC,Manufacturing - Metals,Metal products,High,Name-derived
PERFECTION METAL INDUSTRIES LLC,Manufacturing - Metals,Metal products,High,Name-derived
PERORIENT BUILDING CONTRACTING LLC,Construction & Contracting,Building & civil contracting,Medium,Name-derived
PETROFOSSIL HOLDING FZC,Oil & Gas,Petroleum / energy holding,Medium,Name-derived
PETROKAN DMCC,Oil & Gas,Petroleum products trading,High,Name-derived
PETROKAN DMCC,Oil & Gas,Petroleum products trading,High,Name-derived
PETROKAN DMCC,Oil & Gas,Petroleum products trading,High,Name-derived
PETROKAN DMCC,Oil & Gas,Petroleum products trading,High,Name-derived
PETROKAN DMCC,Oil & Gas,Petroleum products trading,High,Name-derived
PETROKAN DMCC,Oil & Gas,Petroleum products trading,High,Name-derived
PETROKAN DMCC,Oil & Gas,Petroleum products trading,High,Name-derived
PETROKAN DMCC,Oil & Gas,Petroleum products trading,High,Name-derived
PETRONA GULF DWC LLC,Oil & Gas Services,Oilfield services & supply,High,Name-derived
PETRONA GULF DWC LLC,Oil & Gas Services,Oilfield services & supply,High,Name-derived
PETRONA GULF DWC LLC,Oil & Gas Services,Oilfield services & supply,High,Name-derived
PETRONA GULF PIPING LLC,Oil & Gas Services,Piping & fabrication,High,Name-derived
PETRONA GULF PIPING LLC,Oil & Gas Services,Piping & fabrication,High,Name-derived
PHARMACY EXCELLENCY GHAYATHI POLY CLINICS L.L.C,Healthcare,Polyclinic & pharmacy,High,Name-derived
PHARMAETHICS MEDICAL SUPPLIES LLC,Medical Supplies,Medical supplies,High,Name-derived
PHOENIX CONTACT MIDDLE EAST FZ LLC,Manufacturing - Electrical,Industrial connectivity & automation,High,Name-derived
PHOENIX CONTACT MIDDLE EAST FZ LLC,Manufacturing - Electrical,Industrial connectivity & automation,High,Name-derived
PHOENIX CONTACT MIDDLE EAST FZ LLC,Manufacturing - Electrical,Industrial connectivity & automation,High,Name-derived
PHOENIX GLOBAL VALVE MANUFACTURING LLC,Manufacturing - Machinery,Industrial valves,High,Name-derived
PHYSIO-ART,Healthcare,Physiotherapy clinic,High,Name-derived
PICASSO GENERAL TRADING LLC,Trading & Distribution,General trading & wholesale,Medium,Name-derived
PICASSO GENERAL TRADING LLC,Trading & Distribution,General trading & wholesale,Medium,Name-derived
PLANTA LANDSCAPING AND IRRIGATION L.L.C,Landscaping,Landscape & irrigation,High,Name-derived
PLUGIN ELECTRICAL TRADING LLC,Electrical Trading,Electrical products & services,Medium,Name-derived
PLUS MARINE & ENGINEERING SERVICES FZE,Marine Services,Marine engineering services,High,Name-derived
PLUTUS GLOBAL PTE. LTD.,Trading & Distribution,International trading,Low,Name-derived
PORTICA GENERAL TRADING LLC,Trading & Distribution,General trading & wholesale,Medium,Name-derived
PREMIER AUTO SPARE PARTS LLC,Automotive Parts Trading,Vehicle spare parts & accessories,Medium,Name-derived
PREPMEAL RESTAURANT L.L.C,Food Service,Meal prep & delivery,High,Name-derived
PRESS PACK TRADING L.L.C,Packaging Trading,Packaging materials trading,High,Name-derived
PRESS PACK TRADING L.L.C,Packaging Trading,Packaging materials trading,High,Name-derived
PRIDE CITY GENERAL TRADING LLC,Trading & Distribution,General trading & wholesale,Medium,Name-derived
PRIME MIDDLE EAST FZE,Manufacturing - Chemicals,"Industrial, refrigerant, medical & LPG gases",High,Web-verified
PRIME MIDDLE EAST FZE,Manufacturing - Chemicals,"Industrial, refrigerant, medical & LPG gases",High,Web-verified
PRIME MIDDLE EAST FZE,Manufacturing - Chemicals,"Industrial, refrigerant, medical & LPG gases",High,Web-verified
PRIME MIDDLE EAST FZE,Manufacturing - Chemicals,"Industrial, refrigerant, medical & LPG gases",High,Web-verified
PRIME PETROLEUM FZC,Oil & Gas,Petroleum products trading,High,Name-derived
PRIME PETROLEUM FZC,Oil & Gas,Petroleum products trading,High,Name-derived
PRISM TRADING LLC,Trading & Distribution,General trading,Low,Name-derived
PRISM TRADING LLC,Trading & Distribution,General trading,Low,Name-derived
PRISM TRADING LLC,Trading & Distribution,General trading,Low,Name-derived
PRIVATE LIMOUSINE LLC,Passenger Transport,Limousine services,High,Name-derived
PROCOAT STEEL SOLUTIONS LLC,Metal Treatment Services,Steel coating & treatment,High,Name-derived
PROCOAT STEEL SOLUTIONS LLC,Metal Treatment Services,Steel coating & treatment,High,Name-derived
PROCON EMIRATES LLC,Construction Services,Fireproofing & surface protection contracting (Muehlhan Group),High,Web-verified
PROJECT LINK TRADING AND CONTRACTING WLL,Construction & Contracting,Building & civil contracting,Medium,Name-derived
PRONC TRADING LLC,Trading & Distribution,General trading,Low,Name-derived
PRONYX TRADING LLC,Trading & Distribution,General trading,Low,Name-derived
PROTON ELECTROMECHANICAL CONTRACTING LLC,MEP & Electromechanical,MEP contracting & services,Medium,Name-derived
PROTON ELECTROMECHANICAL CONTRACTING LLC,MEP & Electromechanical,MEP contracting & services,Medium,Name-derived
PROTON ELECTROMECHANICAL CONTRACTING LLC,MEP & Electromechanical,MEP contracting & services,Medium,Name-derived
PROTON ELECTROMECHANICAL CONTRACTING LLC,MEP & Electromechanical,MEP contracting & services,Medium,Name-derived
PROTRADE INTERNATIONAL UAE,Trading & Distribution,"Master distributor - tools, electrical, plumbing, HVAC & building materials",High,Web-verified
PROTRADE INTERNATIONAL UAE,Trading & Distribution,"Master distributor - tools, electrical, plumbing, HVAC & building materials",High,Web-verified
PROTRADE INTERNATIONAL UAE,Trading & Distribution,"Master distributor - tools, electrical, plumbing, HVAC & building materials",High,Web-verified
PROTRADE INTERNATIONAL UAE,Trading & Distribution,"Master distributor - tools, electrical, plumbing, HVAC & building materials",High,Web-verified
PROTRADE INTERNATIONAL UAE,Trading & Distribution,"Master distributor - tools, electrical, plumbing, HVAC & building materials",High,Web-verified
PST PIONEER OILFIELD EQUIPMENT MANUFACTURING LTD,Oil & Gas Services,Oilfield equipment manufacturing,High,Name-derived
PT ROTARY ENGINEERING INDONESIA (A ROTARY COMPANY),Oil & Gas Services,EPC for oil & gas storage terminals,High,Name-derived
PURANMAL RESTAURANT,Food Service,Restaurant,High,Name-derived
PURANMAL RESTAURANT,Food Service,Restaurant,High,Name-derived
PVE CRANES MIDDLE EAST LLC,Industrial Equipment,Cranes & piling equipment,High,Name-derived
PVE CRANES MIDDLE EAST LLC,Industrial Equipment,Cranes & piling equipment,High,Name-derived
PVE CRANES MIDDLE EAST LLC,Industrial Equipment,Cranes & piling equipment,High,Name-derived
PVE CRANES MIDDLE EAST LLC,Industrial Equipment,Cranes & piling equipment,High,Name-derived
PVE CRANES MIDDLE EAST LLC,Industrial Equipment,Cranes & piling equipment,High,Name-derived
PX TAC MILITARY EQUIPMENT TRADING COMPANY  LLC,Defence & Security Supply,Military & tactical equipment,High,Name-derived
QAIS CONTRACTING & ENGINEERING SERVICES CO. LLC,Construction & Contracting,Building & civil contracting,Medium,Name-derived
QASIR AL KHAN USED ELECTRONICS DEVICES TRADING LLC,Consumer Electronics,Used electronics trading,High,Name-derived
QASSIM,Unclassified,Insufficient information in name,Low,Name-derived
QBURST MIDDLE EAST,Software & ERP,Software development & digital services,High,Name-derived
QUALIA ELECTRONICS TRADING LLC,Consumer Electronics,Electronics trading,High,Name-derived
QUALIA ELECTRONICS TRADING LLC,Consumer Electronics,Electronics trading,High,Name-derived
QUALIA ELECTRONICS TRADING LLC,Consumer Electronics,Electronics trading,High,Name-derived
QUALIA ELECTRONICS TRADING LLC,Consumer Electronics,Electronics trading,High,Name-derived
QUALIA ELECTRONICS TRADING LLC,Consumer Electronics,Electronics trading,High,Name-derived
QUALIA ELECTRONICS TRADING LLC,Consumer Electronics,Electronics trading,High,Name-derived
QUALIA ELECTRONICS TRADING LLC,Consumer Electronics,Electronics trading,High,Name-derived
QUALITY FABRICATION FZE,Manufacturing - Steel Fabrication,Steel fabrication,High,Name-derived
QUALITY INTERNATIONAL CO LTD FZC,Manufacturing - Steel Fabrication,Heavy steel & modular fabrication,High,Name-derived
QUALITY INTERNATIONAL CO LTD FZC,Manufacturing - Steel Fabrication,Heavy steel & modular fabrication,High,Name-derived
QUALITY INTERNATIONAL CO LTD FZC,Manufacturing - Steel Fabrication,Heavy steel & modular fabrication,High,Name-derived
QUALITY KITCHEN EQUIPMENT TRADING LLC,Commercial Kitchen Equipment,Kitchen equipment trading,High,Name-derived
QUALITY KITCHEN EQUIPMENT TRADING LLC,Commercial Kitchen Equipment,Kitchen equipment trading,High,Name-derived
QUALITY KITCHEN EQUIPMENT TRADING LLC,Commercial Kitchen Equipment,Kitchen equipment trading,High,Name-derived
QUALITY KITCHEN EQUIPMENT TRADING LLC,Commercial Kitchen Equipment,Kitchen equipment trading,High,Name-derived
QUALITY KITCHEN EQUIPMENT TRADING LLC,Commercial Kitchen Equipment,Kitchen equipment trading,High,Name-derived
QUALITY KITCHEN EQUIPMENT TRADING LLC,Commercial Kitchen Equipment,Kitchen equipment trading,High,Name-derived
QUALITY WIPES LLC,Manufacturing - Paper & Packaging,Wet wipes production,High,Name-derived
QUANTUM INDUSTRIES LLC,Manufacturing,Industrial manufacturing,Low,Name-derived
QUANTUM INDUSTRIES LLC,Manufacturing,Industrial manufacturing,Low,Name-derived
QUANTUM INDUSTRIES LLC,Manufacturing,Industrial manufacturing,Low,Name-derived
QUANTUM INDUSTRIES LLC,Manufacturing,Industrial manufacturing,Low,Name-derived
QUANTUM INDUSTRIES LLC,Manufacturing,Industrial manufacturing,Low,Name-derived
R A Q CONTRACTING CO.LLC,Construction & Contracting,Building & civil contracting,Medium,Name-derived
RADIANT FILTERS TRADING CO LLC,Industrial Distribution,Filters & filtration products,High,Name-derived
RAK FISH AND FOOD DRYING LLC,Manufacturing - Food,Fish & food drying,High,Name-derived
RAK FISH AND FOOD DRYING LLC,Manufacturing - Food,Fish & food drying,High,Name-derived
RAK FISH AND FOOD DRYING LLC,Manufacturing - Food,Fish & food drying,High,Name-derived
RAK PORTS SUPPLY CHAIN SOLUTIONS LLC,Logistics & Supply Chain,Port-based supply chain services,High,Name-derived
RAK PORTS SUPPLY CHAIN SOLUTIONS LLC,Logistics & Supply Chain,Port-based supply chain services,High,Name-derived
RAK PORTS SUPPLY CHAIN SOLUTIONS LLC,Logistics & Supply Chain,Port-based supply chain services,High,Name-derived
RAK PORTS SUPPLY CHAIN SOLUTIONS LLC,Logistics & Supply Chain,Port-based supply chain services,High,Name-derived
RAK PORTS SUPPLY CHAIN SOLUTIONS LLC,Logistics & Supply Chain,Port-based supply chain services,High,Name-derived
RAK PORTS SUPPLY CHAIN SOLUTIONS LLC,Logistics & Supply Chain,Port-based supply chain services,High,Name-derived
RAK PORTS SUPPLY CHAIN SOLUTIONS LLC,Logistics & Supply Chain,Port-based supply chain services,High,Name-derived
RAK PORTS SUPPLY CHAIN SOLUTIONS LLC,Logistics & Supply Chain,Port-based supply chain services,High,Name-derived
RAK PORTS SUPPLY CHAIN SOLUTIONS LLC,Logistics & Supply Chain,Port-based supply chain services,High,Name-derived
RAK PORTS SUPPLY CHAIN SOLUTIONS LLC,Logistics & Supply Chain,Port-based supply chain services,High,Name-derived
RAK PORTS SUPPLY CHAIN SOLUTIONS LLC,Logistics & Supply Chain,Port-based supply chain services,High,Name-derived
RAK PROPERTIES CO PJSC,Real Estate,Master developer (listed),High,Name-derived
RAK PROPERTIES CO PJSC,Real Estate,Master developer (listed),High,Name-derived
RAMAH GENERAL CONTRACTING & TRANSPORT LLC- S.P.C,Freight Transport,Road transport & haulage,Medium,Name-derived
RAMAH GENERAL CONTRACTING & TRANSPORT LLC- S.P.C,Freight Transport,Road transport & haulage,Medium,Name-derived
RAMAH GENERAL CONTRACTING & TRANSPORT LLC- S.P.C,Freight Transport,Road transport & haulage,Medium,Name-derived
RAMAH GENERAL CONTRACTING & TRANSPORT LLC- S.P.C,Freight Transport,Road transport & haulage,Medium,Name-derived
RAMAH GENERAL CONTRACTING & TRANSPORT LLC- S.P.C,Freight Transport,Road transport & haulage,Medium,Name-derived
RAMESH HIRA,Individual / Personal Account,"Named individual, not a company",Medium,Name-derived
RAMESH HIRA,Individual / Personal Account,"Named individual, not a company",Medium,Name-derived
RAMESH HIRA,Individual / Personal Account,"Named individual, not a company",Medium,Name-derived
RAMESH HIRA,Individual / Personal Account,"Named individual, not a company",Medium,Name-derived
RAMESH HIRA,Individual / Personal Account,"Named individual, not a company",Medium,Name-derived
RAMESH HIRA,Individual / Personal Account,"Named individual, not a company",Medium,Name-derived
RAMESH HIRA,Individual / Personal Account,"Named individual, not a company",Medium,Name-derived
RAMTECH SOFTWARE SOLUTIONS PRIVATE LIMITED,Software & ERP,Software development services,High,Name-derived
RAMTECH SOFTWARE SOLUTIONS PRIVATE LIMITED,Software & ERP,Software development services,High,Name-derived
RAMTECH SOFTWARE SOLUTIONS PRIVATE LIMITED,Software & ERP,Software development services,High,Name-derived
RANA MEDICAL CENTER PHARMACY,Pharmacy Retail,Clinic pharmacy,High,Name-derived
RAPID IMPACT COMPACTION CONTRACTING L.L.C,Construction Services,Ground improvement,High,Name-derived
RAVON INTERNATIONAL GENERAL TRADING LLC,Trading & Distribution,General trading & wholesale,Medium,Name-derived
RAVON OFF ROAD PERFORMANCE AUTO REPAIRING GARAGE LLC,Automotive Services,Vehicle repair garage,High,Name-derived
RAYWOOD COMMUNICATIONS L. L. C.,Telecommunications,Communications services,Medium,Name-derived
RBI HAWKER,Unclassified,Insufficient information in name,Low,Name-derived
RBI HAWKER,Unclassified,Insufficient information in name,Low,Name-derived
RBI HAWKER,Unclassified,Insufficient information in name,Low,Name-derived
RBI HAWKER,Unclassified,Insufficient information in name,Low,Name-derived
RBI HAWKER,Unclassified,Insufficient information in name,Low,Name-derived
RBI HAWKER,Unclassified,Insufficient information in name,Low,Name-derived
RBIH MIDDLE EAST FZE,Unclassified,Insufficient information in name,Low,Name-derived
RECHARGE QATAR W.L.L.,Telecommunications,Prepaid / recharge services,Medium,Name-derived
RED SEA HOUSING SERVICES COMPANY FZE,Manufacturing - Modular Buildings,Modular / portable accommodation,High,Name-derived
RED SEA HOUSING SERVICES COMPANY FZE,Manufacturing - Modular Buildings,Modular / portable accommodation,High,Name-derived
RED SEA HOUSING SERVICES COMPANY FZE,Manufacturing - Modular Buildings,Modular / portable accommodation,High,Name-derived
RED SEA HOUSING SERVICES COMPANY FZE,Manufacturing - Modular Buildings,Modular / portable accommodation,High,Name-derived
RED SEA HOUSING SERVICES COMPANY FZE,Manufacturing - Modular Buildings,Modular / portable accommodation,High,Name-derived
RED SEA HOUSING SERVICES COMPANY FZE,Manufacturing - Modular Buildings,Modular / portable accommodation,High,Name-derived
RED SEA HOUSING SERVICES COMPANY FZE,Manufacturing - Modular Buildings,Modular / portable accommodation,High,Name-derived
RED SEA HOUSING SERVICES COMPANY FZE,Manufacturing - Modular Buildings,Modular / portable accommodation,High,Name-derived
RED SEA HOUSING SERVICES COMPANY FZE,Manufacturing - Modular Buildings,Modular / portable accommodation,High,Name-derived
RED SEA HOUSING SERVICES COMPANY FZE,Manufacturing - Modular Buildings,Modular / portable accommodation,High,Name-derived
RED SEA HOUSING SERVICES COMPANY FZE,Manufacturing - Modular Buildings,Modular / portable accommodation,High,Name-derived
RELIABLE BUILDING MATERIAL TRADING L.L.C.,Building Materials Trading,Building materials & sanitaryware,Medium,Name-derived
RELIABLE BUILDING MATERIAL TRADING L.L.C.,Building Materials Trading,Building materials & sanitaryware,Medium,Name-derived
RELIABLE BUILDING MATERIAL TRADING L.L.C.,Building Materials Trading,Building materials & sanitaryware,Medium,Name-derived
RESURGENT AV INTEGRATORS PVT. LTD,AV & Systems Integration,Audio-visual systems integration,High,Name-derived
RESURGENT AV INTEGRATORS PVT. LTD,AV & Systems Integration,Audio-visual systems integration,High,Name-derived
RESURGENT AV INTEGRATORS PVT. LTD,AV & Systems Integration,Audio-visual systems integration,High,Name-derived
RESURGENT AV INTEGRATORS PVT. LTD,AV & Systems Integration,Audio-visual systems integration,High,Name-derived
RESURGENT AV INTEGRATORS PVT. LTD,AV & Systems Integration,Audio-visual systems integration,High,Name-derived
RESURGENT AV INTEGRATORS PVT. LTD,AV & Systems Integration,Audio-visual systems integration,High,Name-derived
RETAIL & BEYOND COMMERCIAL INVESTMENT L.L.C,Retail,Retail investment & operations,Medium,Name-derived
RETAIL & BEYOND COMMERCIAL INVESTMENT L.L.C,Retail,Retail investment & operations,Medium,Name-derived
RETRO 7 CAFE,Food Service,Cafe,High,Name-derived
REVI REAL ESTATE DEVELOPMENT,Real Estate,Property development,High,Name-derived
REVI REAL ESTATE DEVELOPMENT,Real Estate,Property development,High,Name-derived
RFM LOYALTY CO. LLC,Marketing Services,Loyalty & CRM programmes,High,Name-derived
RGM INTERNATIONAL GROUP LLC,Trading & Distribution,International trading,Low,Name-derived
RGM INTERNATIONAL GROUP LLC,Trading & Distribution,International trading,Low,Name-derived
RHEIN TOBACCO INTERNATIONAL FZ LLC,Manufacturing - Tobacco,Tobacco trading & manufacturing,High,Name-derived
RHEIN TOBACCO INTERNATIONAL FZ LLC,Manufacturing - Tobacco,Tobacco trading & manufacturing,High,Name-derived
RHEIN TOBACCO INTERNATIONAL FZ LLC,Manufacturing - Tobacco,Tobacco trading & manufacturing,High,Name-derived
RHEIN TOBACCO INTERNATIONAL FZ LLC,Manufacturing - Tobacco,Tobacco trading & manufacturing,High,Name-derived
RHINO INTERNATIONAL AUTO PARTS TRADING LLC,Automotive Parts Trading,Vehicle spare parts & accessories,Medium,Name-derived
RHINO INTERNATIONAL AUTO PARTS TRADING LLC,Automotive Parts Trading,Vehicle spare parts & accessories,Medium,Name-derived
RHINO INTERNATIONAL AUTO PARTS TRADING LLC,Automotive Parts Trading,Vehicle spare parts & accessories,Medium,Name-derived
RHINO STEEL INDUSTRIES & COATING LLC,Manufacturing - Steel Fabrication,Steel products & coating,High,Name-derived
RIDA MIDDLE EAST GENERAL TRADING FZCO,Trading & Distribution,General trading,Medium,Name-derived
RIDA MIDDLE EAST VEHICLE BODIES MANUFACTURING LLC,Manufacturing - Automotive,Vehicle body building,High,Name-derived
RIDA MIDDLE EAST VEHICLE BODIES MANUFACTURING LLC,Manufacturing - Automotive,Vehicle body building,High,Name-derived
RIDA MIDDLE EAST VEHICLE BODIES MANUFACTURING LLC,Manufacturing - Automotive,Vehicle body building,High,Name-derived
RIDA MIDDLE EAST VEHICLE BODIES MANUFACTURING LLC,Manufacturing - Automotive,Vehicle body building,High,Name-derived
RIDA MIDDLE EAST VEHICLE BODIES MANUFACTURING LLC,Manufacturing - Automotive,Vehicle body building,High,Name-derived
RIDA MIDDLE EAST VEHICLE BODIES MANUFACTURING LLC,Manufacturing - Automotive,Vehicle body building,High,Name-derived
RIDA MIDDLE EAST VEHICLE BODIES MANUFACTURING LLC,Manufacturing - Automotive,Vehicle body building,High,Name-derived
RIDA MIDDLE EAST VEHICLE BODIES MANUFACTURING LLC,Manufacturing - Automotive,Vehicle body building,High,Name-derived
RIDGE GROUP,Diversified Group,Diversified group,Low,Name-derived
RIDGE GROUP,Diversified Group,Diversified group,Low,Name-derived
RIGHT CHOICE EQUIPMENT TRADING LLC,Industrial Equipment,Equipment trading,Medium,Name-derived
RIGHT CHOICE EQUIPMENT TRADING LLC,Industrial Equipment,Equipment trading,Medium,Name-derived
RIGHT CHOICE GENERAL TRADING,Trading & Distribution,General trading & wholesale,Medium,Name-derived
RIGHT CHOICE GENERAL TRADING L.L.C.,Trading & Distribution,General trading & wholesale,Medium,Name-derived
RIGHT FARM GENERAL TRADING LLC,Agriculture,Agriculture & agri-inputs,Medium,Name-derived
RINUM INTERNATIONAL TRADING LLC,Trading & Distribution,General trading & wholesale,Medium,Name-derived
RINUM INTERNATIONAL TRADING LLC,Trading & Distribution,General trading & wholesale,Medium,Name-derived
RIOT ART,Media & Entertainment,Art / creative studio,Low,Name-derived
RITTAL FZE,Manufacturing - Electrical,Enclosures & IT infrastructure (Rittal),High,Name-derived
RITTAL FZE,Manufacturing - Electrical,Enclosures & IT infrastructure (Rittal),High,Name-derived
RITTAL FZE,Manufacturing - Electrical,Enclosures & IT infrastructure (Rittal),High,Name-derived
RITTAL FZE,Manufacturing - Electrical,Enclosures & IT infrastructure (Rittal),High,Name-derived
RITTAL FZE,Manufacturing - Electrical,Enclosures & IT infrastructure (Rittal),High,Name-derived
RME MIDDLE EAST FZCO,Industrial Distribution,Welding consumables & CNC / steel fabrication equipment (Rywal-RHC),High,Web-verified
RME MIDDLE EAST FZCO,Industrial Distribution,Welding consumables & CNC / steel fabrication equipment (Rywal-RHC),High,Web-verified
RME MIDDLE EAST FZCO,Industrial Distribution,Welding consumables & CNC / steel fabrication equipment (Rywal-RHC),High,Web-verified
RME MIDDLE EAST FZCO,Industrial Distribution,Welding consumables & CNC / steel fabrication equipment (Rywal-RHC),High,Web-verified
RME MIDDLE EAST FZCO,Industrial Distribution,Welding consumables & CNC / steel fabrication equipment (Rywal-RHC),High,Web-verified
ROAMWORKS TRADING LLC,IoT & Telematics,Asset tracking & fleet telematics,High,Name-derived
ROAMWORKS TRADING LLC,IoT & Telematics,Asset tracking & fleet telematics,High,Name-derived
ROAMWORKS TRADING LLC,IoT & Telematics,Asset tracking & fleet telematics,High,Name-derived
ROAMWORKS TRADING LLC,IoT & Telematics,Asset tracking & fleet telematics,High,Name-derived
ROAMWORKS TRADING LLC,IoT & Telematics,Asset tracking & fleet telematics,High,Name-derived
ROAMWORKS TRADING LLC,IoT & Telematics,Asset tracking & fleet telematics,High,Name-derived
ROBODH CONTRACTING L. L. C.,Construction & Contracting,Building & civil contracting,Medium,Name-derived
ROBODH-DHEERAJ JOINT VENTURE,Construction & Contracting,Contracting joint venture,High,Name-derived
ROCHAS TRADING LLC,Trading & Distribution,General trading & wholesale,Medium,Name-derived
ROCHAS TRADING LLC,Trading & Distribution,General trading & wholesale,Medium,Name-derived
ROCHAS TRADING LLC,Trading & Distribution,General trading & wholesale,Medium,Name-derived
ROCKANY INDUSTRIES LLC,Manufacturing,Industrial manufacturing,Low,Name-derived
ROLMAN WORLD FZE,Industrial Distribution,"Bearings, power transmission & auto/industrial spare parts (NSK master distributor)",High,Web-verified
ROLMAN WORLD FZE,Industrial Distribution,"Bearings, power transmission & auto/industrial spare parts (NSK master distributor)",High,Web-verified
ROMA PROPERTY MANAGEMENT & GENERAL MAINTENANCE - SOLE PROPRIETORSHIP L.L.C.,Facilities Management,Property management & maintenance,High,Name-derived
ROOFINGS MIDDLE EAST FZC,Manufacturing - Building Products,Roofing systems,High,Name-derived
ROOFINGS MIDDLE EAST FZC,Manufacturing - Building Products,Roofing systems,High,Name-derived
ROSE PARIS FLOWERS & GIFTS - ONE PERSON COMPANY LLC,Florist & Gifts,Flowers & gifts retail,High,Name-derived
ROSTOCK AUTO SPARE PARTS LLC CENTER,Automotive Parts Trading,Vehicle spare parts & accessories,Medium,Name-derived
ROSTOCK AUTO SPARE PARTS LLC CENTER,Automotive Parts Trading,Vehicle spare parts & accessories,Medium,Name-derived
ROSTOCK AUTO SPARE PARTS LLC CENTER,Automotive Parts Trading,Vehicle spare parts & accessories,Medium,Name-derived
ROSTOCK AUTO SPARE PARTS LLC CENTER,Automotive Parts Trading,Vehicle spare parts & accessories,Medium,Name-derived
ROSTOCK AUTO SPARE PARTS LLC CENTER,Automotive Parts Trading,Vehicle spare parts & accessories,Medium,Name-derived
ROSTOCK AUTO SPARE PARTS LLC CENTER,Automotive Parts Trading,Vehicle spare parts & accessories,Medium,Name-derived
ROTARY ENGINEERING FUJAIRAHFZE,Oil & Gas Services,EPC for oil & gas storage terminals,High,Name-derived
ROTARY ENGINEERING FUJAIRAHFZE,Oil & Gas Services,EPC for oil & gas storage terminals,High,Name-derived
ROTARY ENGINEERING FUJAIRAHFZE,Oil & Gas Services,EPC for oil & gas storage terminals,High,Name-derived
ROTARY ENGINEERING FUJAIRAHFZE,Oil & Gas Services,EPC for oil & gas storage terminals,High,Name-derived
ROTARY ENGINEERING FUJAIRAHFZE,Oil & Gas Services,EPC for oil & gas storage terminals,High,Name-derived
ROTARY ENGINEERING FUJAIRAHFZE,Oil & Gas Services,EPC for oil & gas storage terminals,High,Name-derived
ROTARY ENGINEERING FUJAIRAHFZE,Oil & Gas Services,EPC for oil & gas storage terminals,High,Name-derived
ROTARY ENGINEERING FUJAIRAHFZE,Oil & Gas Services,EPC for oil & gas storage terminals,High,Name-derived
ROTARY ENGINEERING FUJAIRAHFZE,Oil & Gas Services,EPC for oil & gas storage terminals,High,Name-derived
ROTARY ENGINEERING FUJAIRAHFZE,Oil & Gas Services,EPC for oil & gas storage terminals,High,Name-derived
ROTARY ENGINEERING FUJAIRAHFZE,Oil & Gas Services,EPC for oil & gas storage terminals,High,Name-derived
ROTARY ENGINEERING FUJAIRAHFZE,Oil & Gas Services,EPC for oil & gas storage terminals,High,Name-derived
ROTARY ENGINEERING FUJAIRAHFZE,Oil & Gas Services,EPC for oil & gas storage terminals,High,Name-derived
ROTARY ENGINEERING FUJAIRAHFZE,Oil & Gas Services,EPC for oil & gas storage terminals,High,Name-derived
ROTARY ENGINEERING FUJAIRAHFZE,Oil & Gas Services,EPC for oil & gas storage terminals,High,Name-derived
ROVE AUTOMATION & INSTAL. WORKS L.L.C,Industrial Automation,Automation & installation,High,Name-derived
ROVE AUTOMATION & INSTAL. WORKS L.L.C,Industrial Automation,Automation & installation,High,Name-derived
ROVE ELECTRIC LLC,Electrical Trading,Electrical products & services,Medium,Name-derived
ROVE ELECTRIC LLC,Electrical Trading,Electrical products & services,Medium,Name-derived
ROY PAUL,Individual / Personal Account,"Named individual, not a company",Medium,Name-derived
ROYAL ATLAS GENERAL TRANSPORT SOLE PROPRIETORSHIP LLC,Freight Transport,Road transport,High,Name-derived
ROYAL ATLAS GENERAL TRANSPORT SOLE PROPRIETORSHIP LLC,Freight Transport,Road transport,High,Name-derived
ROYAL FRUIT LLC,Fresh Produce & Grocery,Fruits & vegetables wholesale,Medium,Name-derived
ROYAL FRUIT LLC,Fresh Produce & Grocery,Fruits & vegetables wholesale,Medium,Name-derived
ROYAL FRUIT LLC,Fresh Produce & Grocery,Fruits & vegetables wholesale,Medium,Name-derived
ROYAL MELODY CAR PARK RENTAL AND MANAGEMENT LLC,Automotive Services,Parking management,High,Name-derived
ROYAL MELODY CAR PARK RENTAL AND MANAGEMENT LLC,Automotive Services,Parking management,High,Name-derived
ROYAL PHARMACEUTICAL DRUG STORE LLC,Pharmaceuticals,Pharmaceutical distribution,High,Name-derived
ROYAL PHARMACEUTICAL DRUG STORE LLC,Pharmaceuticals,Pharmaceutical distribution,High,Name-derived
RSG GLOBAL LLC,Cold Storage & Warehousing,Temperature-controlled / frozen foodstuff warehousing,High,Web-verified
RSG GLOBAL LLC,Cold Storage & Warehousing,Temperature-controlled / frozen foodstuff warehousing,High,Web-verified
RSG GLOBAL LLC,Cold Storage & Warehousing,Temperature-controlled / frozen foodstuff warehousing,High,Web-verified
RTC TECHNICAL TRADING  LLC- SPC,Trading & Distribution,General trading & wholesale,Medium,Name-derived
RUKIN AL BASMAH BUILDING CONTRACTING LLC,Construction & Contracting,Building & civil contracting,Medium,Name-derived
RVS GROUP,Diversified Group,Diversified group,Low,Name-derived
RVS GROUP,Diversified Group,Diversified group,Low,Name-derived
RVS GROUP,Diversified Group,Diversified group,Low,Name-derived
RVS GROUP,Diversified Group,Diversified group,Low,Name-derived
RVS GROUP,Diversified Group,Diversified group,Low,Name-derived
S H T C TRADING L.L.C,Trading & Distribution,General trading & wholesale,Medium,Name-derived
S W M E CONTROL SYSTEMS TRADING LLC,Industrial Automation,Control systems supply,High,Name-derived
S W M E CONTROL SYSTEMS TRADING LLC,Industrial Automation,Control systems supply,High,Name-derived
"S.K ALLIED INTERNATIOANL L.L,C",Retail,Food retail,Medium,Web-verified
SAAD PRECAST LLC,Manufacturing - Building Products,Precast concrete,High,Name-derived
SAAD PRECAST LLC,Manufacturing - Building Products,Precast concrete,High,Name-derived
SAAD PRECAST LLC,Manufacturing - Building Products,Precast concrete,High,Name-derived
SAADCO GROUP,Diversified Group,Diversified group,Low,Name-derived
SAAS HEALTH CARE INVESTMENT L.L.C,Healthcare,Healthcare investment & operations,Medium,Name-derived
SAAS HEALTH CARE INVESTMENT L.L.C,Healthcare,Healthcare investment & operations,Medium,Name-derived
SACOOR BROTHERS GROUP,Retail,Fashion retail chain,High,Name-derived
SADAT FOODSTUFF TRADING L.L.C.,Food & Beverage Trading,Foodstuff wholesale & distribution,Medium,Name-derived
SAEED ALZAABI GENERAL TRADING LLC,Trading & Distribution,General trading & wholesale,Medium,Name-derived
SAEED ALZAABI TYRE FACTORY LLC.,Manufacturing - Automotive,Tyre retreading / production,High,Name-derived
SAEED ALZAABI TYRE FACTORY LLC.,Manufacturing - Automotive,Tyre retreading / production,High,Name-derived
SAEED SALEM KHALFAN SSK ENTERPRISES LLC,Trading & Distribution,General trading & wholesale,Medium,Name-derived
SAFA TRADING,Trading & Distribution,General trading,Low,Name-derived
SAFE LINE ELECTRICAL & MECHANICAL LLC,Electrical Trading,Electrical products & services,Medium,Name-derived
SAFE LINE GROUP OF COMPANIES LLC,Diversified Group,Electromechanical & trading group,Medium,Name-derived
SAFE LINE GROUP OF COMPANIES LLC,Diversified Group,Electromechanical & trading group,Medium,Name-derived
SAFE LINE GROUP OF COMPANIES LLC,Diversified Group,Electromechanical & trading group,Medium,Name-derived
SAFE LINE GROUP OF COMPANIES LLC,Diversified Group,Electromechanical & trading group,Medium,Name-derived
SAFE LINE GROUP OF COMPANIES LLC,Diversified Group,Electromechanical & trading group,Medium,Name-derived
SAFE LINE GROUP OF COMPANIES LLC,Diversified Group,Electromechanical & trading group,Medium,Name-derived
SAFETY ELECTRICAL TRADING COMPANY,Electrical Trading,Electrical products & services,Medium,Name-derived
SAFINAT AL SAHRAA TRADING CO. L.L.C,Trading & Distribution,General trading & wholesale,Medium,Name-derived
SAFINAT AL SAHRAA TRADING CO. L.L.C,Trading & Distribution,General trading & wholesale,Medium,Name-derived
SAFINAT AL SAHRAA TRADING CO. L.L.C,Trading & Distribution,General trading & wholesale,Medium,Name-derived
SAFINAT AL SAHRAA TRADING CO. L.L.C,Trading & Distribution,General trading & wholesale,Medium,Name-derived
SAFINAT AL SAHRAA TRADING CO. L.L.C,Trading & Distribution,General trading & wholesale,Medium,Name-derived
SAIGOL & GULF LIMITED COMPANY LLC,Food & Beverage Trading,"Snacks, crisps, biscuits & rice distribution",High,Web-verified
SAIGOL & GULF LIMITED COMPANY LLC,Food & Beverage Trading,"Snacks, crisps, biscuits & rice distribution",High,Web-verified
SAIGOL & GULF LIMITED COMPANY LLC,Food & Beverage Trading,"Snacks, crisps, biscuits & rice distribution",High,Web-verified
SAIGOL & GULF LIMITED COMPANY LLC,Food & Beverage Trading,"Snacks, crisps, biscuits & rice distribution",High,Web-verified
SAIGOL & GULF LIMITED COMPANY LLC,Food & Beverage Trading,"Snacks, crisps, biscuits & rice distribution",High,Web-verified
SALALAH FUTURE TRADING,Trading & Distribution,General trading,Low,Name-derived
SALALAH FUTURE TRADING,Trading & Distribution,General trading,Low,Name-derived
SAMA ALKHAIR FOOD & BEVERAGES TRADING CO. LLC,Food & Beverage Trading,Food & beverage trading,High,Name-derived
SAQR PORT AUTHORITY,Ports & Terminals,Bulk port operations,High,Name-derived
SAQR PORT AUTHORITY,Ports & Terminals,Bulk port operations,High,Name-derived
SAQR PORT AUTHORITY,Ports & Terminals,Bulk port operations,High,Name-derived
SARGODHA ORGANIC AGRI PRODUCT VEGETABLES & FRUITS TRADING L.L.C,Fresh Produce & Grocery,Fruits & vegetables wholesale,Medium,Name-derived
SAT INVESTMENTS LLC,Investment & Holding,Investment company,Medium,Name-derived
SAUD SHEHATHA CONSTRUCTION LLC,Construction & Contracting,Building & civil contracting,Medium,Name-derived
SAUD SHEHATHA CONSTRUCTION LLC,Construction & Contracting,Building & civil contracting,Medium,Name-derived
SAUD SHEHATHA CONSTRUCTION LLC,Construction & Contracting,Building & civil contracting,Medium,Name-derived
SAUD SHEHATHA CONSTRUCTION LLC,Construction & Contracting,Building & civil contracting,Medium,Name-derived
SAUD SHEHATHA CONSTRUCTION LLC,Construction & Contracting,Building & civil contracting,Medium,Name-derived
SAVER GROCERY FOOD STUFF TRADING LLC,Retail,Grocery retail,High,Name-derived
SCI INTERNATIONAL TRADING L.L.C,Trading & Distribution,General trading & wholesale,Medium,Name-derived
SEA FAST MARINE SERVICES LLC,Marine Services,Marine services,High,Name-derived
SEA WORLD FISH PROCESSING LLC,Manufacturing - Food,Seafood processing,High,Name-derived
SEA WORLD FISH PROCESSING LLC,Manufacturing - Food,Seafood processing,High,Name-derived
SEEGENE MIDDLE EAST FZE,Medical & Diagnostics,Molecular diagnostics (Seegene),High,Name-derived
SEEGENE MIDDLE EAST FZE,Medical & Diagnostics,Molecular diagnostics (Seegene),High,Name-derived
SEIDCO GENERAL CONTRACTING,Construction & Contracting,General contracting,High,Name-derived
SEIDCO GENERAL CONTRACTING,Construction & Contracting,General contracting,High,Name-derived
SEIDCO GENERAL CONTRACTING,Construction & Contracting,General contracting,High,Name-derived
SEVEN DAYS EQUIPMENT MAINTENANCE LLC,Equipment Maintenance,Equipment maintenance,High,Name-derived
SEVEN DAYS EQUIPMENT MAINTENANCE LLC,Equipment Maintenance,Equipment maintenance,High,Name-derived
SEVEN DAYS EQUIPMENT MAINTENANCE LLC,Equipment Maintenance,Equipment maintenance,High,Name-derived
SEVEN EMIRATES INVESTMENT LLC,Investment & Holding,Investment company,Medium,Name-derived
SEVEN EMIRATES INVESTMENT LLC,Investment & Holding,Investment company,Medium,Name-derived
SEVEN EMIRATES INVESTMENT LLC,Investment & Holding,Investment company,Medium,Name-derived
SEVEN EMIRATES INVESTMENT LLC,Investment & Holding,Investment company,Medium,Name-derived
SEVEN EMIRATES INVESTMENT LLC,Investment & Holding,Investment company,Medium,Name-derived
SEVEN EMIRATES PLASTIC CONTAINER TRADING LLC,Packaging Trading,Plastic containers trading,High,Name-derived
SEVEN EMIRATES PLASTIC CONTAINER TRADING LLC,Packaging Trading,Plastic containers trading,High,Name-derived
SEVEN EMIRATES PLASTIC CONTAINER TRADING LLC,Packaging Trading,Plastic containers trading,High,Name-derived
SHAKER ALI AL-SAMAD TRADING Co.,Trading & Distribution,General trading,Low,Name-derived
SHAN GLOBAL TECHNICAL SERVICES LLC,Technical Services,Technical & maintenance services,Medium,Name-derived
SHAN GLOBAL TECHNICAL SERVICES LLC,Technical Services,Technical & maintenance services,Medium,Name-derived
SHAN GLOBAL TECHNICAL SERVICES LLC,Technical Services,Technical & maintenance services,Medium,Name-derived
SHAPOORJI PALLONJI INTERNATIONAL FZ,Construction & Contracting,Large-scale EPC contractor,High,Name-derived
SHAPOORJI PALLONJI INTERNATIONAL FZ,Construction & Contracting,Large-scale EPC contractor,High,Name-derived
SHAPOORJI PALLONJI INTERNATIONAL FZ,Construction & Contracting,Large-scale EPC contractor,High,Name-derived
SHARIF HASSAN ALI TRADING LLC,Trading & Distribution,General trading & wholesale,Medium,Name-derived
SHARIF HASSAN ALI TRADING LLC,Trading & Distribution,General trading & wholesale,Medium,Name-derived
SHARIF HASSAN ALI TRADING LLC,Trading & Distribution,General trading & wholesale,Medium,Name-derived
SHARIF HASSAN ALI TRADING LLC,Trading & Distribution,General trading & wholesale,Medium,Name-derived
SHARIF HASSAN ALI TRADING LLC,Trading & Distribution,General trading & wholesale,Medium,Name-derived
SHATRY TRADING ESTABLISHMENT,Trading & Distribution,General trading,Low,Name-derived
SHINEJOIN WEB DESIGN LLC,Marketing Services,Web design & digital,High,Name-derived
SHINEJOIN WEB DESIGN LLC,Marketing Services,Web design & digital,High,Name-derived
SHIRIN ASAL MIDDLE EAST GENERAL TRADING LLC,Trading & Distribution,General trading & wholesale,Medium,Name-derived
SHOKRI HASSAN TRADING CO. L. L. C.,Trading & Distribution,General trading & wholesale,Medium,Name-derived
SHOKRI HASSAN TRADING CO. L. L. C.,Trading & Distribution,General trading & wholesale,Medium,Name-derived
SHOKRI HASSAN TRADING CO. L. L. C.,Trading & Distribution,General trading & wholesale,Medium,Name-derived
"SHOWTECH SOUND, LIGHTING AND SUPPORT SYSTEMS",AV & Systems Integration,Event sound & lighting systems,High,Name-derived
"SHOWTECH SOUND, LIGHTING AND SUPPORT SYSTEMS",AV & Systems Integration,Event sound & lighting systems,High,Name-derived
"SHOWTECH SOUND, LIGHTING AND SUPPORT SYSTEMS",AV & Systems Integration,Event sound & lighting systems,High,Name-derived
"SHOWTECH SOUND, LIGHTING AND SUPPORT SYSTEMS",AV & Systems Integration,Event sound & lighting systems,High,Name-derived
SHRUNGI GENERAL TRADING LLC,Trading & Distribution,General trading & wholesale,Medium,Name-derived
SHRUNGI GENERAL TRADING LLC,Trading & Distribution,General trading & wholesale,Medium,Name-derived
SIGMA ELECTROMECHANICAL TRADING LLC,MEP & Electromechanical,MEP contracting & services,Medium,Name-derived
SIGMA ELECTROMECHANICAL TRADING LLC,MEP & Electromechanical,MEP contracting & services,Medium,Name-derived
SIGMA ELECTROMECHANICAL TRADING LLC,MEP & Electromechanical,MEP contracting & services,Medium,Name-derived
SIGMA ELECTROMECHANICAL TRADING LLC,MEP & Electromechanical,MEP contracting & services,Medium,Name-derived
SIGMA ELECTROMECHANICAL TRADING LLC,MEP & Electromechanical,MEP contracting & services,Medium,Name-derived
SIGMA ELECTROMECHANICAL TRADING LLC,MEP & Electromechanical,MEP contracting & services,Medium,Name-derived
SIGMA INTEGRATED TECHNICAL SERVICES,Technical Services,Technical & maintenance services,Medium,Name-derived
SIGMA INTEGRATED TECHNICAL SERVICES,Technical Services,Technical & maintenance services,Medium,Name-derived
SILK LAND STAR TRADING L.L.C.,Textiles & Apparel Trading,Furnishing fabrics & textiles,High,Name-derived
SILK LAND TRADING FZCO,Textiles & Apparel Trading,Furnishing fabrics & textiles,High,Name-derived
SILK LAND TRADING FZCO,Textiles & Apparel Trading,Furnishing fabrics & textiles,High,Name-derived
SILK LAND TRADING FZCO,Textiles & Apparel Trading,Furnishing fabrics & textiles,High,Name-derived
SILK LAND TRADING FZCO,Textiles & Apparel Trading,Furnishing fabrics & textiles,High,Name-derived
SILK LAND TRADING FZCO,Textiles & Apparel Trading,Furnishing fabrics & textiles,High,Name-derived
SILK LAND TRADING FZCO,Textiles & Apparel Trading,Furnishing fabrics & textiles,High,Name-derived
SILK LAND TRADING FZCO,Textiles & Apparel Trading,Furnishing fabrics & textiles,High,Name-derived
SILK LAND TRADING FZCO,Textiles & Apparel Trading,Furnishing fabrics & textiles,High,Name-derived
SILK LAND TRADING FZCO,Textiles & Apparel Trading,Furnishing fabrics & textiles,High,Name-derived
SILKLAND FURNISHING PRIVATE LTD - BANGALORE,Textiles & Apparel Trading,Furnishing fabrics,High,Name-derived
SILKLAND TRADING L.L.C.,Textiles & Apparel Trading,Furnishing fabrics & textiles,High,Name-derived
SILKLAND TRADING L.L.C.,Textiles & Apparel Trading,Furnishing fabrics & textiles,High,Name-derived
SILKLAND TRADING L.L.C.,Textiles & Apparel Trading,Furnishing fabrics & textiles,High,Name-derived
SILKLAND TRADING L.L.C.,Textiles & Apparel Trading,Furnishing fabrics & textiles,High,Name-derived
SILKLAND TRADING L.L.C.,Textiles & Apparel Trading,Furnishing fabrics & textiles,High,Name-derived
SILKLAND TRADING L.L.C.,Textiles & Apparel Trading,Furnishing fabrics & textiles,High,Name-derived
SILKLAND TRADING L.L.C.,Textiles & Apparel Trading,Furnishing fabrics & textiles,High,Name-derived
SILKLAND TRADING L.L.C.,Textiles & Apparel Trading,Furnishing fabrics & textiles,High,Name-derived
SILKLAND TRADING L.L.C.,Textiles & Apparel Trading,Furnishing fabrics & textiles,High,Name-derived
SILKLAND TRADING L.L.C.,Textiles & Apparel Trading,Furnishing fabrics & textiles,High,Name-derived
SILKLAND TRADING L.L.C.,Textiles & Apparel Trading,Furnishing fabrics & textiles,High,Name-derived
SILKLAND TRADING L.L.C.,Textiles & Apparel Trading,Furnishing fabrics & textiles,High,Name-derived
SILVER ARCADE LINEN LLC,Textiles & Apparel Trading,Linen & home textiles,High,Name-derived
SILVER ARCADE LINEN LLC,Textiles & Apparel Trading,Linen & home textiles,High,Name-derived
SILVER ARCADE LINEN LLC,Textiles & Apparel Trading,Linen & home textiles,High,Name-derived
SILVER ARCADE LINEN LLC,Textiles & Apparel Trading,Linen & home textiles,High,Name-derived
SILVER ROCK FRAMING GALLERY LLC,Retail,Art framing & gallery,High,Name-derived
SILVERTECH ENGINEERING LLC,Engineering Services,Engineering services,Medium,Name-derived
SILVERTECH ENGINEERING LLC,Engineering Services,Engineering services,Medium,Name-derived
SILVERTECH ENGINEERING LLC,Engineering Services,Engineering services,Medium,Name-derived
SILVERTECH ENGINEERING LLC,Engineering Services,Engineering services,Medium,Name-derived
SILVERTECH ENGINEERING LLC,Engineering Services,Engineering services,Medium,Name-derived
SINOTRANS MIDDLE EAST FZE (BRANCH),Logistics & Supply Chain,Freight forwarding (Sinotrans),High,Name-derived
SIRALI RESTAURANT LLC,Food Service,Restaurant,High,Name-derived
SKY CITY READYMADE GARMENTS TRADING LLC,Textiles & Apparel Trading,Readymade garments trading,High,Name-derived
SKY HIGH HR PROVISION SERVICES- LLC- SPC,HR & Recruitment,HR services,High,Name-derived
SKY JEWELLERY,Jewellery & Precious Metals,Jewellery retail,High,Name-derived
SKY JEWELLERY,Jewellery & Precious Metals,Jewellery retail,High,Name-derived
SKY STEEL SYSTEMS LLC,Manufacturing - Steel Fabrication,Steel structures,High,Name-derived
SKY STEEL SYSTEMS LLC,Manufacturing - Steel Fabrication,Steel structures,High,Name-derived
SKY STEEL SYSTEMS LLC,Manufacturing - Steel Fabrication,Steel structures,High,Name-derived
SKY TRADING FZE,Trading & Distribution,General trading & wholesale,Medium,Name-derived
SKYMAT BUILDING MATERIALS TRADING L.L.C,Building Materials Trading,Building materials & sanitaryware,Medium,Name-derived
SKYMAT BUILDING MATERIALS TRADING L.L.C,Building Materials Trading,Building materials & sanitaryware,Medium,Name-derived
SKYMAT BUILDING MATERIALS TRADING L.L.C,Building Materials Trading,Building materials & sanitaryware,Medium,Name-derived
SKYMAT BUILDING MATERIALS TRADING L.L.C,Building Materials Trading,Building materials & sanitaryware,Medium,Name-derived
SMART INSULATION FINISHING SYSTEMS LLC,Construction Services,Insulation & finishing systems,High,Name-derived
SMART INSULATION FINISHING SYSTEMS LLC,Construction Services,Insulation & finishing systems,High,Name-derived
SMART INSULATION FINISHING SYSTEMS LLC,Construction Services,Insulation & finishing systems,High,Name-derived
SMART MOBILE SOLUTIONS,IT Services,Mobile technology solutions,Medium,Name-derived
SMART PHARMA TRADING LLC,Pharmaceuticals,Pharmaceutical distribution,High,Name-derived
SMART PHARMA TRADING LLC,Pharmaceuticals,Pharmaceutical distribution,High,Name-derived
SMART PHARMA TRADING LLC,Pharmaceuticals,Pharmaceutical distribution,High,Name-derived
SMART TOUCH FOODSTUFF TRADING LLC,Food & Beverage Trading,Foodstuff wholesale & distribution,Medium,Name-derived
SMART ZONE HEAVY EQUIPMENT RENTAL LLC,Equipment Rental,Heavy equipment rental,High,Name-derived
SMART ZONE HEAVY EQUIPMENT RENTAL LLC,Equipment Rental,Heavy equipment rental,High,Name-derived
SMARTLIFT HANDLING LOADING & LIFTING EQUIPMENT RENTAL L.L.C,Equipment Rental,Lifting equipment rental,High,Name-derived
SNH Packing General Trading LLC,Packaging Trading,Packaging materials trading,High,Name-derived
SNH Packing General Trading LLC,Packaging Trading,Packaging materials trading,High,Name-derived
SNH Packing General Trading LLC,Packaging Trading,Packaging materials trading,High,Name-derived
SNH Packing General Trading LLC,Packaging Trading,Packaging materials trading,High,Name-derived
SNOWHITE GARMENTS L.L.C.,Manufacturing - Textiles,Uniforms & workwear,High,Name-derived
SNOWHITE GARMENTS L.L.C.,Manufacturing - Textiles,Uniforms & workwear,High,Name-derived
SNOWHITE GARMENTS L.L.C.,Manufacturing - Textiles,Uniforms & workwear,High,Name-derived
SOFT & HYGIENIC PAPER MANUFACTURING LLC,Manufacturing - Paper & Packaging,Tissue & hygiene paper,High,Name-derived
SOFT & HYGIENIC PAPER MANUFACTURING LLC,Manufacturing - Paper & Packaging,Tissue & hygiene paper,High,Name-derived
SOFT & HYGIENIC PAPER MANUFACTURING LLC,Manufacturing - Paper & Packaging,Tissue & hygiene paper,High,Name-derived
SOFT & HYGIENIC PAPER MANUFACTURING LLC,Manufacturing - Paper & Packaging,Tissue & hygiene paper,High,Name-derived
SOIL STORE FOODSTUFF TRADING,Food & Beverage Trading,Foodstuff wholesale & distribution,Medium,Name-derived
SOIL STORE FOODSTUFF TRADING,Food & Beverage Trading,Foodstuff wholesale & distribution,Medium,Name-derived
SOIL STORE FOODSTUFF TRADING,Food & Beverage Trading,Foodstuff wholesale & distribution,Medium,Name-derived
SOIL STORE FOODSTUFF TRADING,Food & Beverage Trading,Foodstuff wholesale & distribution,Medium,Name-derived
SOLICO FIBERGLASS FACTORY LLC,Manufacturing - Plastics,FRP / fiberglass products,High,Name-derived
SOLICO FIBERGLASS FACTORY LLC,Manufacturing - Plastics,FRP / fiberglass products,High,Name-derived
SOLICO FIBERGLASS FACTORY LLC,Manufacturing - Plastics,FRP / fiberglass products,High,Name-derived
SOUNDME WORLD FZE,Consumer Electronics,Audio products trading,High,Name-derived
SOUTH LINK INTERNATIONAL FOODSTUFF LLC,Food & Beverage Trading,Foodstuff wholesale & distribution,Medium,Name-derived
SOUTH LINK INTERNATIONAL FOODSTUFF LLC,Food & Beverage Trading,Foodstuff wholesale & distribution,Medium,Name-derived
SOUTH LINK INTERNATIONAL FOODSTUFF LLC,Food & Beverage Trading,Foodstuff wholesale & distribution,Medium,Name-derived
SOUTH LINK INTERNATIONAL FOODSTUFF LLC,Food & Beverage Trading,Foodstuff wholesale & distribution,Medium,Name-derived
SOUVENIR POTATOES TRADING CO. LLC,Fresh Produce & Grocery,Fruits & vegetables wholesale,Medium,Name-derived
SOUVENIR POTATOES TRADING CO. LLC,Fresh Produce & Grocery,Fruits & vegetables wholesale,Medium,Name-derived
SPACE AAM GENERAL TRADING LLC,Trading & Distribution,General trading & wholesale,Medium,Name-derived
SPACE AAM GENERAL TRADING LLC,Trading & Distribution,General trading & wholesale,Medium,Name-derived
SPACE LAND TECHNICAL SERVICES,Technical Services,Technical & maintenance services,Medium,Name-derived
SPACE LAND TECHNICAL SERVICES,Technical Services,Technical & maintenance services,Medium,Name-derived
SPACEAGE ELECTRICAL SWITCHGEAR CO. WLL,Manufacturing - Electrical,LV switchgear panels,High,Name-derived
SPACEAGE ELECTRICAL SWITCHGEAR CO. WLL,Manufacturing - Electrical,LV switchgear panels,High,Name-derived
SPACEAGE ELECTRICAL SWITCHGEAR CO. WLL,Manufacturing - Electrical,LV switchgear panels,High,Name-derived
SPECTRUM HEARTS THERAPEUTIC CENTER,Healthcare,Therapy & rehabilitation centre,High,Name-derived
SPECTRUM INT’L L.L.C,Trading & Distribution,General trading,Low,Name-derived
SPEED BLAST TRADING LLC,Industrial Distribution,Blasting equipment & abrasives,High,Name-derived
SPEEDY TECHNICAL SERVICES (BR OF ABDULWAHED BIN SHABIB INVESTMENT GROUP LLC),Technical Services,Technical / maintenance services,High,Name-derived
SPEEDY TECHNICAL SERVICES (BR OF ABDULWAHED BIN SHABIB INVESTMENT GROUP LLC),Technical Services,Technical / maintenance services,High,Name-derived
SPOT SHOES TRADING,Textiles & Apparel Trading,Footwear trading,High,Name-derived
SPOT SHOES TRADING,Textiles & Apparel Trading,Footwear trading,High,Name-derived
SPOT SHOES TRADING,Textiles & Apparel Trading,Footwear trading,High,Name-derived
SPOT SHOES TRADING,Textiles & Apparel Trading,Footwear trading,High,Name-derived
SREE CHEMTECH FZE,Chemicals Distribution,Specialty chemicals trading,High,Name-derived
SREE CHEMTECH FZE,Chemicals Distribution,Specialty chemicals trading,High,Name-derived
SREE CHEMTECH FZE,Chemicals Distribution,Specialty chemicals trading,High,Name-derived
SRQ TRADING COMPANY LLC,Trading & Distribution,General trading & wholesale,Medium,Name-derived
SRQ TRADING COMPANY LLC,Trading & Distribution,General trading & wholesale,Medium,Name-derived
STAHL CRANE SYSTEMS FZE,Manufacturing - Machinery,Hoists & crane components,High,Name-derived
STAHL CRANE SYSTEMS FZE,Manufacturing - Machinery,Hoists & crane components,High,Name-derived
STAHL CRANE SYSTEMS FZE,Manufacturing - Machinery,Hoists & crane components,High,Name-derived
STAHL CRANE SYSTEMS FZE,Manufacturing - Machinery,Hoists & crane components,High,Name-derived
STALLION ON DEMAND LABOR SUPPLY LLC,HR & Recruitment,Labour supply,High,Name-derived
STALLION ON DEMAND LABOR SUPPLY LLC,HR & Recruitment,Labour supply,High,Name-derived
STALLION ON DEMAND LABOR SUPPLY LLC,HR & Recruitment,Labour supply,High,Name-derived
STANDARD ACCESS SCAFFOLDING CONTRACTING LLC,Construction Services,Scaffolding & access,High,Name-derived
STANDARD ACCESS SCAFFOLDING CONTRACTING LLC,Construction Services,Scaffolding & access,High,Name-derived
STANDARD ACCESS SCAFFOLDING CONTRACTING LLC,Construction Services,Scaffolding & access,High,Name-derived
STANDARD ACCESS SCAFFOLDING CONTRACTING LLC,Construction Services,Scaffolding & access,High,Name-derived
STANDARD SANITARY WARES SHOP,Building Materials Trading,Building materials & sanitaryware,Medium,Name-derived
STANDARD SANITARY WARES SHOP,Building Materials Trading,Building materials & sanitaryware,Medium,Name-derived
STANFORD MARINE L. L. C,Marine Services,OSV ownership & marine services,High,Name-derived
STAR CITY AUTOS SPARE PARTS TRADING LLC,Automotive Parts Trading,Vehicle spare parts & accessories,Medium,Name-derived
STAR PACK PACKAGING INDUSTRY.L.L.C,Manufacturing - Paper & Packaging,Packaging production,High,Name-derived
STAR SECURITY SERVICES LLC,Security Services,Manned guarding,High,Name-derived
STAR SERVICES LLC,HR & Recruitment,Manpower supply & outsourcing,High,Name-derived
STAR SERVICES LLC,HR & Recruitment,Manpower supply & outsourcing,High,Name-derived
STAR SERVICES LLC,HR & Recruitment,Manpower supply & outsourcing,High,Name-derived
STAR SERVICES LLC,HR & Recruitment,Manpower supply & outsourcing,High,Name-derived
STAR SERVICES LLC,HR & Recruitment,Manpower supply & outsourcing,High,Name-derived
STAR SERVICES LLC,HR & Recruitment,Manpower supply & outsourcing,High,Name-derived
STAR SERVICES OUTSOURCING CONSULTANTS LTD. COMPANY,HR & Recruitment,Manpower outsourcing,High,Name-derived
STAR X AUTO TRADE FZCO,Automotive Retail,Vehicle trading,High,Name-derived
STATUS 67 AUTO REPAIR LLC,Automotive Services,Vehicle repair garage,High,Name-derived
STATUS 67 AUTO REPAIR LLC,Automotive Services,Vehicle repair garage,High,Name-derived
STERLING SITES FZCO,Building Materials Trading,"Ladders, adhesives, abrasives, hardware & sanitaryware",High,Web-verified
STERLING SITES FZCO,Building Materials Trading,"Ladders, adhesives, abrasives, hardware & sanitaryware",High,Web-verified
STERLING SITES FZCO,Building Materials Trading,"Ladders, adhesives, abrasives, hardware & sanitaryware",High,Web-verified
STERLING SITES FZCO,Building Materials Trading,"Ladders, adhesives, abrasives, hardware & sanitaryware",High,Web-verified
STERLING SITES FZCO,Building Materials Trading,"Ladders, adhesives, abrasives, hardware & sanitaryware",High,Web-verified
STREAM ENERGY DEVELOPMENT - SOLE PROPRIETORSHIP L.L.C.,Energy,Energy project development,Medium,Name-derived
STREAM ENERGY DEVELOPMENT - SOLE PROPRIETORSHIP L.L.C.,Energy,Energy project development,Medium,Name-derived
STREAM RECRUITMENT– SOLE PROPRIERSHIP LLC,HR & Recruitment,Recruitment services,High,Name-derived
SUCDEN MIDDLE EAST,Commodity Trading,Soft commodities - sugar & cocoa,High,Name-derived
SUCDEN MIDDLE EAST,Commodity Trading,Soft commodities - sugar & cocoa,High,Name-derived
SUCDEN MIDDLE EAST,Commodity Trading,Soft commodities - sugar & cocoa,High,Name-derived
SUCDEN MIDDLE EAST,Commodity Trading,Soft commodities - sugar & cocoa,High,Name-derived
SUDHIR GENSETS FZE,Power Generation Equipment,Diesel generating sets,High,Name-derived
SUDHIR GENSETS FZE,Power Generation Equipment,Diesel generating sets,High,Name-derived
SUDHIR GENSETS FZE,Power Generation Equipment,Diesel generating sets,High,Name-derived
SUHOL AL FAYHA TRADING LLC,Trading & Distribution,General trading & wholesale,Medium,Name-derived
SUHOL AL FAYHA TRADING LLC,Trading & Distribution,General trading & wholesale,Medium,Name-derived
SUHOL AL FAYHA TRADING LLC,Trading & Distribution,General trading & wholesale,Medium,Name-derived
SUHOL AL FAYHA TRADING LLC,Trading & Distribution,General trading & wholesale,Medium,Name-derived
SUHOL AL FAYHA TRADING LLC,Trading & Distribution,General trading & wholesale,Medium,Name-derived
SUHOL AL FAYHA TRADING LLC,Trading & Distribution,General trading & wholesale,Medium,Name-derived
SUHOL AL FAYHA TRADING LLC,Trading & Distribution,General trading & wholesale,Medium,Name-derived
SUHOL AL FAYHA TRADING LLC,Trading & Distribution,General trading & wholesale,Medium,Name-derived
SULTHAN STONES LLC,Building Materials Trading,Natural stone supply,High,Name-derived
SUMMER CRESCENT TRADING COMPANY,Trading & Distribution,General trading,Low,Name-derived
SUNBEAM INTERNATIONAL FOODSTUFF TRADING LLC,Food & Beverage Trading,Foodstuff wholesale & distribution,Medium,Name-derived
SUNDUS RECRUITMENT & OUTSOURCING SERVICES LLC,HR & Recruitment,Recruitment & outsourcing,High,Name-derived
SUNDUS RECRUITMENT & OUTSOURCING SERVICES LLC,HR & Recruitment,Recruitment & outsourcing,High,Name-derived
SUNDUS RECRUITMENT & OUTSOURCING SERVICES LLC,HR & Recruitment,Recruitment & outsourcing,High,Name-derived
SUNNY FRESH TRADING LLC,Trading & Distribution,General trading & wholesale,Medium,Name-derived
SUNTECH BUSINESS SOLUTIONS,IT Services,Business software & IT solutions,Medium,Name-derived
SUNTECH BUSINESS SOLUTIONS,IT Services,Business software & IT solutions,Medium,Name-derived
SUNTECH BUSINESS SOLUTIONS,IT Services,Business software & IT solutions,Medium,Name-derived
SUNTECH BUSINESS SOLUTIONS,IT Services,Business software & IT solutions,Medium,Name-derived
SWISS CHOCOLATE FACTORY LLC,Manufacturing - Food,Chocolate & confectionery,High,Name-derived
SWISS WATCH GROUP LLC,Luxury Retail,Watch retail & distribution,High,Name-derived
SWISS WATCH HOUSE L.L.C.,Luxury Retail,Watch retail,High,Name-derived
SWISS WATCH HOUSE L.L.C.,Luxury Retail,Watch retail,High,Name-derived
SWISS WATCH HOUSE L.L.C.,Luxury Retail,Watch retail,High,Name-derived
SWISS WATCH HOUSE L.L.C.,Luxury Retail,Watch retail,High,Name-derived
SWISS WATCH HOUSE L.L.C.,Luxury Retail,Watch retail,High,Name-derived
SWISS WATCH HOUSE L.L.C.,Luxury Retail,Watch retail,High,Name-derived
SWITCH FOODSTUFF TRADING CO. LLC,Food & Beverage Trading,Foodstuff wholesale & distribution,Medium,Name-derived
SWITCH FOODSTUFF TRADING CO. LLC,Food & Beverage Trading,Foodstuff wholesale & distribution,Medium,Name-derived
SWITCH FOODSTUFF TRADING CO. LLC,Food & Beverage Trading,Foodstuff wholesale & distribution,Medium,Name-derived
SWITCHGEAR ELECTRO MECHANICAL LLC,MEP & Electromechanical,Switchgear & electromechanical works,High,Name-derived
SWITCHGEAR ELECTRO MECHANICAL LLC,MEP & Electromechanical,Switchgear & electromechanical works,High,Name-derived
T.M.F EURO FOUNDATIONS (L.L.C),Construction Services,Piling & foundations,High,Name-derived
T.M.F EURO FOUNDATIONS (L.L.C),Construction Services,Piling & foundations,High,Name-derived
TAAZA QUALITY FOODSTUFF TRADING LLC,Food & Beverage Trading,Foodstuff wholesale & distribution,Medium,Name-derived
TAAZA QUALITY FOODSTUFF TRADING LLC,Food & Beverage Trading,Foodstuff wholesale & distribution,Medium,Name-derived
TAAZA QUALITY FOODSTUFF TRADING LLC,Food & Beverage Trading,Foodstuff wholesale & distribution,Medium,Name-derived
TABBARA ELECTRONICS LLC,Consumer Electronics,Electronics distribution,High,Name-derived
TABBARA ELECTRONICS LLC,Consumer Electronics,Electronics distribution,High,Name-derived
TABBARA ELECTRONICS LLC,Consumer Electronics,Electronics distribution,High,Name-derived
TAF HOUSE MATERIAL LLC,Building Materials Trading,Building materials & sanitaryware,Medium,Name-derived
TAF HOUSE MATERIAL LLC,Building Materials Trading,Building materials & sanitaryware,Medium,Name-derived
TAIF AL MADINA CONTRACTING LLC,Construction & Contracting,Building & civil contracting,Medium,Name-derived
TAIF AL MADINA CONTRACTING LLC,Construction & Contracting,Building & civil contracting,Medium,Name-derived
TAIF AL MADINA CONTRACTING LLC,Construction & Contracting,Building & civil contracting,Medium,Name-derived
TAIF AL MADINA CONTRACTING LLC,Construction & Contracting,Building & civil contracting,Medium,Name-derived
TAIF AL MADINA CONTRACTING LLC,Construction & Contracting,Building & civil contracting,Medium,Name-derived
TAIF AL MADINA CONTRACTING LLC,Construction & Contracting,Building & civil contracting,Medium,Name-derived
TAIF AL MADINA CONTRACTING LLC,Construction & Contracting,Building & civil contracting,Medium,Name-derived
TAIF AL MADINA CONTRACTING LLC,Construction & Contracting,Building & civil contracting,Medium,Name-derived
TAIF AL MADINA CONTRACTING LLC,Construction & Contracting,Building & civil contracting,Medium,Name-derived
TALENT VISION COMPANY,HR & Recruitment,Recruitment services,High,Name-derived
TALENT VISION COMPANY,HR & Recruitment,Recruitment services,High,Name-derived
TALENT VISION COMPANY,HR & Recruitment,Recruitment services,High,Name-derived
TAMM GENERAL TRADING LLC,Trading & Distribution,General trading & wholesale,Medium,Name-derived
TAMM GENERAL TRADING LLC,Trading & Distribution,General trading & wholesale,Medium,Name-derived
TANWEER GROUP SA,Trading & Distribution,International trading,Low,Name-derived
TANWEER GROUP SA,Trading & Distribution,International trading,Low,Name-derived
TANWEER GROUP SA,Trading & Distribution,International trading,Low,Name-derived
TANWEER GROUP SA,Trading & Distribution,International trading,Low,Name-derived
TAQNIAT INTELLIGENT SOLUTIONS,IT Services,Technology solutions integrator,Medium,Name-derived
TAQNIAT INTELLIGENT SOLUTIONS,IT Services,Technology solutions integrator,Medium,Name-derived
TAQNIAT INTELLIGENT SOLUTIONS,IT Services,Technology solutions integrator,Medium,Name-derived
TAQNIAT INTELLIGENT SOLUTIONS,IT Services,Technology solutions integrator,Medium,Name-derived
TAQNIAT INTELLIGENT SOLUTIONS,IT Services,Technology solutions integrator,Medium,Name-derived
TAQNIAT INTELLIGENT SOLUTIONS,IT Services,Technology solutions integrator,Medium,Name-derived
TAQNIAT INTELLIGENT SOLUTIONS,IT Services,Technology solutions integrator,Medium,Name-derived
TAQNIAT INTELLIGENT SOLUTIONS,IT Services,Technology solutions integrator,Medium,Name-derived
TAWOOS AGRICULTURE (UAE) LLC,Agriculture,Agricultural production & services,High,Name-derived
TAWOOS AGRICULTURE (UAE) LLC,Agriculture,Agricultural production & services,High,Name-derived
TAWOOS AGRICULTURE (UAE) LLC,Agriculture,Agricultural production & services,High,Name-derived
TAWOOS AGRICULTURE (UAE) LLC,Agriculture,Agricultural production & services,High,Name-derived
TAWOOS AGRICULTURE (UAE) LLC,Agriculture,Agricultural production & services,High,Name-derived
TAWOOS AGRICULTURE (UAE) LLC,Agriculture,Agricultural production & services,High,Name-derived
TEAM STAR SPARE PARTS L.L.C,Automotive Parts Trading,Vehicle spare parts & accessories,Medium,Name-derived
TEAM STAR SPARE PARTS L.L.C,Automotive Parts Trading,Vehicle spare parts & accessories,Medium,Name-derived
TEAM TWENTY ONE AUTO REPAIRING,Automotive Services,Vehicle repair garage,High,Name-derived
TECHNICAL RESOURCES LLC,Industrial Equipment,"Equipment sales, service, plant hire & workshops (Albwardy Group)",High,Web-verified
TECHNICAL RESOURCES LLC,Industrial Equipment,"Equipment sales, service, plant hire & workshops (Albwardy Group)",High,Web-verified
TECHNICAL RESOURCES LLC,Industrial Equipment,"Equipment sales, service, plant hire & workshops (Albwardy Group)",High,Web-verified
TECHNICAL RESOURCES LLC,Industrial Equipment,"Equipment sales, service, plant hire & workshops (Albwardy Group)",High,Web-verified
TECHNICAL RESOURCES LLC,Industrial Equipment,"Equipment sales, service, plant hire & workshops (Albwardy Group)",High,Web-verified
TECHNO MARINE EQUIPMENT SERVICES LLC,Marine Services,Marine equipment services,High,Name-derived
TECHNO MARINE EQUIPMENT SERVICES LLC,Marine Services,Marine equipment services,High,Name-derived
TECHNO MARINE EQUIPMENT SERVICES LLC,Marine Services,Marine equipment services,High,Name-derived
TECHNO POWER ARABIA COMPANY,Electrical Trading,Electrical products & services,Medium,Name-derived
TECHNO POWER ARABIA COMPANY,Electrical Trading,Electrical products & services,Medium,Name-derived
TECHNOMECH ELECTROMECHANICAL WORKS LLC,MEP & Electromechanical,MEP contracting & services,Medium,Name-derived
TECHNOSERVE TRADING CO. LLC,Trading & Distribution,General trading & wholesale,Medium,Name-derived
TECHNOSERVE TRADING CO. LLC,Trading & Distribution,General trading & wholesale,Medium,Name-derived
TECHNOSERVE TRADING CO. LLC,Trading & Distribution,General trading & wholesale,Medium,Name-derived
TECHNOSERVE TRADING CO. LLC,Trading & Distribution,General trading & wholesale,Medium,Name-derived
TEE DEE INTERNATIONAL FZE,Trading & Distribution,General trading,Low,Name-derived
TEE DEE METAL SOLUTIONS FZE,Manufacturing - Metals,Metal products,Medium,Name-derived
TEE DEE METALS LLC,Manufacturing - Metals,Metal products,Medium,Name-derived
TEE DEE TECHNOLOGIES LLC,Trading & Distribution,Technical products trading,Low,Name-derived
TEE DEE TRADING L.L.C,Trading & Distribution,General trading,Low,Name-derived
TELAL ENGINEERING & CONTRACTING L.L.C,Construction & Contracting,Building & civil contracting,Medium,Name-derived
TELAL ENGINEERING & CONTRACTING L.L.C,Construction & Contracting,Building & civil contracting,Medium,Name-derived
TELAL ENGINEERING & CONTRACTING L.L.C,Construction & Contracting,Building & civil contracting,Medium,Name-derived
TELEPHONY TELECOM TECHNOLOGIES,Telecommunications,Telecom systems & services,High,Name-derived
TELEPHONY TELECOM TECHNOLOGIES,Telecommunications,Telecom systems & services,High,Name-derived
TELEPHONY TELECOM TECHNOLOGIES,Telecommunications,Telecom systems & services,High,Name-derived
TELEPHONY TELECOM TECHNOLOGIES,Telecommunications,Telecom systems & services,High,Name-derived
TELEPHONY TELECOM TECHNOLOGIES,Telecommunications,Telecom systems & services,High,Name-derived
TERRASOL HOSPITALITY SERVICES,Hospitality,Hospitality services,Medium,Name-derived
TERRASOL HOSPITALITY SERVICES,Hospitality,Hospitality services,Medium,Name-derived
TERZETTO,Timber & Wood Trading,Hardwood & teak timber trading (Terzetto Group),Medium,Web-verified
TERZETTO OVERSEAS DMCC,Timber & Wood Trading,Hardwood & teak timber trading (Terzetto Group),High,Web-verified
TERZETTO OVERSEAS DMCC,Timber & Wood Trading,Hardwood & teak timber trading (Terzetto Group),High,Web-verified
TERZETTO OVERSEAS DMCC,Timber & Wood Trading,Hardwood & teak timber trading (Terzetto Group),High,Web-verified
TERZETTO OVERSEAS DMCC,Timber & Wood Trading,Hardwood & teak timber trading (Terzetto Group),High,Web-verified
THAKKAR TRADING CO.L. L. C,Trading & Distribution,General trading & wholesale,Medium,Name-derived
THAKKAR TRADING CO.L. L. C,Trading & Distribution,General trading & wholesale,Medium,Name-derived
THAKKAR TRADING CO.L. L. C,Trading & Distribution,General trading & wholesale,Medium,Name-derived
THAKKAR TRADING CO.L. L. C,Trading & Distribution,General trading & wholesale,Medium,Name-derived
THE H HOTEL LLC,Hospitality,Hotel,High,Name-derived
THE H HOTEL LLC,Hospitality,Hotel,High,Name-derived
THE H HOTEL LLC,Hospitality,Hotel,High,Name-derived
THE IMPERIAL SUITES HOTEL,Hospitality,Hotel,High,Name-derived
THE INDIAN HIGH SCHOOL,Education,K-12 private school,High,Name-derived
THE INDIAN HIGH SCHOOL,Education,K-12 private school,High,Name-derived
THE INDIAN HIGH SCHOOL,Education,K-12 private school,High,Name-derived
THE LEATHER DOCTOR,Repair Services,Leather & upholstery repair,High,Name-derived
THE PAVILION FOOD PROCESSING LLC,Manufacturing - Food,Food processing,High,Name-derived
THE PAVILION FOOD PROCESSING LLC,Manufacturing - Food,Food processing,High,Name-derived
THE PAVILION FOOD PROCESSING LLC,Manufacturing - Food,Food processing,High,Name-derived
THE PAVILION FOOD PROCESSING LLC,Manufacturing - Food,Food processing,High,Name-derived
THE PAVILION FOOD PROCESSING LLC,Manufacturing - Food,Food processing,High,Name-derived
THE PRODUCTION HUB L.L.C,Media & Entertainment,Video / event production,High,Name-derived
THE PRODUCTION HUB L.L.C,Media & Entertainment,Video / event production,High,Name-derived
THE PRODUCTION HUB L.L.C,Media & Entertainment,Video / event production,High,Name-derived
THE PRODUCTION HUB L.L.C,Media & Entertainment,Video / event production,High,Name-derived
THREEZONE GENERAL TRADING LLC,Trading & Distribution,General trading & wholesale,Medium,Name-derived
TILES AND BATH BUILDING MATERIALS LLC,Building Materials Trading,Building materials & sanitaryware,Medium,Name-derived
TIME BRIDGE FZCO,Unclassified,Searched - no public business description found,Low,Web-verified
TIME BRIDGE FZCO,Unclassified,Searched - no public business description found,Low,Web-verified
TIME BRIDGE FZCO,Unclassified,Searched - no public business description found,Low,Web-verified
TIME BRIDGE FZCO,Unclassified,Searched - no public business description found,Low,Web-verified
TJJ & Co.,Unclassified,Insufficient information in name,Low,Name-derived
TODAY  LIGHT TRADING L. L. C,Electrical Trading,Lighting products,High,Name-derived
TOGETHER TEXTILES (CHINA),Textiles & Apparel Trading,Textile sourcing & supply,High,Name-derived
TOGETHER TEXTILES (CHINA),Textiles & Apparel Trading,Textile sourcing & supply,High,Name-derived
TOGETHER TEXTILES (CHINA),Textiles & Apparel Trading,Textile sourcing & supply,High,Name-derived
TOP LINK CONTRACTING & GENERAL TRANSPORT LLC,Freight Transport,Road transport & haulage,Medium,Name-derived
TOP LINK CONTRACTING & GENERAL TRANSPORT LLC,Freight Transport,Road transport & haulage,Medium,Name-derived
TOP LINK CONTRACTING & GENERAL TRANSPORT LLC,Freight Transport,Road transport & haulage,Medium,Name-derived
TOP LINK CONTRACTING & GENERAL TRANSPORT LLC,Freight Transport,Road transport & haulage,Medium,Name-derived
TOP LINK CONTRACTING & GENERAL TRANSPORT LLC,Freight Transport,Road transport & haulage,Medium,Name-derived
TOP LINK CONTRACTING & GENERAL TRANSPORT LLC,Freight Transport,Road transport & haulage,Medium,Name-derived
TOP LINK CONTRACTING & GENERAL TRANSPORT LLC,Freight Transport,Road transport & haulage,Medium,Name-derived
TOP LINK CONTRACTING & GENERAL TRANSPORT LLC,Freight Transport,Road transport & haulage,Medium,Name-derived
TOP LINK CONTRACTING & GENERAL TRANSPORT LLC,Freight Transport,Road transport & haulage,Medium,Name-derived
TOP LINK CONTRACTING & GENERAL TRANSPORT LLC,Freight Transport,Road transport & haulage,Medium,Name-derived
TOP LINK CONTRACTING & GENERAL TRANSPORT LLC,Freight Transport,Road transport & haulage,Medium,Name-derived
TOP LINK CONTRACTING & GENERAL TRANSPORT LLC,Freight Transport,Road transport & haulage,Medium,Name-derived
TOP LINK CONTRACTING & GENERAL TRANSPORT LLC,Freight Transport,Road transport & haulage,Medium,Name-derived
TOP LINK CONTRACTING & GENERAL TRANSPORT LLC,Freight Transport,Road transport & haulage,Medium,Name-derived
TOP LINK CONTRACTING & GENERAL TRANSPORT LLC,Freight Transport,Road transport & haulage,Medium,Name-derived
TOP LINK CONTRACTING & GENERAL TRANSPORT LLC,Freight Transport,Road transport & haulage,Medium,Name-derived
TOP LINK CONTRACTING & GENERAL TRANSPORT LLC,Freight Transport,Road transport & haulage,Medium,Name-derived
TOP LINK CONTRACTING & GENERAL TRANSPORT LLC,Freight Transport,Road transport & haulage,Medium,Name-derived
TOP LINK CONTRACTING & GENERAL TRANSPORT LLC,Freight Transport,Road transport & haulage,Medium,Name-derived
TOP LINK CONTRACTING & GENERAL TRANSPORT LLC,Freight Transport,Road transport & haulage,Medium,Name-derived
TOP LINK CONTRACTING & GENERAL TRANSPORT LLC,Freight Transport,Road transport & haulage,Medium,Name-derived
TOP LINK CONTRACTING & GENERAL TRANSPORT LLC,Freight Transport,Road transport & haulage,Medium,Name-derived
TOP LINK CONTRACTING & GENERAL TRANSPORT LLC,Freight Transport,Road transport & haulage,Medium,Name-derived
TOP LINK CONTRACTING & GENERAL TRANSPORT LLC,Freight Transport,Road transport & haulage,Medium,Name-derived
TOP LINK CONTRACTING & GENERAL TRANSPORT LLC,Freight Transport,Road transport & haulage,Medium,Name-derived
TOP STAR TRADING LLC,Trading & Distribution,General trading & wholesale,Medium,Name-derived
TOP STAR TRADING LLC,Trading & Distribution,General trading & wholesale,Medium,Name-derived
TOP STAR TRADING LLC,Trading & Distribution,General trading & wholesale,Medium,Name-derived
TOP STAR TRADING LLC,Trading & Distribution,General trading & wholesale,Medium,Name-derived
TOP STAR TRADING LLC,Trading & Distribution,General trading & wholesale,Medium,Name-derived
TOPCOAT TRADING LLC,Building Materials Trading,Paints & coatings,High,Name-derived
TOPCOAT TRADING LLC,Building Materials Trading,Paints & coatings,High,Name-derived
TOPCOAT TRADING LLC,Building Materials Trading,Paints & coatings,High,Name-derived
TOPCOAT TRADING LLC,Building Materials Trading,Paints & coatings,High,Name-derived
TOROS SKY FOODSTUFF TRADING CO,Food & Beverage Trading,Foodstuff wholesale & distribution,Medium,Name-derived
TR88HOUSE RESTAURANT AND ENTERTAINMENT CENTER LLC,Food Service,Restaurant & entertainment venue,High,Name-derived
TR88HOUSE RESTAURANT AND ENTERTAINMENT CENTER LLC,Food Service,Restaurant & entertainment venue,High,Name-derived
TR88HOUSE RESTAURANT AND ENTERTAINMENT CENTER LLC,Food Service,Restaurant & entertainment venue,High,Name-derived
TRANSCAP SHIPPING LINE LLC,Shipping,Shipping line / agency,High,Name-derived
TRI STAR GULF FZCO,Building Materials Trading,Building & interiors products trading,Low,Web-verified
TRI STAR GULF FZCO,Building Materials Trading,Building & interiors products trading,Low,Web-verified
TRI STAR GULF FZCO,Building Materials Trading,Building & interiors products trading,Low,Web-verified
TRIAD SOFTWARE SERVICES,Software & ERP,Software development services,High,Name-derived
TRIAD SOFTWARE SERVICES,Software & ERP,Software development services,High,Name-derived
TRITON FOODS LLC,Food & Beverage Trading,Foodstuff distribution,Medium,Name-derived
TRITON FOODS LLC,Food & Beverage Trading,Foodstuff distribution,Medium,Name-derived
TRITON FOODS LLC,Food & Beverage Trading,Foodstuff distribution,Medium,Name-derived
TRITON MIDDLE EAST LLC,Manufacturing - Chemicals,"Sealants, waterproofing & protective coatings",High,Web-verified
TRITON MIDDLE EAST LLC,Manufacturing - Chemicals,"Sealants, waterproofing & protective coatings",High,Web-verified
TRITON MIDDLE EAST LLC,Manufacturing - Chemicals,"Sealants, waterproofing & protective coatings",High,Web-verified
TRITON MIDDLE EAST LLC,Manufacturing - Chemicals,"Sealants, waterproofing & protective coatings",High,Web-verified
TROPILAND FOODSTUFF TRADING LLC,Food & Beverage Trading,Foodstuff wholesale & distribution,Medium,Name-derived
TUNES INTERIOR DECORATION,Fit-Out & Joinery,Interior decoration,High,Name-derived
TUNES INTERIOR DECORATION,Fit-Out & Joinery,Interior decoration,High,Name-derived
TWAM AGRICULTURE,Agriculture,Agricultural production,Medium,Name-derived
U A E ENTERPRISES BUILDING MATERIAL TRADING L.L.C,Building Materials Trading,Building materials & sanitaryware,Medium,Name-derived
ULTIMATE AUTO SPARE PARTS L. L. C.,Automotive Parts Trading,Vehicle spare parts & accessories,Medium,Name-derived
ULTIMATE AUTO SPARE PARTS L. L. C.,Automotive Parts Trading,Vehicle spare parts & accessories,Medium,Name-derived
ULTIMATE BUSINESS SOLUTION LLC,IT Services,Business software & IT solutions,Medium,Name-derived
UMAI BAN GROUP OF COMPANY LLC,Diversified Group,Diversified group,Medium,Name-derived
UMCO TRADING L.L.C,Trading & Distribution,General trading & wholesale,Medium,Name-derived
UMCO TRADING L.L.C,Trading & Distribution,General trading & wholesale,Medium,Name-derived
UMCO TRADING L.L.C,Trading & Distribution,General trading & wholesale,Medium,Name-derived
UMER ALI TRADING LLC,Trading & Distribution,General trading & wholesale,Medium,Name-derived
UNGER STEEL FABRICATION FZE,Manufacturing - Steel Fabrication,Structural steel construction,High,Name-derived
UNGER STEEL FABRICATION FZE,Manufacturing - Steel Fabrication,Structural steel construction,High,Name-derived
UNGER STEEL FABRICATION FZE,Manufacturing - Steel Fabrication,Structural steel construction,High,Name-derived
UNGER STEEL MIDDLE EAST FZE,Manufacturing - Steel Fabrication,Structural steel construction,High,Name-derived
UNGER STEEL MIDDLE EAST FZE,Manufacturing - Steel Fabrication,Structural steel construction,High,Name-derived
UNGER STEEL MIDDLE EAST FZE,Manufacturing - Steel Fabrication,Structural steel construction,High,Name-derived
UNGER STEEL MIDDLE EAST FZE,Manufacturing - Steel Fabrication,Structural steel construction,High,Name-derived
UNGER STEEL MIDDLE EAST FZE,Manufacturing - Steel Fabrication,Structural steel construction,High,Name-derived
UNGER STEEL MIDDLE EAST FZE,Manufacturing - Steel Fabrication,Structural steel construction,High,Name-derived
UNI ARAB ENGINEERING & OILFIELD SERVICES,Oil & Gas Services,Oilfield engineering services,High,Name-derived
UNI ARAB ENGINEERING & OILFIELD SERVICES,Oil & Gas Services,Oilfield engineering services,High,Name-derived
UNI ARAB ENGINEERING & OILFIELD SERVICES,Oil & Gas Services,Oilfield engineering services,High,Name-derived
UNIMAR MARBLE FACTORY,Manufacturing - Building Products,Marble processing,High,Name-derived
UNIMAR MARBLE FACTORY,Manufacturing - Building Products,Marble processing,High,Name-derived
UNIQUE COURIER CARGO SERVICE LLC,Logistics & Supply Chain,Courier & cargo,High,Name-derived
UNITED COMPANY VETERINARY MEDICINES IND. L.L.C.,Pharmaceuticals,Veterinary medicines manufacturing,High,Name-derived
UNITED NATIONS DEVELOPMENT PROGRAMME,Government & NGO,UN development agency,High,Name-derived
UNITED NATIONS DEVELOPMENT PROGRAMME,Government & NGO,UN development agency,High,Name-derived
UNITED NATIONS DEVELOPMENT PROGRAMME,Government & NGO,UN development agency,High,Name-derived
UNITED NATIONS DEVELOPMENT PROGRAMME,Government & NGO,UN development agency,High,Name-derived
UNITED NATIONS DEVELOPMENT PROGRAMME,Government & NGO,UN development agency,High,Name-derived
UNITED QUARRIES,Mining & Quarrying,Aggregates & quarry products,High,Name-derived
UNITED TECHNOLOGY & TRADING Co.,Trading & Distribution,General trading & wholesale,Medium,Name-derived
UNITED TECHNOLOGY & TRADING Co.,Trading & Distribution,General trading & wholesale,Medium,Name-derived
UNITED TECHNOLOGY & TRADING Co.,Trading & Distribution,General trading & wholesale,Medium,Name-derived
UNITED TECHNOLOGY & TRADING Co.,Trading & Distribution,General trading & wholesale,Medium,Name-derived
UNIVERSAL BLUE OCEAN CONSULTANT,Professional Services,Business consultancy,Medium,Name-derived
UNIVERSAL BLUE OCEAN CONSULTANT,Professional Services,Business consultancy,Medium,Name-derived
UNIVERSAL BLUE OCEAN CONSULTANT,Professional Services,Business consultancy,Medium,Name-derived
URBAN LINES STATIONERY TRADING LLC,Retail,Retail operations,Medium,Name-derived
URBAN LINES STATIONERY TRADING LLC,Retail,Retail operations,Medium,Name-derived
VALCROM GLOBAL DWC LLC,Industrial Distribution,"Valves, actuators, pipes, flanges & gaskets for oil, gas & water",High,Web-verified
VALIANT PACIFIC LLC,Marine Services,Offshore & marine support services,High,Name-derived
VALIANT PACIFIC LLC,Marine Services,Offshore & marine support services,High,Name-derived
VALIANT PACIFIC LLC,Marine Services,Offshore & marine support services,High,Name-derived
VALIANT PACIFIC LLC,Marine Services,Offshore & marine support services,High,Name-derived
VALLEY GARDEN TRADING LLC,Trading & Distribution,General trading & wholesale,Medium,Name-derived
VALLEY GARDEN TRADING LLC,Trading & Distribution,General trading & wholesale,Medium,Name-derived
VALLEY GARDEN TRADING LLC,Trading & Distribution,General trading & wholesale,Medium,Name-derived
VEE PEE TRADING LLC,Trading & Distribution,General trading & wholesale,Medium,Name-derived
VEEMA UK LIMITED T/AS RUPALI,Food & Beverage Trading,Food brand / distribution,Low,Name-derived
VEEMA UK LIMITED T/AS RUPALI,Food & Beverage Trading,Food brand / distribution,Low,Name-derived
VEEMA UK LIMITED T/AS RUPALI,Food & Beverage Trading,Food brand / distribution,Low,Name-derived
VEGANIC FRUITS AND VEGETABLES TRADING LLC,Fresh Produce & Grocery,Fruits & vegetables wholesale,Medium,Name-derived
VENDOME TEA DMCC,Food & Beverage Trading,Tea trading & branding,High,Name-derived
VENDOME TEA DMCC,Food & Beverage Trading,Tea trading & branding,High,Name-derived
VENDOME TEA DMCC,Food & Beverage Trading,Tea trading & branding,High,Name-derived
VEXUS INTERIORS L.L.C.,Fit-Out & Joinery,Interior fit-out,High,Name-derived
VEXUS INTERIORS L.L.C.,Fit-Out & Joinery,Interior fit-out,High,Name-derived
VEXUS INTERIORS L.L.C.,Fit-Out & Joinery,Interior fit-out,High,Name-derived
VEXUS INTERIORS L.L.C.,Fit-Out & Joinery,Interior fit-out,High,Name-derived
VICTORIA INTERNATIONAL SCHOOL OF SHARJAH,Education,K-12 international school,High,Name-derived
VICTORIA INTERNATIONAL SCHOOL OF SHARJAH,Education,K-12 international school,High,Name-derived
VICTORIA INTERNATIONAL SCHOOL OF SHARJAH,Education,K-12 international school,High,Name-derived
VICTORIA INTERNATIONAL SCHOOL OF SHARJAH,Education,K-12 international school,High,Name-derived
VICTORIA INTERNATIONAL SCHOOL OF SHARJAH,Education,K-12 international school,High,Name-derived
VIGNESH VEGETABLES & FRUITS TRADING,Fresh Produce & Grocery,Fruits & vegetables wholesale,Medium,Name-derived
VIGNESH VEGETABLES & FRUITS TRADING,Fresh Produce & Grocery,Fruits & vegetables wholesale,Medium,Name-derived
VIGNESH VEGETABLES & FRUITS TRADING,Fresh Produce & Grocery,Fruits & vegetables wholesale,Medium,Name-derived
VINIRMA TEXTILES EXPORTS PRIVATE LIMITED,Textiles & Apparel Trading,Textile export,High,Name-derived
VIPUL KUMAR TRADING L.L.C,Trading & Distribution,General trading & wholesale,Medium,Name-derived
VIPUL KUMAR TRADING L.L.C,Trading & Distribution,General trading & wholesale,Medium,Name-derived
VISION CONSTRUCTION LLC,Construction & Contracting,Building & civil contracting,Medium,Name-derived
VISION CONSTRUCTION LLC,Construction & Contracting,Building & civil contracting,Medium,Name-derived
VISION PLUS,Unclassified,Insufficient information in name,Low,Name-derived
VISIUN TRADING AND LOGISTICS FZE,Logistics & Supply Chain,Trading & logistics,Medium,Name-derived
VIVANTA GENERAL TRADING LLC,Trading & Distribution,General trading & wholesale,Medium,Name-derived
VIVANTA GENERAL TRADING LLC,Trading & Distribution,General trading & wholesale,Medium,Name-derived
VIVENTUM INTERNATIONAL W.L.L,Pharmaceuticals,"Pharma, medical device & FMCG distribution (Qatar)",High,Web-verified
VMP CONSULTANCY,Professional Services,Business consultancy,Medium,Name-derived
VMP CONSULTANCY,Professional Services,Business consultancy,Medium,Name-derived
VMP CONSULTANCY,Professional Services,Business consultancy,Medium,Name-derived
VR TECHNICAL SERVICES LLC,Technical Services,Technical & maintenance services,Medium,Name-derived
VR TECHNICAL SERVICES LLC,Technical Services,Technical & maintenance services,Medium,Name-derived
VR TECHNICAL SERVICES LLC,Technical Services,Technical & maintenance services,Medium,Name-derived
VTS CLIMA WLL,Manufacturing - HVAC,Air handling units & HVAC,High,Name-derived
VTS MEA AIR CONDITION TRADING CO LLC,HVAC Trading,Air conditioning equipment,High,Name-derived
VUEGA  PACKING INDUSTRIES,Manufacturing - Paper & Packaging,Packaging production,High,Name-derived
VUEGA  PACKING INDUSTRIES,Manufacturing - Paper & Packaging,Packaging production,High,Name-derived
VUEGA  PACKING INDUSTRIES,Manufacturing - Paper & Packaging,Packaging production,High,Name-derived
VUEGA  PACKING INDUSTRIES,Manufacturing - Paper & Packaging,Packaging production,High,Name-derived
VUEGA  PACKING INDUSTRIES,Manufacturing - Paper & Packaging,Packaging production,High,Name-derived
VUEGA  PACKING INDUSTRIES,Manufacturing - Paper & Packaging,Packaging production,High,Name-derived
WADI AL TAIEF EGGS TRADING LLC,Fresh Produce & Grocery,Eggs wholesale,High,Name-derived
WADI AL TAIEF EGGS TRADING LLC,Fresh Produce & Grocery,Eggs wholesale,High,Name-derived
WADI AL TAIEF EGGS TRADING LLC,Fresh Produce & Grocery,Eggs wholesale,High,Name-derived
WAHA FRUITS TRADING COMPANY,Fresh Produce & Grocery,Fruits & vegetables wholesale,Medium,Name-derived
WAHA FRUITS TRADING COMPANY,Fresh Produce & Grocery,Fruits & vegetables wholesale,Medium,Name-derived
WAHA FRUITS TRADING COMPANY,Fresh Produce & Grocery,Fruits & vegetables wholesale,Medium,Name-derived
WATER SEAL INSULATION MATERIAL CONTRACTING COMPANY LLC,Construction Services,Waterproofing & insulation,High,Name-derived
WATER SEAL INSULATION MATERIAL CONTRACTING COMPANY LLC,Construction Services,Waterproofing & insulation,High,Name-derived
WATER SEAL INSULATION MATERIAL CONTRACTING COMPANY LLC,Construction Services,Waterproofing & insulation,High,Name-derived
WATER SEAL INSULATION MATERIAL CONTRACTING COMPANY LLC,Construction Services,Waterproofing & insulation,High,Name-derived
WATER SEAL INSULATION MATERIAL CONTRACTING COMPANY LLC,Construction Services,Waterproofing & insulation,High,Name-derived
WATER SEAL INSULATION MATERIAL CONTRACTING COMPANY LLC,Construction Services,Waterproofing & insulation,High,Name-derived
WATER SEAL INSULATION MATERIAL CONTRACTING COMPANY LLC,Construction Services,Waterproofing & insulation,High,Name-derived
WATER SEAL INSULATION MATERIAL CONTRACTING COMPANY LLC,Construction Services,Waterproofing & insulation,High,Name-derived
WATERLINE IT SOLUTIONS FZE,IT Services,IT solutions & services,High,Name-derived
WATT ELECTRICALS EST.,Electrical Trading,Electrical products & services,Medium,Name-derived
WATT ELECTRICALS EST.,Electrical Trading,Electrical products & services,Medium,Name-derived
WEATHER GULF AIR CONDITION TRADING LLC,HVAC Trading,Air conditioning equipment,High,Name-derived
WEIR OIL & GAS,Oil & Gas Services,Pressure pumping equipment & aftermarket,High,Name-derived
WEIR OIL & GAS,Oil & Gas Services,Pressure pumping equipment & aftermarket,High,Name-derived
WEIR OIL & GAS,Oil & Gas Services,Pressure pumping equipment & aftermarket,High,Name-derived
WEIR OIL & GAS,Oil & Gas Services,Pressure pumping equipment & aftermarket,High,Name-derived
WEIR OIL & GAS,Oil & Gas Services,Pressure pumping equipment & aftermarket,High,Name-derived
WEIR OIL & GAS,Oil & Gas Services,Pressure pumping equipment & aftermarket,High,Name-derived
WELL WORTH FOOD STUFF TRADING LLC,Food & Beverage Trading,Foodstuff wholesale & distribution,Medium,Name-derived
WELLCARE PASSENGER TRANSPORT BY LUXURY CAR LLC,Passenger Transport,Chauffeur services,High,Name-derived
WHITE ALUMINIUM COMPANY LLC,Manufacturing - Building Products,Aluminium & glass facades,High,Name-derived
WHITE ALUMINIUM COMPANY LLC,Manufacturing - Building Products,Aluminium & glass facades,High,Name-derived
WHITE ALUMINIUM COMPANY LLC,Manufacturing - Building Products,Aluminium & glass facades,High,Name-derived
WHITE ALUMINIUM COMPANY LLC,Manufacturing - Building Products,Aluminium & glass facades,High,Name-derived
WHITE ALUMINIUM COMPANY LLC,Manufacturing - Building Products,Aluminium & glass facades,High,Name-derived
WHITE LABEL L.L.C,Food Service,"F&B / hospitality group (Billionaire Mansion, Epicure Catering, Cirque le Soir)",High,Web-verified
WHITE LABEL L.L.C,Food Service,"F&B / hospitality group (Billionaire Mansion, Epicure Catering, Cirque le Soir)",High,Web-verified
WHITE LABEL L.L.C,Food Service,"F&B / hospitality group (Billionaire Mansion, Epicure Catering, Cirque le Soir)",High,Web-verified
WHITE LABEL L.L.C,Food Service,"F&B / hospitality group (Billionaire Mansion, Epicure Catering, Cirque le Soir)",High,Web-verified
WHITE LINE LIMOUSINE LLC,Passenger Transport,Limousine services,High,Name-derived
WINGS POWER SOLUTIONS,Power Generation Equipment,Power / generator solutions,Medium,Name-derived
WOCO TECH LTD FZC,Technology,Technology products & solutions,Medium,Name-derived
WOCO TECH LTD FZC,Technology,Technology products & solutions,Medium,Name-derived
WOCO TECH LTD FZC,Technology,Technology products & solutions,Medium,Name-derived
WOCO TECH LTD FZC,Technology,Technology products & solutions,Medium,Name-derived
WOCO TECH LTD FZC,Technology,Technology products & solutions,Medium,Name-derived
WOODFLOORS MIDDLE EAST L.L.C,Furniture & Interiors,Wood flooring supply,High,Name-derived
WOODFLOORS MIDDLE EAST L.L.C,Furniture & Interiors,Wood flooring supply,High,Name-derived
WOODLEM EDUCATION,Education,School group,High,Name-derived
WORKFORCE CONNEXIION LLC,HR & Recruitment,Manpower supply,High,Name-derived
WORKFORCE CONNEXIION LLC,HR & Recruitment,Manpower supply,High,Name-derived
WORLD WIDE TRADERS OWNED BY ISMAIL AQIL JANAHI ONE PERSON COMPANY LLC,Trading & Distribution,General trading & wholesale,Medium,Name-derived
WORLEY ENGINEERING PTY LIMITED,Engineering Consultancy,Energy & resources EPCM (Worley),High,Name-derived
WORLEY ENGINEERING PTY LIMITED,Engineering Consultancy,Energy & resources EPCM (Worley),High,Name-derived
WORLEY ENGINEERING PTY LIMITED,Engineering Consultancy,Energy & resources EPCM (Worley),High,Name-derived
WORLEY ENGINEERING PTY LIMITED,Engineering Consultancy,Energy & resources EPCM (Worley),High,Name-derived
WORLEY ENGINEERING PTY LIMITED,Engineering Consultancy,Energy & resources EPCM (Worley),High,Name-derived
WORLEY OMAN ENGINEERING LLC,Engineering Consultancy,Energy & resources EPCM (Worley),High,Name-derived
WORLEY WLL,Engineering Consultancy,Energy & resources EPCM (Worley),High,Name-derived
WORLEYPARSONS CONSULTANCY & PROJECTS MANAGEMENT CO. W.L.L.,Engineering Consultancy,Energy & resources EPCM (Worley),High,Name-derived
WORLEYPARSONS CONSULTANCY & PROJECTS MANAGEMENT CO. W.L.L.,Engineering Consultancy,Energy & resources EPCM (Worley),High,Name-derived
WORLEYPARSONS EGYPT,Engineering Consultancy,Energy & resources EPCM (Worley),High,Name-derived
WORLEYPARSONS OMAN,Engineering Consultancy,Energy & resources EPCM (Worley),High,Name-derived
WOROOD INTRAFLORA LLC,Florist & Gifts,Flowers & gifts retail,High,Name-derived
WOROOD INTRAFLORA LLC,Florist & Gifts,Flowers & gifts retail,High,Name-derived
WOROOD INTRAFLORA LLC,Florist & Gifts,Flowers & gifts retail,High,Name-derived
WOROOD INTRAFLORA LLC,Florist & Gifts,Flowers & gifts retail,High,Name-derived
WOROOD INTRAFLORA LLC,Florist & Gifts,Flowers & gifts retail,High,Name-derived
WOROOD INTRAFLORA LLC,Florist & Gifts,Flowers & gifts retail,High,Name-derived
WOROOD INTRAFLORA LLC,Florist & Gifts,Flowers & gifts retail,High,Name-derived
WOROOD INTRAFLORA LLC,Florist & Gifts,Flowers & gifts retail,High,Name-derived
XIAMEN TIME FOOD STUFF TRADING L.L.C,Food & Beverage Trading,Foodstuff wholesale & distribution,Medium,Name-derived
YALDA TRADING COMPANY LLC,Trading & Distribution,General trading & wholesale,Medium,Name-derived
YALWAN VEGETABLE & FRUIT COMPANY LLC,Fresh Produce & Grocery,Fruits & vegetables wholesale,Medium,Name-derived
YASHTECH TRADING LLC,Trading & Distribution,General trading & wholesale,Medium,Name-derived
YASHTECH TRADING LLC,Trading & Distribution,General trading & wholesale,Medium,Name-derived
YASHTECH TRADING LLC,Trading & Distribution,General trading & wholesale,Medium,Name-derived
YASHTECH TRADING LLC,Trading & Distribution,General trading & wholesale,Medium,Name-derived
YASHTECH TRADING LLC,Trading & Distribution,General trading & wholesale,Medium,Name-derived
YAZWAA RECRUITMENT - L.L.C,HR & Recruitment,Recruitment services,High,Name-derived
YAZWAA RECRUITMENT- SOLE PROPRIETORSHIP LLC,HR & Recruitment,Recruitment services,High,Name-derived
YAZWAA RECRUITMENT- SOLE PROPRIETORSHIP LLC,HR & Recruitment,Recruitment services,High,Name-derived
YAZWAA RECRUITMENT- SOLE PROPRIETORSHIP LLC,HR & Recruitment,Recruitment services,High,Name-derived
YKM MIDDLE EAST L.L.C.,Manufacturing - Metals,"Wire mesh, chain link fencing & shade nets",High,Web-verified
YORK ELEVATORS & ESCALATORS FIXING LLC,Elevators & Escalators,Lift installation & maintenance,High,Name-derived
YORK ELEVATORS & ESCALATORS FIXING LLC,Elevators & Escalators,Lift installation & maintenance,High,Name-derived
ZAHRAT AL DHAID AGRICULTURE MATERIALS LLC,Agriculture,Agriculture & agri-inputs,Medium,Name-derived
ZAHRAT AL DHAID AGRICULTURE MATERIALS LLC,Agriculture,Agriculture & agri-inputs,Medium,Name-derived
ZARA FRESH FRUITS TRADING L.L.C - SHOP #130,Fresh Produce & Grocery,Fruits & vegetables wholesale,Medium,Name-derived
ZARA FRESH FRUITS TRADING L.L.C - SHOP #130,Fresh Produce & Grocery,Fruits & vegetables wholesale,Medium,Name-derived
ZAYAN COSMETICS TRADING,Cosmetics & Personal Care,Cosmetics trading,High,Name-derived
ZAYAN COSMETICS TRADING,Cosmetics & Personal Care,Cosmetics trading,High,Name-derived
ZAYAN COSMETICS TRADING,Cosmetics & Personal Care,Cosmetics trading,High,Name-derived
ZF SERVICES MIDDLE EAST LLC,Automotive,Driveline & chassis components (ZF),High,Name-derived
ZIVA WET WIPES FZCO,Manufacturing - Paper & Packaging,Wet wipes production,High,Name-derived
ZIVA WET WIPES FZCO,Manufacturing - Paper & Packaging,Wet wipes production,High,Name-derived
