Company Name,Industry,Sub-Industry / Activity,Confidence,Source,Rows in source list
2/8 KRASNODAR,Unclassified,Insufficient information in name,Low,Name-derived,1
3 NVENEERS DENTAL LABORATORY,Healthcare,Dental laboratory,High,Name-derived,1
360 WELLNESS,Healthcare,Wellness & fitness services,Medium,Name-derived,2
3C Metal Middle East,Oil & Gas Services,Piping & metal fabrication for oil & gas,High,Name-derived,6
3S LIGHTING SOLUTIONS LLC,Electrical Trading,Lighting solutions,High,Name-derived,3
4 CORNERS,Unclassified,Insufficient information in name,Low,Name-derived,3
A.A.A. SERVICES CENTER LLC,Automotive Services,Vehicle service centre,Medium,Name-derived,3
A A K MIDDLE EAST LLC BRANCH,Manufacturing - Food,Edible oils & specialty fats (AAK group),High,Name-derived,2
A AND J GENERAL TRADING LLC,Trading & Distribution,General trading & wholesale,Medium,Name-derived,1
A G C INVESTMENT L.L.C,Investment & Holding,Investment company,Medium,Name-derived,6
A G K REFRESHMENTS L.L.C,Food & Beverage Trading,Beverages & refreshments,Medium,Name-derived,1
A ONE ADVERTISING LLC,Marketing Services,Advertising & signage,High,Name-derived,3
AAA FAIR DEAL COMMERCIAL BROKER LLC,Financial Services,Commercial broking,Medium,Name-derived,1
AAGT INTERNATIONAL LLC,Trading & Distribution,Procurement & sourcing / import-export,High,Web-verified,5
AAGT INTERNATIONAL SURPLUS STORE,Retail,Surplus & general goods retail,Medium,Web-verified,3
AAK INTERNATIONAL TRADING L.L.C.,Food & Beverage Trading,Edible oils / fats distribution,Medium,Name-derived,2
AAK MIDDLE EAST LLC,Manufacturing - Food,Edible oils & specialty fats (AAK group),High,Name-derived,4
AAMAAL GENERAL TRADING LLC,Trading & Distribution,General trading & wholesale,Medium,Name-derived,1
AANACART,E-commerce,Online retail platform,Medium,Name-derived,3
ABCON INTERNATIONAL DRUG STORE LLC,Pharmaceuticals,Pharmaceutical distribution,High,Name-derived,1
ABDUL HAMID ABEDI CO. (L.L.C),Fresh Produce & Grocery,Inferred from sibling entity 'Gholami & Abedi Fruits & Vegetables Co.',Low,Web-verified,1
ABDUL WAHED AHMED BIN SHABIB TRADING CO.,Trading & Distribution,General trading & wholesale,Medium,Name-derived,1
ABDUL WAHED BIN SHABIB TRADING L.L.C,Trading & Distribution,General trading & wholesale,Medium,Name-derived,4
ABDUL WAHED BIN SHABIB WHOLESALE AND TRADE CO. SPC,Trading & Distribution,General trading & wholesale,Medium,Name-derived,4
ABDULLA AHMED AL AWAZI GENERAL TRADING CO. LLC,Trading & Distribution,General trading & wholesale,Medium,Name-derived,1
ABDULLA AHMED ZAMINPIMA AWAZI CO LLC,Trading & Distribution,Inferred from sibling entity 'Abdulla Ahmed Al Awazi General Trading Co. LLC',Low,Web-verified,1
ABDULLA AL ARIF INVESTMENT,Investment & Holding,Investment company,Medium,Name-derived,4
ABDULLA AL KHATTAL & ZAYED GENERAL TRADING,Trading & Distribution,General trading & wholesale,Medium,Name-derived,2
ABDULLA SAEEDI GENERAL TRADING LLC,Trading & Distribution,General trading & wholesale,Medium,Name-derived,3
ABDULWAHED BIN SHABIB DISTRIBUTION (BR OF AW BIN SHABIB INVESTEMENT LLC),Distribution,Wholesale distribution,Medium,Name-derived,1
ABDULWAHED BIN SHABIB DISTRIBUTION FZCO,Distribution,Wholesale distribution,Medium,Name-derived,1
ABDULWAHED BIN SHABIB DISTRIBUTION SPC,Distribution,Wholesale distribution,Medium,Name-derived,4
ABDULWAHED BIN SHABIB FOOD INDUSTRIES (BR OF AW BIN SHABIB INVESTMENT L.L.C),Manufacturing - Food,Food production,High,Name-derived,1
ABDULWAHED BIN SHABIB FOOD INDUSTRIES L.L.C,Manufacturing - Food,Food production,High,Name-derived,1
ABDULWAHED BIN SHABIB FOR DISTRIBUTION AND TRADE W.L.L,Distribution,Wholesale distribution,Medium,Name-derived,4
ABDULWAHED BIN SHABIB HOSPITALITIES (BR OF ABDULWAHED BIN SHABIB INVESTMENT GROUP L.L.C),Hospitality,Hospitality division of diversified group,High,Name-derived,4
ABDULWAHED BIN SHABIB INDUSTRY FZ-LLC,Manufacturing,Industrial division of diversified group,Medium,Name-derived,4
ABDULWAHED BIN SHABIB INVESTMENT GROUP L.L.C,Diversified Group,"Investment group - FMCG, industry & services",High,Name-derived,6
ABDULWAHED BIN SHABIB INVESTMENT GROUP LLC,Diversified Group,"Investment group - FMCG, industry & services",High,Name-derived,1
Abdulwahed Bin Shabib Security System (BR OF AW BIN SHABIB INVESTMENT L.L.C),Security Systems,Security systems division,High,Name-derived,4
ABDULWAHED BIN SHABIB TRADING W.L.L,Trading & Distribution,General trading & wholesale,Medium,Name-derived,4
ABMAK QATAR WLL,Furniture & Interiors,"Furniture, furnishings & flooring for homes, offices & schools",High,Web-verified,2
ABN SCAFFOLDING LLC,Construction Services,Scaffolding supply & erection,High,Name-derived,8
ABU DHABI OIL COMPANY LIMITED (JAPAN),Oil & Gas,Upstream E&P operator (ADOC),High,Name-derived,16
ABU DHABI PIPE FACTORY,Manufacturing - Building Products,Pipes manufacturing,High,Name-derived,2
ABU HAIL FOODSTUFF TRADING,Food & Beverage Trading,Foodstuff trading,High,Name-derived,1
ABU SAYYAH EXPRESS CAFE & RESTAURANT L.L.C,Food Service,Cafe & restaurant,High,Name-derived,1
ABUSEEDO TRADING EST.,Trading & Distribution,General trading,Low,Name-derived,3
ABUWAFA VEG & FRUITS L.L.C,Fresh Produce & Grocery,Fruits & vegetables wholesale,Medium,Name-derived,1
ACORUS PHARMA LLC,Pharmaceuticals,Pharmaceutical distribution,High,Name-derived,3
ACTION BUILDERS CONSTRUCTION LLC,Construction & Contracting,Building & civil contracting,Medium,Name-derived,1
ADAM & EVE SPECIALIZED MEDICAL CENTRE LLC,Healthcare,Medical centre,High,Name-derived,1
ADANI GLOBAL FZE,Commodity Trading,Energy & resources trading (Adani group),High,Name-derived,8
ADVANCED EXPEDITION VEHICLES,Manufacturing - Automotive,Specialist vehicle conversion,High,Name-derived,1
ADVANCED INTEGRATION TECHNOLOGIES SP LLC,Industrial Automation,Systems integration,High,Name-derived,3
AERODUCT INDUSTRIES L.L.C,Manufacturing - HVAC,Air ducting systems,High,Name-derived,4
AESTHETIX TECHNOLOGIES LLC,Medical & Diagnostics,Aesthetic medical devices,High,Name-derived,7
AFRAH TOBACCO & CIGARETTES FACTORY FZ LLC,Manufacturing - Tobacco,Cigarette manufacturing,High,Name-derived,8
AFRIEXPO FZE,Trading & Distribution,Africa-focused export trading,Medium,Name-derived,1
AFRY SWITZERLAND LTD- DUBAI BRANCH,Engineering Consultancy,Infrastructure / energy consulting (AFRY),High,Name-derived,3
AG AUTO TRADING L.L.C,Automotive Retail,Vehicle trading,Medium,Name-derived,4
AG CORPORATION FZE,Fire & Safety,Safety equipment & PPE supply to oil & gas,High,Web-verified,3
AGILE MEDICAL SUPPLIES PVT. LTD.,Medical Supplies,Medical supplies,High,Name-derived,1
AGRI FRESH FOODSTUFF TRADING LLC,Food & Beverage Trading,Foodstuff wholesale & distribution,Medium,Name-derived,6
AHMAD INDUSTRIES LLC,Manufacturing,Industrial manufacturing,Low,Name-derived,1
AHMAD OBAID SHIPPING LLC,Shipping,Shipping services,High,Name-derived,1
AHMED AL MAGHREBI PERFUME MANUF LLC,Manufacturing - Cosmetics,Perfume manufacturing,High,Name-derived,3
AHMED REZA TRADING CO.,Trading & Distribution,General trading,Low,Name-derived,2
AJMAN ACADEMY,Education,K-12 private school,High,Name-derived,1
AL AHD GENERAL CONTRACTING & MAINTENANCE COMPANY LLC,Construction & Contracting,Building & civil contracting,Medium,Name-derived,1
AL AJDAN GROUP,Diversified Group,Diversified group,Low,Name-derived,2
AL AJM TRADING LLC,Trading & Distribution,General trading & wholesale,Medium,Name-derived,1
AL AMAL GENERAL TRADING,Trading & Distribution,General trading & wholesale,Medium,Name-derived,4
AL AMANA MOTORS ZONE FOR TYRE FIXING & WHEEL ALIGNMENT SERVICES CO. L.L.C,Automotive Services,Tyres & wheel alignment,High,Name-derived,2
AL AMIN FRESH FRUITS,Fresh Produce & Grocery,Fruits wholesale,High,Name-derived,1
AL ANQAA ROADS MAINTENTENCE CONTRACTING LLC,Construction & Contracting,Building & civil contracting,Medium,Name-derived,2
AL AQARIYA GROUP ( REAL ESTATE TV),Media & Entertainment,Real estate TV / media,High,Name-derived,1
AL ARAB FOODSTUFF TRADING LLC,Food & Beverage Trading,Foodstuff wholesale & distribution,Medium,Name-derived,1
AL AREEN INDUSTRIES,Manufacturing,Industrial manufacturing,Low,Name-derived,1
AL AREEN TRADING CO. LLC,Trading & Distribution,General trading,Low,Name-derived,1
AL ASEEL EGGS TRADING,Fresh Produce & Grocery,Eggs wholesale,High,Name-derived,1
AL AWALI TRADING CO LLC,Trading & Distribution,General trading & wholesale,Medium,Name-derived,3
AL BAHRAIN JEWELLERS LLC,Jewellery & Precious Metals,Jewellery retail,High,Name-derived,1
AL BASRA ELECTRICAL & SANITARY CONT. L.L.C.,MEP & Electromechanical,Electrical & plumbing contracting,High,Name-derived,2
AL BASRA ELECTROMECHANICAL LLC,MEP & Electromechanical,MEP contracting,High,Name-derived,1
AL BORJ PLASTIC INDUSTRIES COMPANY LLC,Manufacturing - Plastics,Plastic products,High,Name-derived,9
AL BWARDY TECHNICAL & INDUSTRIAL L.L.C,Engineering Services,Technical & industrial services,High,Name-derived,3
AL BWARDY TECHNICAL & INDUSTRIAL LLC,Engineering Services,Technical & industrial services,High,Name-derived,3
AL-DAR GENERAL TRADING COMPANY,Trading & Distribution,General trading & wholesale,Medium,Name-derived,3
AL DHIYAFA INTERIORS LLC,Fit-Out & Joinery,Interior fit-out,High,Name-derived,4
AL DIYAR AL MOTAQADIMAH VEGETABLES & FRUITS,Fresh Produce & Grocery,Fruits & vegetables wholesale,Medium,Name-derived,3
AL EKHA BUILDING MATERIALS TRADING,Building Materials Trading,Building materials & sanitaryware,Medium,Name-derived,1
AL ETIHAD GOLD REFINERY DMCC,Jewellery & Precious Metals,Gold refining,High,Name-derived,6
AL FARAH CONTRACTING AND GENERAL TRANSPORT COMPANY  LLC,Freight Transport,Road transport & haulage,Medium,Name-derived,2
AL FATTAN ENGINEERING L. L. C,Engineering Services,Engineering & contracting,Medium,Name-derived,1
AL FIKREE LEISURE LLC,Entertainment & Leisure,Leisure & marine activities,Medium,Name-derived,1
AL FINDI & PARTNERS,Unclassified,No industry signal in the name,Low,Name-derived,1
AL GHAITH CHEMICAL INDUSTRIES LLC,Manufacturing - Chemicals,Chemical products,High,Name-derived,1
AL GHAITH INDUSTRIES LLC,Manufacturing,Industrial manufacturing,Medium,Name-derived,2
AL GUTAIL TRADING EST.,Trading & Distribution,General trading,Low,Name-derived,1
AL HABAY TRADING CO.,Food & Beverage Trading,Foodstuff trading,Medium,Name-derived,1
AL HABBAI CONTRACTING LLC,Construction & Contracting,Building & civil contracting,Medium,Name-derived,1
AL HAMAD INDUSTRIES INTERNATIONAL F.Z.C.,Manufacturing,Industrial manufacturing,Low,Name-derived,2
AL HAMY METALS FACTORY LLC,Manufacturing - Metals,Metal products,High,Name-derived,1
AL HAYAT PHARMACEUTICALS,Pharmaceuticals,Pharmaceutical distribution,High,Name-derived,2
AL HAYAT PHARMACEUTICALS LLC SP,Pharmaceuticals,Pharmaceutical distribution,High,Name-derived,1
AL HOSON AL MASI TECHNICAL WORKS LLC,Technical Services,Technical & maintenance services,Medium,Name-derived,1
AL HOSON GROUPS,Diversified Group,Diversified group,Medium,Name-derived,3
AL HUMAIDI & CO LLC,Trading & Distribution,Inferred from sibling entity 'Al Humaidi Trading Enterprises LLC',Low,Web-verified,1
AL HUMAIDI TRADING ENTERPRISES L. L. C.,Trading & Distribution,General trading & wholesale,Medium,Name-derived,1
AL JABALI FOODSTUFF TRADING CO LLC,Food & Beverage Trading,Foodstuff wholesale & distribution,Medium,Name-derived,1
AL JABALI GROUP,Diversified Group,Diversified group,Medium,Name-derived,8
AL JABALI TRADING L. L. C. (OMAN),Trading & Distribution,General trading & wholesale,Medium,Name-derived,2
AL JAWDHA FOODS LLC,Food & Beverage Trading,Foodstuff supply,Medium,Name-derived,3
AL JOTHAN PERFUMES,Cosmetics & Personal Care,Perfume trading & retail,High,Name-derived,6
AL KARAMA MEAT TRADING LLC,Fresh Produce & Grocery,Meat wholesale,High,Name-derived,2
AL KENZ PHARMACEUTICAL PRODUCTS LLC,Pharmaceuticals,Pharmaceutical products,High,Name-derived,1
AL KHAIR AUTO SPARE PARTS CO. LLC,Automotive Parts Trading,Vehicle spare parts & accessories,Medium,Name-derived,3
AL KHASHAB BUILDING MATERIALS COMPANY SOLE PROPRIETORSHIP LLC,Building Materials Trading,Building materials & sanitaryware,Medium,Name-derived,2
AL KHAT AL FIZI TRADING LLC,Trading & Distribution,General trading & wholesale,Medium,Name-derived,1
AL KHATTAL & MOHIDEEN TRADING LLC,Trading & Distribution,General trading & wholesale,Medium,Name-derived,1
AL KILANI TRADING CO.,Trading & Distribution,General trading,Low,Name-derived,1
AL KILANI TRADING EST.,Trading & Distribution,General trading,Low,Name-derived,5
AL LOKRIT INTERNATIONAL LLC,Florist & Gifts,"Cut flowers, plants, floral accessories & planters wholesale",High,Web-verified,4
AL MADINA DEV. & SUPPLY LLC,Trading & Distribution,General trading & wholesale,Medium,Name-derived,5
AL MAGD CENTER PHARMACY L.L.C- SOLE PROPRIETORSHIP L.L.C,Pharmacy Retail,Community pharmacy,High,Name-derived,1
AL MAHARA TRADING FZCO,Trading & Distribution,General trading & wholesale,Medium,Name-derived,2
AL MAKAMIN COMMERCIAL PROJECTS LLC,Oil & Gas Services,Oilfield support & projects,Medium,Name-derived,1
AL MANZA TRADING,Trading & Distribution,General trading,Low,Name-derived,1
AL MASOOD BERGUM,Industrial Equipment,Industrial products & equipment,Low,Name-derived,1
AL MESHARI HEAVY EQUIPMENT TRADING,Heavy Equipment,Heavy equipment trading,High,Name-derived,3
AL MOKHTAR TOBACCO MANUFACTURING & TRADING FZ LLC,Manufacturing - Tobacco,Tobacco manufacturing & trading,High,Name-derived,4
AL MOSTAJED TECHNOLOGIES CO. L.L.C,Technology,Technology products & solutions,Medium,Name-derived,4
AL MOSTAQBAL MEDICAL STORE L.L.C,Medical Supplies,Medical supplies,High,Name-derived,1
AL MUBDEE SCAFFOLDING LLC,Construction Services,Scaffolding,High,Name-derived,1
AL MUQUARRAM AUTO SPARE PARTS TRADING L.L.C,Automotive Parts Trading,Vehicle spare parts & accessories,Medium,Name-derived,3
AL MURSHIDI TRADING L.L.C.,Trading & Distribution,General trading & wholesale,Medium,Name-derived,1
AL NAHDA INTERNATIONAL FZCO,Chemicals Distribution,"Drilling-mud, detergent & personal care chemicals distribution",High,Web-verified,3
AL NASAMAT GENERAL TRADING CO LLC,Trading & Distribution,General trading & wholesale,Medium,Name-derived,3
AL NASEEM INTERNATIONAL TRAD & CONT CO. LLC,Construction & Contracting,Building & civil contracting,Medium,Name-derived,1
AL NASR CONSTRUCTION DYNAMICS,Construction & Contracting,Contracting,High,Name-derived,1
AL NOUF AUTO TYRES & ACCESSORIES,Automotive Parts Trading,Tyres & accessories,High,Name-derived,1
AL OTBI GENERAL CONTRACTING & MAINTENANCE EST,Construction & Contracting,Building & civil contracting,Medium,Name-derived,1
AL QOTUF AL MOBRAKA DATES FACTORY LLC,Manufacturing - Food,Dates processing & packing,High,Name-derived,4
AL RAFAH FOODSTUFF TRADING LLC,Food & Beverage Trading,Foodstuff wholesale & distribution,Medium,Name-derived,1
AL RAHMAH AUTO SPARE PARTS L. L. C,Automotive Parts Trading,Vehicle spare parts & accessories,Medium,Name-derived,3
AL RAS BUILDING MATERIAL SANITARYWARE & ELECTRICAL CO LLC,Building Materials Trading,Building materials & sanitaryware,Medium,Name-derived,1
AL RAS STEEL TRADING FZCO,Steel & Metals Trading,Steel trading,High,Name-derived,1
AL RAWABIT INTERNATIONAL L.L.C,HR & Recruitment,Inferred from sibling entity 'Al Rawabit International Recruitment LLC',Medium,Web-verified,4
AL RAWABIT INTERNATIONAL RECRUITMENT L.L.C.,HR & Recruitment,Recruitment services,High,Name-derived,1
AL RAWDAH GREEN SWEET WATER,Manufacturing - Food & Beverage,Drinking water supply,High,Name-derived,1
AL RAYAN CONTRACTING LLC,Construction & Contracting,Building & civil contracting,Medium,Name-derived,1
AL REEM HOSPICO CO LLC,Medical Supplies,Hospital supplies,Medium,Name-derived,2
AL RIQABAT TRADING ESTABLISHMENT,Trading & Distribution,General trading,Low,Name-derived,1
AL ROSTAMANI GROUP,Diversified Group,"Automotive, construction, retail & finance",High,Name-derived,1
AL ROWAD TRADING CO. LLC,Trading & Distribution,General trading & wholesale,Medium,Name-derived,2
AL RUMOOZ TRADING LLC,Trading & Distribution,General trading & wholesale,Medium,Name-derived,3
AL SADAQA FOODSTUFF TRADING CO L.L.C,Food & Beverage Trading,Foodstuff wholesale & distribution,Medium,Name-derived,1
AL SALAAM LIMOUSINE L.L.C,Passenger Transport,Limousine & chauffeur services,High,Name-derived,4
AL SAMRA ELECTRICAL & BUILDING MATERIALS LLC,Building Materials Trading,Building materials & sanitaryware,Medium,Name-derived,4
AL SAMRA ELECTRICALS & SANITARY EQUPT. TRD.CO.LLC,Electrical Trading,Electrical products & services,Medium,Name-derived,2
AL SAMRA ELECTRONIC & LIGHTS LLC,Electrical Trading,Electrical products & services,Medium,Name-derived,2
AL SAMRA TRADING LLC,Trading & Distribution,General trading & wholesale,Medium,Name-derived,1
AL SHAALI MOTO TRADING LLC,Automotive Retail,Motorcycle & marine trading,High,Name-derived,2
AL SHAFAQ AUTO SPARE PARTS TRADING LLC,Automotive Parts Trading,Vehicle spare parts & accessories,Medium,Name-derived,3
AL SHAMSI FOODSTUFF EST.,Food & Beverage Trading,Foodstuff wholesale & distribution,Medium,Name-derived,2
AL SHARQ PLAS LLC,Manufacturing - Plastics,Plastic products,High,Name-derived,4
AL SOROOR GENERAL TRADING LLC,Trading & Distribution,General trading & wholesale,Medium,Name-derived,1
AL SUHAIL SHIP MAINTENANCE SERVICES,Marine Services,Ship maintenance,High,Name-derived,1
AL SULAIHI BUILDING MATERIAL TRADING CO. LLC,Building Materials Trading,Building materials & sanitaryware,Medium,Name-derived,3
AL SWAYEH GROUP OF COMPANIES,Diversified Group,Diversified group,Medium,Name-derived,1
AL TAMAM FOODSTUFF TRADING LLC,Food & Beverage Trading,Foodstuff wholesale & distribution,Medium,Name-derived,4
AL TAMEEM CARS & BUSES RENTAL LLC,Passenger Transport,Vehicle & bus rental,High,Name-derived,1
AL TANNAN GENERAL TRADING L.L.C.,Trading & Distribution,General trading & wholesale,Medium,Name-derived,4
AL TARAF TRADING LLC,Trading & Distribution,General trading & wholesale,Medium,Name-derived,4
AL TILAL TRANSPORT LLC,Freight Transport,Road transport,High,Name-derived,2
AL TOMOH AL MUTAMAYIZ MEDICAL CENTER LLC,Healthcare,Medical centre,High,Name-derived,1
AL TOOR TRADING LLC,Trading & Distribution,General trading & wholesale,Medium,Name-derived,1
AL WAHA MECHANICAL INDUSTRIES LLC,Manufacturing - Machinery,Mechanical products,Medium,Name-derived,1
AL YANBOU FOOD INDUSTRIES CO LLC,Manufacturing - Food,Food production,High,Name-derived,2
AL YAQOOT AL AHMER HARDWARE L.L.C,Industrial Distribution,Industrial products distribution,Medium,Name-derived,1
ALAHLIYA ALAIN PHARMACY,Pharmacy Retail,Community pharmacy,High,Name-derived,1
ALAM SUPER MARKET LLC,Retail,Supermarket,High,Name-derived,4
ALBWARDY ENGINEERING ENTERPRISES EST.,Engineering Services,Engineering & contracting,High,Name-derived,6
ALBWARDY ENGINEERING ENTERPRISES L.L.C,Engineering Services,Engineering & contracting,High,Name-derived,1
ALBWARDY ENGINEERING ENTERPRISES LLC,Engineering Services,Engineering & contracting,High,Name-derived,1
ALCON CONCRETE PRODUCTS L.L.C,Manufacturing - Building Products,Precast concrete products,High,Name-derived,2
ALEX RENNER MOTORS GARAGE LLC,Automotive Services,Vehicle repair garage,High,Name-derived,1
ALFAONE TRADING L.L.C.,Trading & Distribution,General trading & wholesale,Medium,Name-derived,1
ALHASHIMYA GENERAL TRADING,Trading & Distribution,General trading & wholesale,Medium,Name-derived,6
ALI AHMED KHALFAN AUTO SPARE PARTS,Automotive Parts Trading,Vehicle spare parts & accessories,Medium,Name-derived,3
ALI GHOLAMI FOOD INDUSTRIES LLC,Manufacturing - Food,Food production,High,Name-derived,1
ALI GHOLAMI VEGETABLES & FRUITS  L.L.C,Fresh Produce & Grocery,Fruits & vegetables wholesale,Medium,Name-derived,6
ALI NAJAFI GENERAL TRADING CO. L.L.C,Trading & Distribution,General trading & wholesale,Medium,Name-derived,1
ALIF AUTO CARE LLC,Automotive Services,Vehicle care & servicing,High,Name-derived,1
ALINCO PIPE SUPPLY FZE,Industrial Distribution,Pipes & fittings supply,High,Name-derived,1
ALKHOORY CAPITAL INVESTMENT LLC,Investment & Holding,Investment holding,High,Name-derived,1
ALL FIT LIFESTYLE COACHING CO LLC,Health & Fitness,Fitness coaching,High,Name-derived,1
ALLIANCE AUTO PARTS LLC,Automotive Parts Trading,Vehicle spare parts & accessories,Medium,Name-derived,1
ALLIANCE MECHANICAL EQUIPMENT,Industrial Equipment,Mechanical equipment supply,High,Name-derived,2
ALLIED MOTORS TRADING FZCO,Automotive Retail,Vehicle trading,High,Name-derived,1
ALLIED MOTORS TRADING FZCO (BRANCH),Automotive Retail,Vehicle trading,High,Name-derived,1
ALPHA METAL CONST. IND. LLC,Manufacturing - Steel Fabrication,Metal construction industries,High,Name-derived,4
ALRABYA LEBANESE FACTORY CHEESE MANUFACTURING LLC (SOLE PROPRIETORSHIP),Manufacturing - Food,Cheese & dairy production,High,Name-derived,1
ALWATHBA INVESTMENT LLC,Investment & Holding,Investment company,Medium,Name-derived,1
AMARA FLOWERS LLC,Florist & Gifts,Flowers retail,High,Name-derived,1
AMBASSADOR AUTO SPARE PARTS TRADING,Automotive Parts Trading,Vehicle spare parts & accessories,Medium,Name-derived,2
AMC INTERNATIONAL DMCC,Distribution,FMCG sourcing & distribution into West Africa,High,Web-verified,6
AMIT INTERNATIONAL GROUP FZE,Trading & Distribution,International trading,Medium,Name-derived,4
AMIT RETAIL LLC,Retail,Retail operations,Medium,Name-derived,16
AMPS MIDDLE EAST FZ-LLC,Industrial Automation,Automation & power systems,Medium,Name-derived,1
AMRIT KOSH GENERAL TRADING LLC,Trading & Distribution,General trading & wholesale,Medium,Name-derived,4
ANAH LLC,Unclassified,Insufficient information in name,Low,Name-derived,1
ANC VEGETABLE & FRUITS TRADING LLC,Fresh Produce & Grocery,Fruits & vegetables wholesale,Medium,Name-derived,1
ANNACHAMB MOHIDEEN GENERAL TRADING L L C,Trading & Distribution,General trading & wholesale,Medium,Name-derived,8
ANOO GENERAL TRADING LLC,Trading & Distribution,General trading & wholesale,Medium,Name-derived,1
ANSAR MALL,Retail,Hypermarket / shopping mall retail,High,Name-derived,11
APEX ALWATANIAH CATERING SERVICE -SOLE PROPRIETORSHIP LLC,Food Service,Contract catering,High,Name-derived,1
APEX HOLDING LLC,Investment & Holding,Holding company,Medium,Name-derived,3
APEX SCAFFOLDING LLC,Construction Services,Scaffolding supply & erection,High,Name-derived,5
APJ MANAGEMENT,Professional Services,Business management services,Low,Name-derived,7
APPOLO GULF GENERAL TRADING L.L.C,Trading & Distribution,General trading & wholesale,Medium,Name-derived,1
APTVEL GLOBAL INFORMATION TECHNOLOGIES LLC,IT Services,IT solutions & services,High,Name-derived,1
AQUAPLEX FZE,Manufacturing - Plastics,Composite / plastic water tanks,High,Name-derived,4
AQUAPLEX TRADING WLL,Building Materials Trading,Water tanks & plumbing products,High,Name-derived,4
AQUAPOWER CONTRACTING LLC.,MEP & Electromechanical,Water / power contracting,High,Name-derived,11
AQUATECH LANDSCAPE & CIVIL SERVICES,Landscaping,Landscape & civil works,High,Name-derived,1
ARAB ITALIAN MARBLES,Building Materials Trading,Marble & natural stone,High,Name-derived,1
ARAB RAYA COMPANY,Unclassified,No industry signal in the name,Low,Name-derived,3
ARABIA ONE INTERNATIONAL GENERAL TRADING LLC,Trading & Distribution,General trading & wholesale,Medium,Name-derived,1
ARABIAN COAST CONTRACTING LLC,Construction & Contracting,General contracting,High,Name-derived,4
ARABIAN INDUSTRIAL GASES CO.,Manufacturing - Chemicals,Industrial gases,High,Name-derived,1
ARCOMA COMMERCIAL AGENCIES LLC,Trading & Distribution,Commercial agencies & distribution,Medium,Name-derived,1
ARDH AL RABIEE LLC,Unclassified,Searched - no public business description found,Low,Web-verified,1
ARIANA WORLD WIDE SHIPPING LLC,Shipping,Shipping services,High,Name-derived,1
ARJOMANDI (MARHABA MTA GENERAL TRADING LLC),Trading & Distribution,General trading & wholesale,Medium,Name-derived,4
ARKAN SHADE SYSTEMS LLC,Manufacturing - Building Products,Shade structures & tensile,High,Name-derived,4
ARPAN INTERNATIONAL FZC,Trading & Distribution,General trading,Low,Name-derived,2
ARPE LUBRICANTS,Manufacturing - Chemicals,Lubricants & oils,High,Name-derived,1
ART PALACE ADVERTISING AND PRODUCTION,Marketing Services,Advertising & production,High,Name-derived,2
ARTS AND GEMS L. L. C.,Jewellery & Precious Metals,Gems & jewellery,High,Name-derived,2
ASHBILIA ALUMINIUM AND GLASS LLC,Manufacturing - Building Products,Aluminium & glass works,High,Name-derived,3
ASHLEY EMIRATES FURNITURE L.L.C,Retail,Furniture retail (Ashley franchise),High,Name-derived,3
ASSA ABLOY ENTRANCE SYSTEMS LLC,Manufacturing - Building Products,Automatic doors & entrance systems,High,Name-derived,1
ASSA ABLOY Entrance Systems LLC,Manufacturing - Building Products,Automatic doors & entrance systems,High,Name-derived,2
ASSA ABLOY SECURITY SOLUTIONS METAL INDUSTRIES FACTORY LLC,Manufacturing - Building Products,Security doors & locking hardware,High,Name-derived,2
ASSA ABLOY SECURITY SOLUTIONS MIDDLE EAST,Manufacturing - Building Products,Locks & access control hardware,High,Name-derived,5
ASTON PHARMACY LLC,Pharmacy Retail,Community pharmacy,High,Name-derived,2
ASTON REAL ESTATE LLC,Real Estate,Real estate brokerage,High,Name-derived,1
ATAD INTERNATIONAL GENERAL TRADING LLC,Trading & Distribution,General trading & wholesale,Medium,Name-derived,4
ATGC ELECTROMECHANICAL – SOLE PROPRIETORSHIP L.L.C.,MEP & Electromechanical,MEP contracting & services,Medium,Name-derived,1
ATGC TRANSPORT & GENERAL CONTRACTING LLC,Freight Transport,Road transport & haulage,Medium,Name-derived,2
ATOP COMPUTER SOLUTION LLC,IT Services,IT hardware & solutions,High,Name-derived,1
AUTO VISION TRADING FZCO,Automotive Parts Trading,Auto parts trading,Medium,Name-derived,2
AUTOCAD CONSTRUCTION,Construction & Contracting,Contracting,Medium,Name-derived,1
AUTOCOM SPARE PARTS TRADING,Automotive Parts Trading,Vehicle spare parts & accessories,Medium,Name-derived,3
AUTOMECH ENGINEERING CO LLC,Equipment Maintenance,Automotive & mechanical engineering,High,Name-derived,6
AVANT INDUSTRIES LLC,Manufacturing,Industrial manufacturing,Low,Name-derived,2
AVGO MIDDLE EAST FZE,Consumer Electronics,Electronics / appliances distribution,Medium,Name-derived,2
AVIATION SERVICES MANAGEMENT FZE,Aviation,Aircraft management & support services,High,Name-derived,5
AW BIN SHABIB INVESTMENT LLC,Diversified Group,"Investment group - FMCG, industry & services",High,Name-derived,4
AWAWDEH AUTO SPARE PARTS,Automotive Parts Trading,Vehicle spare parts & accessories,Medium,Name-derived,2
AWS AVENUE COMPANY FOR TRADING,Trading & Distribution,General trading,Low,Name-derived,1
AWS DISTRIBUTION,Distribution,FMCG / consumer goods distribution,Medium,Name-derived,8
AWS EUROPE LTD,Distribution,Consumer goods distribution,Medium,Name-derived,1
AYOUB MOOSA GOLDSMITH EQUIP. TR. L.L.C,Industrial Distribution,Goldsmith tools & equipment,High,Name-derived,2
AZIZI INVESTMENTS,Real Estate,Property development,High,Name-derived,5
AZTECH TRAINING & CONSULTANCY,Training & Consultancy,Corporate training provider,High,Name-derived,1
B&S WORLD SUPPLY DMCC,Distribution,Consumer goods wholesale to travel retail,High,Name-derived,5
B&S WORLD SUPPLY FZCO,Distribution,Consumer goods wholesale to travel retail,High,Name-derived,1
BAB AL SAFA TRADING,Trading & Distribution,General trading & wholesale,Medium,Name-derived,2
BAB AL SHINDHAGA VEGITABLES & FRUITS TRADING L.L.C,Fresh Produce & Grocery,Fruits & vegetables wholesale,Medium,Name-derived,1
BACK & PRO DMCC,Health & Fitness,Sports & physio products,Medium,Name-derived,4
BADER GAS SUPPLY EST,Industrial Distribution,Industrial & LPG gas supply,High,Name-derived,1
BAFCO TRADING LLC,Furniture & Interiors,Office furniture & interiors,High,Name-derived,2
BARAJOUN ENTERTAINMENT FZ LLC,Media & Entertainment,Film / animation production,High,Name-derived,4
BARAKAT AL MADI FOODSTUFF TRADING LLC,Food & Beverage Trading,Foodstuff wholesale & distribution,Medium,Name-derived,1
BARKA FOODSTUFF TRADING LLC,Food & Beverage Trading,Foodstuff wholesale & distribution,Medium,Name-derived,3
BARRICK FOODS TRADING L.L.C,Food & Beverage Trading,Food & beverage distribution,Medium,Name-derived,2
BARTAWI CONTRACTING L.L.C,Construction & Contracting,Building & civil contracting,Medium,Name-derived,4
BASCO GULF FRUITS & VEGETABLES TRADING LLC,Fresh Produce & Grocery,Fruits & vegetables wholesale,Medium,Name-derived,1
BASE LLC,Unclassified,Insufficient information in name,Low,Name-derived,4
BAY GATE INVESTMENT L.L.C.,Investment & Holding,Investment company,Medium,Name-derived,9
BCI FITOUT CONTRACTING LLC,Fit-Out & Joinery,Interior fit-out contracting,High,Name-derived,2
BDH MIDDLE EAST LLC,Laboratory Supplies,"Lab chemicals, glassware, instruments & lab fit-out",High,Web-verified,5
BEAUTY CHINA TRADING LLC,Cosmetics & Personal Care,Beauty products trading,High,Name-derived,2
BEAUTY OASIS GENERAL TRADING LLC,Cosmetics & Personal Care,Beauty products trading,High,Name-derived,4
BEERAN KUTTY TRADING,Trading & Distribution,General trading,Low,Name-derived,3
BELAL KABUL BAKHTAR MONEY SERVICE PROVIDER,Financial Services,Money exchange & remittance,High,Name-derived,4
BELVEN DWC LLC,Industrial Distribution,Industrial valves,High,Name-derived,5
BENNETT ENGINEERING LLC,Engineering Services,Engineering services,Medium,Name-derived,1
BERG INDUSTRIES LLC,Manufacturing,Industrial manufacturing,Low,Name-derived,4
BEST CHOICE INDUSTRIES LLC,Manufacturing,Industrial manufacturing,Low,Name-derived,1
BEST METAL STEEL TRADING LLC,Steel & Metals Trading,Steel trading,High,Name-derived,1
BEST POWER ELECTROMECHANICAL TRADING COMPANY L. L. C,MEP & Electromechanical,MEP contracting & services,Medium,Name-derived,2
BHATIA GENERAL CONTRACTING COMPANY,Construction & Contracting,Building & civil contracting,Medium,Name-derived,4
BILLIONAIRE MANSION DUBAI,Hospitality,Restaurant & nightlife venue,High,Name-derived,1
BIN SHABIB DRUG STORE (BR OF AW BIN SHABIB INVESTMENT LLC),Pharmaceuticals,Pharmaceutical distribution,High,Name-derived,1
BIN YAROOF TRADING CO LLC,Trading & Distribution,General trading & wholesale,Medium,Name-derived,2
BINDALMOUK,Unclassified,Insufficient information in name,Low,Name-derived,1
BIO FOOT HEALTH CARE MEDICAL EQUIPMENTS LLC,Medical Supplies,Orthopaedic / podiatry products,High,Name-derived,2
BIO GREEN FOODSTUFF TRADING LLC,Food & Beverage Trading,Foodstuff wholesale & distribution,Medium,Name-derived,5
BIOPHARMA MIDDLE EAST & AFRICA,Pharmaceuticals,Pharmaceutical distribution,High,Name-derived,4
BIOSCIENCE GMBH COSMETICS TRADING LLC,Cosmetics & Personal Care,Cosmetics trading,High,Name-derived,4
BIOTECHNOLOGY INTERNATIONAL CO L. L. C,Medical & Diagnostics,Lab & diagnostics equipment,High,Name-derived,7
BISMI INTERNATIONAL GENERAL TRADING LLC,Trading & Distribution,General trading & wholesale,Medium,Name-derived,11
BITS IMPEX GENERAL TRADING LLC,Trading & Distribution,General trading & wholesale,Medium,Name-derived,4
BLACK STAR LOUNGE RESTAURANTS MANAGEMENT LLC,Food Service,Restaurant management,High,Name-derived,1
BLACK TULIP FRESH PRODUCE LLC,Fresh Produce & Grocery,Fresh produce distribution,High,Name-derived,1
BLACKBOX GLOBAL LUXURY GROUP DMCC,Luxury Retail,Luxury goods trading,High,Name-derived,1
BLOOMBER GENERAL TRADING LLC,Trading & Distribution,General trading & wholesale,Medium,Name-derived,1
BLUE HORIZON SERVICES & OIL FIELD MAINTENANCE LLC,Oil & Gas Services,Oilfield maintenance services,High,Name-derived,5
BLUE LINE ESTABLISHMENT,Unclassified,Insufficient information in name,Low,Name-derived,1
BLUE LINE L.L.C – S.P.C.,Unclassified,Insufficient information in name,Low,Name-derived,1
BLUE OCEAN HEALTH FZ LLC,Healthcare,Health services / products,Medium,Name-derived,2
BMJ INDUSTRIES FZ LLC,Manufacturing,Industrial manufacturing,Low,Name-derived,1
BOMBAY CONTRACTING LLC,Construction & Contracting,Building & civil contracting,Medium,Name-derived,1
BORG ROLLS WARNER MIDDLE EAST LLC,Automotive Parts Trading,Aftermarket spare parts for European trucks & heavy equipment,High,Web-verified,2
BOSE UAE TRADING L.L.C,Consumer Electronics,Audio equipment distribution (Bose),High,Name-derived,3
BPAS FOODSUFF TRADING,Food & Beverage Trading,Foodstuff wholesale & distribution,Medium,Name-derived,1
BRAINFREEZE INTERIOR DECORATION LLC,Fit-Out & Joinery,Interior decoration,High,Name-derived,1
BRANDS ELECTRICAL EQUIPMENT LLC,Electrical Trading,Electrical products & services,Medium,Name-derived,2
BRANO GENERAL TRADING LLC,Trading & Distribution,General trading & wholesale,Medium,Name-derived,3
BRANO TRADING LLC,Trading & Distribution,General trading & wholesale,Medium,Name-derived,1
BRIGADE PLUS ELECTROMECHANICAL WORKS LLC,MEP & Electromechanical,MEP contracting & services,Medium,Name-derived,2
BRIGHT LINE REFRIGERATION AND AIR CONDITIONING TRADING LLC,HVAC Trading,Refrigeration & AC equipment,High,Name-derived,1
BRIGHT STONE GENERAL TRADING LLC,Trading & Distribution,General trading & wholesale,Medium,Name-derived,2
BROCADE GENERAL TRADING LLC,Trading & Distribution,General trading & wholesale,Medium,Name-derived,2
BROTHERS COOL AC SPARE PARTS TRADING LLC,Automotive Parts Trading,Vehicle spare parts & accessories,Medium,Name-derived,3
BRU MIDDLE EAST FZE,Textiles & Apparel Trading,Furnishing fabrics,High,Name-derived,1
BRU TEXTILES NV,Textiles & Apparel Trading,Furnishing fabrics,High,Name-derived,1
BULGARI MIDDLE EAST BRANCH,Luxury Retail,Jewellery & watches (LVMH / Bulgari),High,Name-derived,5
BURAQ ALLAIL BUILDING CONTRACTING LLC,Construction & Contracting,Building & civil contracting,Medium,Name-derived,16
BUSS ENGINEERING & HEAVY EQUIPMENT REPAIRING LLC,Equipment Maintenance,Heavy equipment repair,High,Name-derived,3
C.J. TEC CONTRACTING LLC,Construction & Contracting,Building & civil contracting,Medium,Name-derived,1
C4C TECHNOLOGIES LLC,IT Services,Technology solutions,Medium,Name-derived,2
CALCULAZ INTERNATIONAL FZE,Technology,Technology / business solutions,Low,Name-derived,1
CALICUT EASTERN GENERAL TRADING LLC,Trading & Distribution,General trading & wholesale,Medium,Name-derived,4
CAMTECH MANUFACTURING FZCO,Manufacturing - Machinery,Valves & instrumentation fittings,High,Name-derived,5
CAPITAL BUSINESS CHANNEL TV FZ LLC,Media & Entertainment,TV broadcasting,High,Name-derived,3
CARNABY GENERAL TRADING L.L.C,Trading & Distribution,General trading & wholesale,Medium,Name-derived,1
CASAL LLC,Unclassified,Insufficient information in name,Low,Name-derived,10
CASH CUSTOMER,Not a company,Walk-in / cash sales ledger account,High,Name-derived,1
CASPIAN GULF FZE,Trading & Distribution,General trading,Low,Name-derived,1
CASTLE REFRIGERATION EQUIPMENT TRADING LLC,HVAC Trading,Refrigeration equipment,High,Name-derived,1
CAVALIER CLEAN CLEANING BUILDINGS - SOLE PROPRIETORSHIP L.L.C,Facilities Management,Building cleaning services,High,Name-derived,1
CEDAR PHARMACEUTICALS LLC,Pharmaceuticals,Pharmaceutical distribution,High,Name-derived,5
CENTAUR ELECTRO MECHANICAL CONTRACTING CO. (L.L.C),MEP & Electromechanical,MEP contracting & services,Medium,Name-derived,1
CENTURY EQUIPMENT COMPANY LLC,Industrial Equipment,Equipment supply,Medium,Name-derived,1
CHAUDHRY ALTAF TRADING LLC,Trading & Distribution,General trading & wholesale,Medium,Name-derived,1
CHENADAN FOODSTUFF TRADING LLC,Food & Beverage Trading,Foodstuff wholesale & distribution,Medium,Name-derived,1
CHINA STATE CONSTRUCTION ENGRG. CORP.(MIDDLE EAST) LLC,Construction & Contracting,Main contractor (CSCEC),High,Name-derived,3
CHOCO PALACE CHOCOLATE FACTORY L.L.C,Manufacturing - Food,Chocolate & confectionery,High,Name-derived,1
CIMAC,Unclassified,Insufficient information in name,Low,Name-derived,1
CIRCLE K,Retail,Convenience stores / forecourt retail,High,Name-derived,7
CITADEL PROPERTIES LLC,Real Estate,Property development / management,High,Name-derived,2
CITY EXPERTS CONSTRUCTIONS L.L.C.,Construction & Contracting,Building & civil contracting,Medium,Name-derived,1
CITY SPACE LLC,Fit-Out & Joinery,Interior fit-out,Medium,Name-derived,5
CIVIL POWER GENERAL CONTRACTING LLC,Construction & Contracting,Building & civil contracting,Medium,Name-derived,3
CLA EMIRATES CHARTERED ACCOUNTANTS AND AUDITORS LLC,Professional Services,"Audit, tax & advisory",High,Name-derived,1
CLEAN BLAST INTERNATIONAL L.L.C.,Metal Treatment Services,Blasting & surface preparation,High,Name-derived,1
COASTAL INVESTMENT,Investment & Holding,Investment company,Medium,Name-derived,7
COCOA PALACE SWEETS (S.P.S - L.L.C),Manufacturing - Food,Confectionery & sweets,High,Name-derived,1
COMFORT ELEVATORS & ESCALATORS,Elevators & Escalators,Lift installation & maintenance,High,Name-derived,5
Company T R E,Unclassified,Insufficient information in name,Low,Name-derived,6
CONCAVE TRADING,Trading & Distribution,General trading,Low,Name-derived,1
CONCORDIA INTERNATIONAL MIDDLE EAST FZ-LLC,Facilities Management,Integrated FM services,High,Name-derived,2
CONSTECH CONSTRUCTION LLC,Construction & Contracting,Building & civil contracting,Medium,Name-derived,1
CONSTRUCTION DYNAMICS,Construction & Contracting,Contracting,High,Name-derived,2
CONTROL & APPLICATIONS EMIRATES L.L.C.,MEP & Electromechanical,Control systems & instrumentation,High,Name-derived,1
COOL LINE. RAD.& AUTO.SPARE PARTS TR.L L C,Automotive Parts Trading,Vehicle spare parts & accessories,Medium,Name-derived,4
COOLLINE RADIATORS AND AC SPARE PARTS TRADING,Automotive Parts Trading,Vehicle spare parts & accessories,Medium,Name-derived,1
CORE METAL LLC,Manufacturing - Metals,Metal fabrication,Medium,Name-derived,5
CORNISH ARABIAN ALUMINIUM FACTORY LLC,Manufacturing - Building Products,Aluminium products,High,Name-derived,2
CORODEX TRADING CO. LLC,Water Treatment,Water treatment & pumps,High,Name-derived,4
CORPORATE CONNECTION GENERAL TRADING LLC,Trading & Distribution,General trading & wholesale,Medium,Name-derived,4
CORPORATE SERVICES INTERNATIONAL N.V.,Professional Services,Corporate services & outsourcing,Medium,Name-derived,6
COSMOS INSURANCE BROKERS LLC,Insurance Services,Insurance broking,High,Name-derived,2
COST CUTTER FRUITS & VEGETABLES TRADING L.L.C,Fresh Produce & Grocery,Fruits & vegetables wholesale,Medium,Name-derived,2
COVENTRY ACADEMY FOR EDUCATIONAL DEVELOPMENT,Education,Training & professional development,High,Name-derived,1
CRA TRADING L.L.C.,Trading & Distribution,General trading & wholesale,Medium,Name-derived,2
CRAWFORD MIDDLE EAST LLC,Insurance Services,Loss adjusting & claims management,High,Name-derived,1
CREATIVE VISION GENERAL TRADING LLC,Trading & Distribution,General trading & wholesale,Medium,Name-derived,2
CROWN PACIFIC GROUP FZE,Trading & Distribution,International trading group,Medium,Name-derived,3
CRYSTAL CITY BUILDING MATERIALS TRADING L.L.C,Building Materials Trading,Building materials & sanitaryware,Medium,Name-derived,1
CURE ARENA MEDICAL CENTER LLC,Healthcare,Medical centre,High,Name-derived,1
CURRIE & BROWN,Project & Cost Consultancy,Quantity surveying & cost management,High,Name-derived,5
CUSTOMER DELIGHT ELECTRICAL CONTRACTING LLC. SPC,Construction & Contracting,Building & civil contracting,Medium,Name-derived,1
CUSTOMER DELIGHT TRADING,Trading & Distribution,General trading & wholesale,Medium,Name-derived,3
CUSTOMER DELIGHT TRADING L.L.C,Trading & Distribution,General trading & wholesale,Medium,Name-derived,1
CYNGBEL LLC,Unclassified,Insufficient information in name,Low,Name-derived,1
D M F TRADING LLC,Trading & Distribution,General trading & wholesale,Medium,Name-derived,3
D O DOTS CAFE,Food Service,Cafe,High,Name-derived,3
DAG INTERNATIONAL GENERAL TRADING LLC,Trading & Distribution,General trading & wholesale,Medium,Name-derived,2
DAISY FRUIT TRADING CO. L.L.C,Fresh Produce & Grocery,Fruits & vegetables wholesale,Medium,Name-derived,2
DAMAN CONTRACTING LLC,Construction & Contracting,Building & civil contracting,Medium,Name-derived,9
DAR AL ZAIN GENERAL TRADING LLC,Trading & Distribution,General trading & wholesale,Medium,Name-derived,1
DAS COLLECTION LLC,Textiles & Apparel,Luxury designer abayas & womenswear,High,Web-verified,6
DAWOOD TRADING & CONTRACTING L.L.C,Construction & Contracting,Building & civil contracting,Medium,Name-derived,7
DEEP PERFORMANCE AUTO SPAREPARTS TRADING,Automotive Parts Trading,Vehicle spare parts & accessories,Medium,Name-derived,3
DEIRA TOWER ESTATES L.L.C,Real Estate,Property ownership & leasing,High,Name-derived,2
DEJLA FURAT GENERAL TRADING LLC,Trading & Distribution,General trading & wholesale,Medium,Name-derived,2
DELICIOUS FRUITS LTD,Fresh Produce & Grocery,Fruits trading,High,Name-derived,1
DELTA POWER ELECTRICAL LLC,Electrical Trading,Electrical products & services,Medium,Name-derived,4
DELTRON MECHANICAL EQUIPMENT TRADING,Industrial Equipment,Mechanical equipment trading,High,Name-derived,2
DEMIND INVESTMENT,Investment & Holding,Investment company,Medium,Name-derived,6
DENOX RHONE GENERAL TRADING LLC,Trading & Distribution,General trading & wholesale,Medium,Name-derived,1
DENPLEX BUILDING MATERIALS TRADING LLC,Building Materials Trading,Building materials & sanitaryware,Medium,Name-derived,3
DENSO SALES MIDDLE EAST & NORTH AFRICA FZE,Automotive,OEM auto components distribution (Denso),High,Name-derived,4
DERMA HEALTH COSMETICS TR.,Cosmetics & Personal Care,Dermo-cosmetics trading,High,Name-derived,3
DESERT EAGLE HEAVY EQUIPMENT RENTAL LLC,Equipment Rental,Heavy equipment rental,High,Name-derived,1
DESERT KING HEAVY EQPT. RENTAL L.L.C,Equipment Rental,Heavy equipment rental,High,Name-derived,4
DESERT KING QATAR HEAVY EQUIPMENT RENTAL & CONTRACTING W.L.L.,Equipment Rental,Heavy equipment rental & contracting,High,Name-derived,2
DEUTSCHE LUFTHANSA AG,Aviation,Airline,High,Name-derived,6
DEXTER CAPITAL FINANCIAL CONSULTANCY LLC,Financial Services,Financial consultancy,High,Name-derived,2
DFC MIDDLE EAST LIMITED BRANCH,Unclassified,Searched - no public business description found,Low,Web-verified,3
DIAL A BATTERY AUTO SERVICE CENTRE,Automotive Services,Battery replacement & roadside,High,Name-derived,3
DICETEK LLC,IT Services,IT consulting & managed services,High,Name-derived,4
DIGITAL OFFICE LLC,IT Services,Office automation & IT solutions,High,Name-derived,2
DISTRIBUCORP GULF FZE,Distribution,Consumer goods distribution,Medium,Name-derived,4
DIVA ABAYA COUTURE GARMENTS TRADING LLC,Textiles & Apparel Trading,Abaya & couture retail,High,Name-derived,2
DIVERS GROUP LLC,Marine Services,Commercial diving & underwater works,High,Name-derived,5
DNA DATA & ANALYTICS SOLUTIONS,IT Services,Data & analytics consulting,High,Name-derived,2
DOHA QUARRY LLC,Mining & Quarrying,Aggregates & quarry products,High,Name-derived,3
DOMUS FLOWER LLC,Florist & Gifts,Flowers retail,High,Name-derived,3
DR. MOOPENS HEALTH CARE MANAGEMENT SERVICES,Healthcare,Hospital & clinic group management (Aster),High,Name-derived,1
DRAW LINK GROUP,Fit-Out & Joinery,Design & fit-out contracting,High,Name-derived,1
DUBAI AIR WING,Aviation,Government VIP flight operations,High,Name-derived,3
DUBAI FURNITURE MANUFACTURING LLC,Manufacturing - Furniture,Furniture production,High,Name-derived,2
DUBAI MARINE BEACH RESORT AND SPA,Hospitality,Hotel & resort,High,Name-derived,3
DUBATT BATTERY RECYCLING LLC,Recycling & Waste,Lead-acid battery recycling,High,Name-derived,4
DUNCAN & ROSS,HR & Recruitment,Talent consulting & recruitment,High,Name-derived,6
DUPHARM LLC,Pharmaceuticals,Pharmaceutical distribution,High,Name-derived,3
DURA PRINTING MATERIALS TRADING L.L.C.,Printing & Publishing,Printing materials supply,High,Name-derived,2
DXB PERFUMES FACTORY LLC,Manufacturing - Cosmetics,Perfume manufacturing,High,Name-derived,1
DYNAMICNORD MIDDLE EAST ASIA & AFRICA FZE,Sports & Outdoor Equipment,"Diving, swimming & watersports gear (DynamicNord brand)",High,Web-verified,1
DYNAMICS AXIS SOFTWARE HOUSE LLC,Software & ERP,Microsoft Dynamics ERP partner,High,Name-derived,1
EASTERN MORRIS CRANES CO. LTD,Industrial Equipment,Cranes & lifting equipment,High,Name-derived,1
EBONITE DECOR LLC,Fit-Out & Joinery,Interior decor & fit-out,High,Name-derived,4
ECO KRAFT INDUSTRIES L.L.C,Manufacturing - Paper & Packaging,Kraft paper & packaging,High,Name-derived,2
EDO DEPARTMENT STORE L.L.C.,Retail,Department store,High,Name-derived,9
EHAF CONSULTING ENGINEERS,Engineering Consultancy,Design & supervision consultancy,High,Name-derived,2
ELECTROFOS DESIGNS LLC,Electrical Trading,Lighting design & supply,High,Name-derived,2
ELECTROMECH FZE,MEP & Electromechanical,Electromechanical services,Medium,Name-derived,1
ELEMEC ELECTROMECHANICAL CONTRACTING LLC,MEP & Electromechanical,MEP contracting & services,Medium,Name-derived,6
ELEVATE GLOBAL FZE,Events & Exhibitions,Event staffing & brand activation,Medium,Web-verified,1
ELITE HORIZON GENERAL TRADING LLC,Trading & Distribution,General trading & wholesale,Medium,Name-derived,1
ELPAN GENERAL TRADING LLC,Trading & Distribution,General trading & wholesale,Medium,Name-derived,1
EMAC ELECTROMECHANICAL L.L.C,MEP & Electromechanical,MEP contracting & services,Medium,Name-derived,2
EMINENT CONTRACTING L.L.C.,Construction & Contracting,Building & civil contracting,Medium,Name-derived,5
EMIRATES CRANES TRADING LLC,Industrial Equipment,Cranes & lifting equipment,High,Name-derived,3
EMIRATES GOLD DMCC,Jewellery & Precious Metals,Gold refining & bullion,High,Name-derived,7
EMIRATES GOLD FZCO,Jewellery & Precious Metals,Gold refining & bullion,High,Name-derived,7
EMIRATES MACARONI FACTORY LLC,Manufacturing - Food,Pasta & macaroni production,High,Name-derived,3
EMIRATES NATIONAL COPPER FACTORY LLC,Manufacturing - Metals,Copper products,High,Name-derived,8
EMIRATES ROYAL HOLDING LLC,Investment & Holding,Holding company,Medium,Name-derived,1
EMIRATES SPECIALIZED CONTRACTING & OILFIELD SERVICES L.L.C,Oil & Gas Services,Oilfield contracting,High,Name-derived,2
ENCO VENTURES GENERAL TRADING LLC,Trading & Distribution,General trading & wholesale,Medium,Name-derived,7
ENFORCE SECURITY SERVICE LLC,Security Services,Manned guarding,High,Name-derived,4
ENGINEERING SOLUTIONS ELECTROMECHANICAL & GENERAL CONTRACTING LLC,MEP & Electromechanical,MEP contracting & services,Medium,Name-derived,6
ENGINEERING UNIT GENERAL CONTRACTING LLC,Construction & Contracting,Building & civil contracting,Medium,Name-derived,5
ENGINEERS MIDDLE EAST FZCO,Engineering Services,Engineering services,Medium,Name-derived,3
ENLITE TECHNOLOGIES DMCC,Electrical Trading,Lighting technology,High,Name-derived,2
ENNCON GENERAL TRADING LLC,Trading & Distribution,General trading & wholesale,Medium,Name-derived,2
EPICURE CATERING - HEALTH FACTORY,Food Service,Catering & meal production,High,Name-derived,10
EQUIPTEC EQUIPMENTS REPAIRING L.L.C,Equipment Maintenance,Equipment repair,High,Name-derived,2
ESMAEIL MOHD BAYGAN FURNITURE TRDG. LLC,Furniture & Interiors,Furniture trading,High,Name-derived,3
ESSAMEL SAID EXPORT & IMPORT,Trading & Distribution,Import / export,Medium,Name-derived,1
ESTEKANA CAFE LLC,Food Service,Cafe,High,Name-derived,1
ESTIDAMA ENGINEERING CONSULTING – SOLE PROPRIETORSHIP L.L.C.,Engineering Consultancy,Engineering consultancy,High,Name-derived,1
EURO BLAST MIDDLE EAST L.L.C,Metal Treatment Services,Blasting & painting services,High,Name-derived,6
EURO EMIRATES ELECTRO MECHANICAL SERVICES LLC,MEP & Electromechanical,MEP contracting & services,Medium,Name-derived,2
EUROPE STRONG FORCE POST TENSIONING LLC,Construction Services,Post-tensioning specialist,High,Name-derived,2
EUROPEAN AUTOSPARES FZC,Automotive Parts Trading,Vehicle spare parts & accessories,Medium,Name-derived,1
EUROPEAN AUTOSPARES FZC & AR Motors,Automotive Parts Trading,Vehicle spare parts & accessories,Medium,Name-derived,5
EUROPEAN AUTOSPARES TRADING LLC,Automotive Parts Trading,Vehicle spare parts & accessories,Medium,Name-derived,1
EUROPEAN BAKERY,Manufacturing - Food,Bakery,High,Name-derived,1
EUROPEAN BAKERY (BR OF AW BIN SHABIB INVESTEMENT LLC),Manufacturing - Food,Bakery,High,Name-derived,1
EUROSTAR AUTO SPARE PARTS TRADING,Automotive Parts Trading,Vehicle spare parts & accessories,Medium,Name-derived,1
EVA INTERIOR FITOUTS,Fit-Out & Joinery,Interior fit-out,High,Name-derived,4
EVERGREEN FOOD STUFF TRD. LLC,Food & Beverage Trading,Foodstuff wholesale & distribution,Medium,Name-derived,4
EVERSHINE ELECT. SWITCHGEAR MFG. L.L.C,Manufacturing - Electrical,LV switchgear panels,High,Name-derived,2
EVOLUTION EVENTS LLC,Events & Exhibitions,Event management,High,Name-derived,1
EXCEL ASTRA ENGINEERING & CONSTRUCTION LLC,Construction & Contracting,Building & civil contracting,Medium,Name-derived,6
EXCEL INDUSTRY CO. LLC,Manufacturing,Industrial manufacturing,Low,Name-derived,7
EXCELLENCY GROUP OF MANAGEMENT COMPANIES,Professional Services,Business management services,Medium,Name-derived,2
EXOTIC FRUITS & VEGETABLES TRADING LLC,Fresh Produce & Grocery,Fruits & vegetables wholesale,Medium,Name-derived,1
EXPENZIA PTE. LTD.,Software & ERP,Spend management software,Medium,Name-derived,1
EXPERT UNITED MARINE SERVICES LLC,Marine Services,Marine services,High,Name-derived,2
EXPRESS FLEXI PACK,Manufacturing - Paper & Packaging,Flexible packaging,High,Name-derived,1
EXTOL INTERNATIONAL FZC,Trading & Distribution,General trading,Low,Name-derived,1
EXTREME PERFORMANCE GARAGE LLC,Automotive Services,Performance vehicle workshop,High,Name-derived,1
F.A.H. GROUP,Diversified Group,Diversified group,Low,Name-derived,1
F1rst Motors L.L.C,Automotive Retail,Luxury & performance car dealership,High,Name-derived,3
FAB MASTER LAUNDRY LLC,Laundry Services,Commercial laundry,High,Name-derived,2
FABRIC LIBRARY FZCO,Textiles & Apparel Trading,Furnishing fabrics,High,Name-derived,1
FACTS COMPUTER SOFTWARE HOUSE LLC,Software & ERP,ERP software vendor,High,Name-derived,3
FAITH HEALTHCARE MANAGEMENT LLC,Healthcare,Healthcare management,High,Name-derived,3
FAKHREE AL HINDI GROUP,Retail,"Imitation jewellery, cosmetics, fragrances & general goods wholesale",High,Web-verified,1
FAKHREE CENTER L.L.C.,Retail,"Imitation jewellery, cosmetics, fragrances & general goods wholesale",High,Web-verified,1
FAKIH IVF LIMITED,Healthcare,Fertility / IVF clinics,High,Name-derived,1
FALCON GLOBAL ARABIAN TRADING LLC,Trading & Distribution,General trading & wholesale,Medium,Name-derived,1
FALCON GLOBAL GENERAL TRADING CO LLC,Trading & Distribution,General trading & wholesale,Medium,Name-derived,5
FALCON PROFESSIONAL KITCHEN LLC,Commercial Kitchen Equipment,Professional kitchen equipment,High,Name-derived,9
FALCON TRADING LLC,Trading & Distribution,General trading,Low,Name-derived,1
FAMILY STAR CONSTRUCTION LLC,Construction & Contracting,Building & civil contracting,Medium,Name-derived,5
FAMILY TEX CURTAINS FABRICS TRADING LLC,Textiles & Apparel Trading,Curtains & fabrics,High,Name-derived,3
FARM VALE FRUITS AND VEGETABLES TRADING LLC,Fresh Produce & Grocery,Fruits & vegetables wholesale,Medium,Name-derived,3
FARMEX FRESHIA TRADING LLC,Trading & Distribution,General trading & wholesale,Medium,Name-derived,4
FAST LANE GLOBAL TRADING LLC,Trading & Distribution,General trading & wholesale,Medium,Name-derived,1
FASTEC INDUSTRIES LLC,Manufacturing,Industrial manufacturing,Low,Name-derived,3
FATIMA BINT MUBARAK LADIES SPORTS ACADEMY,Sports & Recreation,Sports academy,High,Name-derived,1
FCBC BUILDING CONTRACTING LLC,Construction & Contracting,Building & civil contracting,Medium,Name-derived,3
FEATHER TOUCH INDUSTRIES LLC,Manufacturing,Industrial manufacturing,Low,Name-derived,1
FEET WASTE TRANSPORTER,Recycling & Waste,Waste transport,Medium,Name-derived,1
FENGO METALS ENGINEERING,Manufacturing - Metals,Metal fabrication,High,Name-derived,1
FERROFAB FZE,Manufacturing - Steel Fabrication,Steel fabrication,High,Name-derived,1
FERROSTAAL EQUIPMENT SOLUTIONS FZE,Industrial Equipment,Industrial plant & equipment supply,High,Name-derived,1
FERROSTAAL TECHNOLOGY SOLUTIONS LLC,Industrial Equipment,Industrial plant & equipment supply,High,Name-derived,1
FIBRE FRUITS TRADING,Fresh Produce & Grocery,Fruits & vegetables wholesale,Medium,Name-derived,2
FINE FIELD TRADING LLC,Trading & Distribution,General trading & wholesale,Medium,Name-derived,1
FINE FRUITS TRADING L. L. C,Fresh Produce & Grocery,Fruits & vegetables wholesale,Medium,Name-derived,1
FINESSE FABRICS & FURNITURE TRADING,Furniture & Interiors,Fabrics & furniture trading,High,Name-derived,1
FINOTECH SILICONE CHEMICALS LLC,Manufacturing - Chemicals,Silicones & sealants,High,Name-derived,2
FIRE TECH FIRE FIGHTING LLC,Fire & Safety,Fire protection systems,High,Name-derived,1
FIRST AXIS AUTO SPARE PARTS,Automotive Parts Trading,Vehicle spare parts & accessories,Medium,Name-derived,1
FIRST SECURITY GROUP LLC,Security Services,Manned guarding & systems,High,Name-derived,2
FIRST SOURCE STEELWARE TRADING LLC,Steel & Metals Trading,Steel products trading,High,Name-derived,2
FIVE STAR TEXTILES L.L.C.,Textiles & Apparel Trading,Textile trading,High,Name-derived,1
FLM AUTO SPARE PARTS TRADING LLC,Automotive Parts Trading,Vehicle spare parts & accessories,Medium,Name-derived,8
FLOORTEX FURNISHINGS,Furniture & Interiors,Flooring & furnishings,High,Name-derived,2
FLUX LIGHT GENERAL TRADING LLC,Electrical Trading,Lighting products,High,Name-derived,1
FOCUZ AUTO SPARE PARTS L. L. C,Automotive Parts Trading,Vehicle spare parts & accessories,Medium,Name-derived,1
FOREVER ROSE LONDON,Florist & Gifts,Preserved roses & luxury gifts,High,Name-derived,2
FORTUNE ENGINEERING & ENERGY SERVICES L.L.C,Oil & Gas Services,Engineering & energy services,High,Name-derived,3
FORTUNE ENGINEERING & ENERGY SERVICES L.L.C.,Oil & Gas Services,Engineering & energy services,High,Name-derived,2
FORTUNE ENGINEERING & ENERGY SERVICES SAUDI LTD.,Oil & Gas Services,Engineering & energy services,High,Name-derived,1
FORTUNE FIVE GENERAL TRADING LLC,Trading & Distribution,General trading & wholesale,Medium,Name-derived,3
FOTOFUN COLOR LAB,Retail,Photo lab & printing services,High,Name-derived,2
FOURTECH ENGINEERING L.L.C,Engineering Services,Engineering services,Medium,Name-derived,7
FOURTECH INDUSTRIES LLC,Manufacturing,Industrial manufacturing,Low,Name-derived,6
FOX ELECTRONICS FZ LLC,Consumer Electronics,Electronics distribution,High,Name-derived,3
FRENCH INTERNATIONAL PRIVATE SCHOOL SHJ L.L.C. SP,Education,K-12 international school,High,Name-derived,2
FRESH SUPPLIES LLC,Trading & Distribution,General trading & wholesale,Medium,Name-derived,1
FRESH WORLD FRUITS TRADING,Fresh Produce & Grocery,Fruits & vegetables wholesale,Medium,Name-derived,1
FRESHER FLOWERS L.L.C-FZ,Florist & Gifts,Flowers wholesale,High,Name-derived,1
FRESHIA FOODSTUFF TRADING LLC,Food & Beverage Trading,Foodstuff wholesale & distribution,Medium,Name-derived,1
FRUITIFY GENERAL TRADING CO. LLC,Trading & Distribution,General trading & wholesale,Medium,Name-derived,1
FRUITS GARDEN TRADING LLC,Fresh Produce & Grocery,Fruits & vegetables wholesale,Medium,Name-derived,3
FRUITS GARDEN TRADING WLL,Fresh Produce & Grocery,Fruits & vegetables wholesale,Medium,Name-derived,1
FUJAIRAH PLASTIC FACTORY,Manufacturing - Plastics,Plastic products,High,Name-derived,2
FUSION CAFE LLC,Food Service,Cafe,High,Name-derived,7
FUTURE BOATS INDUSTRY L.L.C,Manufacturing - Marine,Boat building,High,Name-derived,1
GAAG GENERAL TRADING LLC,Trading & Distribution,General trading & wholesale,Medium,Name-derived,2
GALADARI MOTOR DRIVING CENTER LLC,Education,Driving school,High,Name-derived,4
GALAXY CONTRACTING L. L. C.,Construction & Contracting,Building & civil contracting,Medium,Name-derived,1
GALAXY TRADING LLC,Trading & Distribution,General trading,Low,Name-derived,7
GALLERY FOODS & BEVERAGES LLC,Food & Beverage Trading,Food & beverage supply,Medium,Name-derived,1
GALVANIZING SERVICES  L.L.C,Metal Treatment Services,Hot-dip galvanizing,High,Name-derived,1
GEAR UP EVENTS LLC,Events & Exhibitions,Event management,High,Name-derived,1
GEEBEE GARMENTS FZE,Manufacturing - Textiles,Garment manufacturing,High,Name-derived,2
GEEPEE INDUSTRIES LTD,Manufacturing - Plastics,Plastic products manufacturing,Medium,Name-derived,1
GENERAL CERAMICS CO. SHARJAH JSC,Manufacturing - Building Products,Ceramic sanitaryware & tiles,High,Name-derived,6
GENERAL CONSTRUCTION COMPANY W.L.L.,Construction & Contracting,General contracting,High,Name-derived,5
GENERATIONS GENERAL TRADING LLC,Trading & Distribution,General trading & wholesale,Medium,Name-derived,4
GEOBIT INTERNATIONAL FZC,Industrial Distribution,Survey / geotechnical equipment,Medium,Name-derived,4
GEOSAN CONSTRUCTION DYNAMICS,Construction & Contracting,Contracting,High,Name-derived,2
GHANTOOT LANDSCAPING LLC,Landscaping,Landscape contracting,High,Name-derived,5
GHANTOOT PLASTIC INDUSTRIES,Manufacturing - Plastics,Plastic products,High,Name-derived,2
GHAZALCO TRADING EST,Trading & Distribution,General trading,Low,Name-derived,1
GHM INTERNATIONAL,Unclassified,Insufficient information in name,Low,Name-derived,1
GHOLAMI & ABEDI FRUITS & VEGITABLES CO. L.L.C,Fresh Produce & Grocery,Fruits & vegetables wholesale,Medium,Name-derived,3
GHULAMI GENERAL TRADING,Trading & Distribution,General trading & wholesale,Medium,Name-derived,2
GIESECKE+DEVRIENT CURRENCY TECHNOLOGY FZE,Technology,Currency handling & banknote systems,High,Name-derived,2
GIIMOK TRADING FZ-LLC,Trading & Distribution,General trading & wholesale,Medium,Name-derived,1
GINCO CONTRACTING CO LLC,Construction & Contracting,Main contractor (GINCO group),High,Name-derived,8
GLAZE SERVICES LLC,Manufacturing - Building Products,Glass & glazing services,High,Name-derived,2
GLOBAL HOSPITALITY LTD,Hospitality,Hospitality management,High,Name-derived,3
GLOBAL INCENTIVES TOURISM,Travel & Tourism,DMC / incentive travel,High,Name-derived,1
GLOBAL INVESTMENTS NV,Investment & Holding,Investment holding company,Medium,Name-derived,3
GLOBE CHEMICALS COMPANY LLC,Chemicals Distribution,Industrial chemicals trading,High,Name-derived,2
GLOBIRO GROWN FOODSTUFF TRADING - FZE,Food & Beverage Trading,Foodstuff wholesale & distribution,Medium,Name-derived,1
GLOMACS FZ LLC,Training & Consultancy,Corporate training provider,High,Name-derived,2
GMMOS GROUP INC.,Marine Services,Ship repair & marine engineering,High,Name-derived,1
GOBIND INTERNATIONAL FZCO,Trading & Distribution,General trading,Low,Name-derived,3
GODOBA PORTAL LLC,E-commerce,Online marketplace / portal,Medium,Name-derived,4
GOLD FRUIT INTERNATIONAL L.L.C.,Fresh Produce & Grocery,Fruits & vegetables wholesale,Medium,Name-derived,2
GOLDEN ARENA UNITED LLC,Manufacturing - Building Products,Aluminium & glass fabrication and accessories (Oman),High,Web-verified,1
GOLDEN BOX GENERAL TRADING LLC,Trading & Distribution,General trading & wholesale,Medium,Name-derived,1
GOLDEN DOVE GENERAL TRADING,Trading & Distribution,General trading & wholesale,Medium,Name-derived,3
GOLDEN FRUITS L.L.C.,Fresh Produce & Grocery,Fruits & vegetables wholesale,Medium,Name-derived,2
GOLDEN RELIEF RESOURCES L.L.C,Construction & Contracting,"Construction, equipment leasing & procurement services",High,Web-verified,5
GOURMET HOUSE,Food Service,Gourmet food / catering,Medium,Name-derived,2
GRAND CITY LIMOUSINE SERVICES,Passenger Transport,Limousine services,High,Name-derived,1
GRANTEQ GENERAL TRADING LLC,AV & Systems Integration,AV distribution & integration,High,Name-derived,3
GREAT PACIFIC LLC,Steel & Metals Trading,"Steel, raw materials, minerals & petrochemicals trading",High,Web-verified,3
GREEN BELT FOODSTUFF L.L.C,Food & Beverage Trading,Foodstuff wholesale & distribution,Medium,Name-derived,6
GREEN BELT STAR INTERNATIONAL COLD STORE,Food & Beverage Trading,Cold store & foodstuff distribution,High,Name-derived,1
GREEN COOLING L.L.C. SP,HVAC Services,Cooling & HVAC services,High,Name-derived,4
GREEN HEALTH FOODSTUFF TRADING LLC,Food & Beverage Trading,Foodstuff wholesale & distribution,Medium,Name-derived,3
GREEN METRO GENERAL TRADING LLC,Trading & Distribution,General trading & wholesale,Medium,Name-derived,1
GREEN VALLEY TRADING LLC,Trading & Distribution,General trading & wholesale,Medium,Name-derived,3
GREENTECH THERMAL INSULATION PRODUCTS MANUFACTURING LLC,Manufacturing - Building Products,Thermal insulation products,High,Name-derived,1
GTGC TECHNICAL SERVICES LLC,Technical Services,Technical & maintenance services,Medium,Name-derived,1
GUANGZHOU AFRA INDUSTRIES CO. LTD.,Manufacturing,Manufacturing & export (China),Low,Name-derived,4
GULF ASIA CONTRACTING CO. L.L.C (SOLE PROPRIETORSHIP),Construction & Contracting,Building & civil contracting,Medium,Name-derived,1
GULF ASIA CONTRACTING LLC,Construction & Contracting,Building & civil contracting,Medium,Name-derived,3
GULF ASIAN GENERAL TRADING L.L.C.,Trading & Distribution,General trading & wholesale,Medium,Name-derived,4
GULF FRUITS TRADE COMPANY LLC,Fresh Produce & Grocery,Fruits & vegetables wholesale,Medium,Name-derived,6
GULF PASTRY LLC,Manufacturing - Food,Bakery & pastry production,High,Name-derived,5
GULFAR FOODSTUFF COMPANY LLC.,Food & Beverage Trading,Foodstuff wholesale & distribution,Medium,Name-derived,2
GUSTO VERO FOODSTUFF FZ-LLC,Food & Beverage Trading,Specialty food distribution,High,Name-derived,2
HADIR PROJECTS & ENVIRONMENT SYSTEMS L.L.C.,Environmental Services,Environmental / water treatment projects,High,Name-derived,8
HAIDARI TRADING CO. WLL,Trading & Distribution,General trading & wholesale,Medium,Name-derived,1
HAIFA CONTRACTING CO. L.L.C,Construction & Contracting,Building & civil contracting,Medium,Name-derived,1
HAIMA EMIRATES BUILDING MAINTENANCE LLC,Facilities Management,Building maintenance,High,Name-derived,1
HAJ ALI MOHEBBI GENERAL TRADING L. L. C.,Trading & Distribution,General trading & wholesale,Medium,Name-derived,1
HAMNA GENERAL TRADING FZE,Trading & Distribution,General trading & wholesale,Medium,Name-derived,1
HANDLOOM HOUSE HEAD OFFICE LLC,Retail,Textile & handloom retail,High,Name-derived,1
HANOX FASHION RETAIL LLC,Retail,Fashion retail,High,Name-derived,7
HAROON ENG.MAT.MARKETING CO.LLC,Industrial Distribution,Engineering materials marketing,High,Name-derived,4
HARROW SECURITY VEHICLES LLC,Manufacturing - Automotive,Armoured & security vehicles,High,Name-derived,1
HARROW VEHICLES MODIFICATIONS CO. LTD,Manufacturing - Automotive,Vehicle modification & armouring,High,Name-derived,1
HARSHAD TRADING COMPANY L.L.C,Trading & Distribution,General trading & wholesale,Medium,Name-derived,5
HARUN ABDUL LATIF FOODSTUFF COMPANY L.L.C.,Food & Beverage Trading,Foodstuff wholesale & distribution,Medium,Name-derived,5
HARVEST HUB GENERAL TRADING LLC SPC,Trading & Distribution,General trading & wholesale,Medium,Name-derived,1
HASHIM HYPERMARKET LLC,Retail,Hypermarket,High,Name-derived,4
HASSAN AL QURASHI TRADING COMPANY,Trading & Distribution,General trading,Low,Name-derived,1
HATCH CONTRACTING LLC,Construction & Contracting,Building & civil contracting,Medium,Name-derived,2
HATCO,Unclassified,Insufficient information in name,Low,Name-derived,1
HEALTHCARE SCIENTIFIC SUPPLIES SPC.,Medical Supplies,Scientific & medical supplies,High,Name-derived,1
HEXABLU TECHNICAL SERVICES L.L.C,Technical Services,Technical & maintenance services,Medium,Name-derived,2
HEXATECH INTERNATIONAL HQ,Technology,Technology solutions,Low,Name-derived,2
HIAP SENG ENGINEERING LTD FZE,Oil & Gas Services,Plant maintenance & fabrication,High,Name-derived,8
HIGH STAR CONTRACTING LLC,Construction & Contracting,Building & civil contracting,Medium,Name-derived,1
HIMEL INTERNATIONAL FZE (DELIXI),Manufacturing - Electrical,Low-voltage electrical products,High,Name-derived,3
HMK AUTO SPARE PARTS & COMPONENTS TRADING CO. LLC,Automotive Parts Trading,Vehicle spare parts & accessories,Medium,Name-derived,3
HMK REAL ESTATE DEVELOPMENT LLC,Real Estate,Property development,High,Name-derived,1
HOLA DELIGHTS JUICES LLC,Manufacturing - Food & Beverage,Juices & beverages,High,Name-derived,2
HUEGO LTD.,Unclassified,Insufficient information in name,Low,Name-derived,2
HUSSAIN GENERAL TRADING EST.,Trading & Distribution,General trading & wholesale,Medium,Name-derived,6
HUSSEIN BEHESHTI TRADING,Trading & Distribution,General trading,Low,Name-derived,1
HUTCHINSON TELECOM FZCO,Telecommunications,Telecom equipment & services,Medium,Name-derived,3
HYDROFIT ENGINEERING,Engineering Services,Hydraulics engineering,Medium,Name-derived,1
HYDROFIT TRADING,Industrial Distribution,Hydraulic products trading,High,Name-derived,1
HYDROFIT TRADING LLC,Industrial Distribution,Hydraulic products trading,High,Name-derived,4
HYDROFIT TRADING LLC BR 1,Industrial Distribution,Hydraulic products trading,High,Name-derived,1
HYDROTECH LINE CONTRACTING AND WATER DISTRIBUTION LLC,Water Treatment,Water distribution contracting,High,Name-derived,4
HYSSNA CARPENTRY,Fit-Out & Joinery,Joinery & carpentry,High,Name-derived,1
HYSSNA INTERNATIONAL INTERIORS DESIGN LLC,Fit-Out & Joinery,Interior design & fit-out,High,Name-derived,1
HYSSNA INTERNATIONAL LLC,Fit-Out & Joinery,Interiors & joinery,High,Name-derived,1
IBSONS TRADING CO. L.L.C,Fresh Produce & Grocery,Fresh produce trading (Kibsons group),Medium,Name-derived,3
ICEM,Unclassified,Insufficient information in name,Low,Name-derived,1
ICL FINCORP INVESTMENT LLC,Financial Services,Gold loans & NBFC services,High,Name-derived,3
IDEAL DRIVING INSTITUTE,Education,Driving school,High,Name-derived,3
IGC MIDDLE EAST GENERAL TRADING LLC,Trading & Distribution,General trading & wholesale,Medium,Name-derived,1
ILG EMEA DWC LLC,Trading & Distribution,"Watches, jewellery, leather goods & optical products trading",Medium,Web-verified,2
IMG BOATS L. L. C.,Manufacturing - Marine,Boat building,High,Name-derived,5
IMG THEME PARK LLC,Entertainment & Leisure,Indoor theme park,High,Name-derived,3
IMPERIAL GARMENTS INDUSTRY (FZE),Manufacturing - Textiles,Garment manufacturing,High,Name-derived,2
IMPEX MIDDLE EAST FZCO,Trading & Distribution,General trading & wholesale,Medium,Name-derived,4
INNOTECH POLYMERS MANUFACTURER LLC,Manufacturing - Plastics,Polymer products,High,Name-derived,1
INTEGRATED GREEN RESOURCES L.L.C.,Recycling & Waste,Waste management & recycling,High,Name-derived,8
INTELLIGENT GLOBE CONSTRUCTION - L.L.C - S.P.C,Construction & Contracting,Building & civil contracting,Medium,Name-derived,1
INTELLIGENT GLOBE CONSTURCTION & GENERAL TRANSPORTATION,Freight Transport,Road transport & haulage,Medium,Name-derived,3
INTER CITY TRADING LLC,Trading & Distribution,General trading,Low,Name-derived,1
INTER OCEAN SHIP ENGINEERING SERVICES FZE,Marine Services,Marine engineering,High,Name-derived,2
INTER OCEAN SHIP REPAIRS LLC,Marine Services,Ship repair,High,Name-derived,5
INTERIORS INTERNATIONAL FZCO,Fit-Out & Joinery,Joinery & interior manufacturing,High,Name-derived,2
INTERIORS INTERNATIONAL INDUSTRIES L.L.C,Fit-Out & Joinery,Joinery & interior manufacturing,High,Name-derived,6
INTERIORS INTERNATIONAL INDUSTRIES LLC,Fit-Out & Joinery,"Interiors, fit-out & joinery",Medium,Name-derived,2
INTERNATIONAL KNOWLEDGE CENTER,Education,Training centre,Medium,Name-derived,1
INTERNATIONAL RADIOLOGY & DIAGNOSTIC SERVICES CENTRE LLC - Rak Branch,Healthcare,Diagnostic imaging centre,High,Name-derived,3
INTERNATIONAL SHIP REPAIRS FZE,Marine Services,Ship repair,High,Name-derived,2
INVENT SUSTAINABLE CONSTRUCTION LLC,Construction & Contracting,Building & civil contracting,Medium,Name-derived,1
INVENTION STEEL INDUSTRIES LLC,Manufacturing - Steel Fabrication,Steel fabrication,High,Name-derived,2
IRVINE CHARTER L.L.C,Passenger Transport,Charter transport services,Medium,Name-derived,4
ISOFOAM ENGINEERING L. L. C,Construction Services,Insulation systems,High,Name-derived,1
ITALFOOD FZ LLC,Food & Beverage Trading,Italian food distribution,High,Name-derived,2
ITALIAN FOOTWEAR SOLUTION LLC,Textiles & Apparel Trading,Footwear supply,High,Name-derived,4
ITR MIDDLE EAST FZCO.,Industrial Equipment,Undercarriage parts for earthmoving,High,Name-derived,1
IWATCH SECURITY SYSTEMS LLC,Security Systems,CCTV & security systems,High,Name-derived,1
J J EXPORTERS - JUSTINE PAIGE (BVI) LTD.,Trading & Distribution,Export trading,Low,Name-derived,1
JABER MEASAM FOODSTUFF LLC,Food & Beverage Trading,Foodstuff wholesale & distribution,Medium,Name-derived,1
JACKSON TRADING COMPANY LLC,Trading & Distribution,General trading & wholesale,Medium,Name-derived,3
JACOBS ZAMEL AND TURBAG CONSULTING ENGINEERS,Engineering Consultancy,Design & supervision consultancy,High,Name-derived,1
JADE BLUE GENERAL TRADING LLC,Trading & Distribution,General trading & wholesale,Medium,Name-derived,1
JAM NOOR GENERAL TRADING LLC,Trading & Distribution,General trading & wholesale,Medium,Name-derived,3
JARRAH FOODSTUFF TRADING,Food & Beverage Trading,Foodstuff wholesale & distribution,Medium,Name-derived,1
JASEM KHAMAS TRADING CO. L. L. C,Trading & Distribution,General trading & wholesale,Medium,Name-derived,1
JATCO FREIGHT SERVICES LLC,Logistics & Supply Chain,Freight forwarding,High,Name-derived,2
JAWAR AL KHALEEJ SHIPPING LLC,Shipping,Shipping services,High,Name-derived,2
JAYSONS MULTI TRADE AND INDUSTRIES SUARL,Trading & Distribution,Trading & light manufacturing,Low,Name-derived,1
JEBAL AL ATLAS GENERAL TRADING LLC,Trading & Distribution,General trading & wholesale,Medium,Name-derived,1
JET AVIATION AIRSERVICES LIMITED,Aviation,Business aviation services & FBO,High,Name-derived,1
JIADI INTERNATIONAL READYMADE GARMENTS,Textiles & Apparel Trading,Readymade garments trading,High,Name-derived,2
JIMMY LE BOND TRADING LLC,Trading & Distribution,General trading & wholesale,Medium,Name-derived,1
JMM MEAT PROCESSING LLC,Manufacturing - Food,Meat processing,High,Name-derived,4
JNBJ GENERAL TRADING CO L.L.C,Trading & Distribution,General trading & wholesale,Medium,Name-derived,1
JOHN DIESEL,Automotive Parts Trading,Diesel engine parts & service,High,Name-derived,1
JPM ASSOCIATES TECHNICAL SERVICES LLC,Technical Services,Technical & maintenance services,Medium,Name-derived,2
JUBAILI BROS LLC,Power Generation Equipment,Generators & power solutions,High,Name-derived,5
JUMANAH FOOD STUFF TRADING LLC,Food & Beverage Trading,Foodstuff wholesale & distribution,Medium,Name-derived,2
JUMBO MANPOWER SERVICES LLC,HR & Recruitment,Manpower supply,High,Name-derived,3
JURASSIC TECHNOLOGIES L.L.C [KO GYM],Health & Fitness,Gym / fitness centre,High,Name-derived,1
JUST GOURMET FOODSTUFF TRADING LLC,Food & Beverage Trading,Foodstuff wholesale & distribution,Medium,Name-derived,1
JVK SHIPPING SERVICES LLC,Logistics & Supply Chain,Relocation & shipping,High,Name-derived,2
K B R INTERNATIONAL GENERAL TRADING LLC,Trading & Distribution,General trading & wholesale,Medium,Name-derived,1
K J I MARINA BOATS MANUFACTURING L.L.C,Manufacturing - Marine,Boat building,High,Name-derived,3
KADRIS INDUSTRIES FZE,Manufacturing,Industrial manufacturing,Low,Name-derived,1
KALANDOOR BUILDING CONTRACTING LLC,Construction & Contracting,Building & civil contracting,Medium,Name-derived,3
KALOTI JEWELLERY INTERNATIONAL DMCC,Jewellery & Precious Metals,Precious metals & jewellery,High,Name-derived,4
KAMI FOODSTUFF TRADING LLC,Food & Beverage Trading,Foodstuff wholesale & distribution,Medium,Name-derived,1
KANHAIYA NISHAD VEGETABLES & FRUITS TRADING LLC,Fresh Produce & Grocery,Fruits & vegetables wholesale,Medium,Name-derived,2
KANMO TRADING LLC,Trading & Distribution,General trading,Low,Name-derived,3
KANZ CHEMICAL IND. LLC,Manufacturing - Chemicals,Chemical products,High,Name-derived,2
KANZ JEWELS LLC,Jewellery & Precious Metals,Jewellery retail,High,Name-derived,3
KARAM INDUSTRIA LIMITIDA,Manufacturing,Industrial manufacturing (Africa),Low,Name-derived,1
KARAM INDUSTRIES NAMIBIA (PTY) LTD.,Manufacturing,Industrial manufacturing (Africa),Low,Name-derived,1
KATARA PROJECT MANAGEMENT SERVICE LLC,Project & Cost Consultancy,Project management,High,Name-derived,1
KAYA MIDDLE EAST DMCC,Healthcare,Skin & cosmetic clinics,High,Name-derived,2
KAYA TRADING LLC,Trading & Distribution,General trading & wholesale,Medium,Name-derived,1
KAYAN SEWING LLC,Manufacturing - Textiles,Garment / sewing production,High,Name-derived,2
KAYBARZ FREIGHT SERVICES L.L.C,Logistics & Supply Chain,Freight forwarding,High,Name-derived,2
KHADAMAT FACILITIES MANAGEMENT LLC,Facilities Management,Integrated FM services,High,Name-derived,4
KHALEEJ LINKS GENERAL TRADING LLC,Trading & Distribution,General trading & wholesale,Medium,Name-derived,5
KHALID VEGETABLES & FRUITS AND FOOD STUFF TRADING LLC,Fresh Produce & Grocery,Fruits & vegetables wholesale,Medium,Name-derived,2
KHALIS PERFUMES TRADING LLC,Cosmetics & Personal Care,Perfume trading,High,Name-derived,4
KHAMAS COLD STORES,Food & Beverage Trading,Cold storage & foodstuff distribution,High,Name-derived,2
KHAMAS GENERAL TRADING AND STORES,Trading & Distribution,General trading,Medium,Name-derived,1
KHORSHED INTERNATIONAL TRADING LLC,Trading & Distribution,General trading & wholesale,Medium,Name-derived,2
KIBSONS INTERNATIONAL L. L. C.,Fresh Produce & Grocery,Online grocery / fresh produce distribution,High,Name-derived,7
KLEEV MIDDLE EAST FZE,Manufacturing - Instrumentation,"Instrumentation valves, manifolds, gauges & thermocouples",High,Web-verified,6
KMA GLOBAL GENERAL TRADING LLC,Trading & Distribution,General trading & wholesale,Medium,Name-derived,1
KNM ENGINEERING,Engineering Services,Engineering services,Medium,Name-derived,1
KNOT HOME DECORATION MATERIALS TRADING LLC,Furniture & Interiors,Home decor materials,High,Name-derived,2
KONE MIDDLE EAST LLC,Elevators & Escalators,"Manufacture, installation & maintenance",High,Name-derived,5
KOSMONTE FOOD STUFF QATAR,Food & Beverage Trading,Foodstuff wholesale & distribution,Medium,Name-derived,1
KOSMONTE FOODS LLC,Food & Beverage Trading,Food & beverage distribution,Medium,Name-derived,7
KOSMONTE FOODS STUFF- QATAR,Food & Beverage Trading,Food & beverage distribution,Medium,Name-derived,1
KS FOOD TRADING,Food & Beverage Trading,Food & beverage distribution,Medium,Name-derived,1
KTC INTERNATIONAL LLC,Trading & Distribution,International trading,Low,Name-derived,8
KUKOO ELECTRONICS TRADING LLC,Consumer Electronics,Electronics trading,High,Name-derived,1
LA SOROGEEKA INTERIORS L.L.C,Fit-Out & Joinery,Luxury interiors & joinery,High,Name-derived,4
LAGARDERE TRAVEL RETAIL UAE LLC,Retail,Travel & airport retail,High,Name-derived,3
LANDMARK AUTO SPARE PARTS,Automotive Parts Trading,Vehicle spare parts & accessories,Medium,Name-derived,3
LATICRETE MIDDLE EAST LLC,Manufacturing - Building Products,"Tile adhesives, grouts & mortars",High,Name-derived,1
LAWNSCAPE LLC,Landscaping,Landscape services,High,Name-derived,1
LAYAN AUTO PARTS W.L.L.,Automotive Parts Trading,Vehicle spare parts & accessories,Medium,Name-derived,2
LEISUNG TECHNOLOGIES LLC,Technology,Technology products & solutions,Low,Name-derived,1
LIFE HOME HEALTHCARE LLC,Healthcare,Home healthcare services,High,Name-derived,2
LIFE TIME TRENDZ GENERAL TRADING LLC,Trading & Distribution,General trading & wholesale,Medium,Name-derived,5
LINK LIGHT ELECTRICAL WORKS LLC,Electrical Trading,Electrical products & services,Medium,Name-derived,4
LINK LIGHT SWITCHGEAR INDUSTRIES LLC,Manufacturing - Electrical,LV switchgear panels,High,Name-derived,1
LINK MIDDLE EAST FZE,Manufacturing - Metals,"Galvanized wire, perimeter fencing, gabions & guard rails",High,Web-verified,4
LOOTAH BOUTIQUE LLC,Retail,Retail operations,Medium,Name-derived,6
LOPAZ PERFUMES INDUSTRY LLC,Manufacturing - Cosmetics,Perfume manufacturing,High,Name-derived,1
LOTO SAFETY REQUISITES TRADING LLC,Fire & Safety,Safety equipment supply,High,Name-derived,3
LOYAL ELECTRICAL CONTRACTING LLC,Construction & Contracting,Building & civil contracting,Medium,Name-derived,1
LUAY ALHILO GENERAL TRADING L.L.C,Trading & Distribution,General trading & wholesale,Medium,Name-derived,1
LUCENT GROUP OF COMPANIES,Diversified Group,Diversified group,Low,Name-derived,4
LUNATUS DRUG STORE,Pharmaceuticals,Pharmaceutical distribution,High,Name-derived,2
LUTFI OPTICAL CENTER LLC,Retail,Optical / eyewear retail,High,Name-derived,2
LUTFI TRADING LLC,Trading & Distribution,Eyewear & optical products trading,Medium,Name-derived,3
LUXURIA MIDDLE EAST DMCC,Luxury Retail,Luxury goods trading,High,Name-derived,5
MAB & SONS GENERAL TRADING,Trading & Distribution,General trading & wholesale,Medium,Name-derived,4
MAB GROUP,Diversified Group,Diversified group,Medium,Name-derived,4
MACE INTERNATIONAL LIMITED,Project & Cost Consultancy,Project / programme management,High,Name-derived,6
MAGNUM SECURITY SERVICES,Security Services,Manned guarding,High,Name-derived,1
MAHALAKSHMI INDUSTRIAL GEARS PRIVATE LIMITED,Manufacturing - Machinery,Industrial gears,High,Name-derived,1
MAHASEEL INVESTMENT IN COMMERCIAL ENTERPRISES & MANAGEMENT L.L.C,Investment & Holding,Investment & management company,Medium,Name-derived,1
MAHASEEL PRODUCE,Fresh Produce & Grocery,Fresh produce supply,High,Name-derived,3
MAHER AL KHATEEB FOODSTUFF TRADING LLC,Food & Beverage Trading,Foodstuff wholesale & distribution,Medium,Name-derived,2
MAHMOOD AHMED ENTERPRISES LLC,Trading & Distribution,General trading & wholesale,Medium,Name-derived,1
MAHMOOD MALLIK INTERNATIONAL GENERAL TRADING CO LLC,Trading & Distribution,General trading & wholesale,Medium,Name-derived,4
MAICO GULF L. L. C.,Manufacturing - HVAC,Ventilation equipment (Maico),High,Name-derived,4
MAICO VENTILATION PVT. LTD.,Manufacturing - HVAC,Ventilation equipment,High,Name-derived,1
MAIMOON PAPERS INDUSTRY LLC,Manufacturing - Paper & Packaging,Paper products,High,Name-derived,4
MALABAR GOLD L.L.C.,Jewellery & Precious Metals,Gold & jewellery retail,High,Name-derived,5
MALAIH INVESTMENT & PROJECTS DEVELOPMENT L.L.C.,Real Estate,Investment & project development,Medium,Name-derived,7
MALTA AUTO SPARE PARTS & ACCESSORIES TR .EST.,Automotive Parts Trading,Vehicle spare parts & accessories,Medium,Name-derived,1
MAMMY TRADERS LLC,Trading & Distribution,General trading & wholesale,Medium,Name-derived,2
MANEESH INTERNATIONAL FZCO,Trading & Distribution,General trading,Low,Name-derived,2
MANSOUR BAYEGAN FURNITURES LLC,Furniture & Interiors,Furniture trading,High,Name-derived,1
MAPLETEC JOINERY LLC,Fit-Out & Joinery,Joinery & millwork,High,Name-derived,4
MARHABA MTA GENERAL TRADING LLC,Trading & Distribution,General trading & wholesale,Medium,Name-derived,4
MARVELOUS DESIGN FURNITURE,Manufacturing - Furniture,Custom furniture,High,Name-derived,3
MARVELOUS DESIGN FURNITURE L.L.C - S.P.C,Manufacturing - Furniture,Custom furniture,High,Name-derived,1
MASAFI CO. L.L.C.,Manufacturing - Food & Beverage,Bottled water & beverages,High,Name-derived,10
MASAR MEDICAL CO,Medical Supplies,Medical equipment & supplies,High,Name-derived,1
MASEERA TRADING LLC,Trading & Distribution,General trading,Low,Name-derived,2
MASHARIF FOOD INDUSTRIES ONE PERSON COMPANY LLC,Manufacturing - Food,Food production,High,Name-derived,1
MASTER GADGET FZCO,Consumer Electronics,Consumer gadgets trading,High,Name-derived,1
MASTERGLOBAL LOGISTICS LLC,Logistics & Supply Chain,Freight forwarding,High,Name-derived,2
MAX TECHNICAL ELECTRICAL TRADING LLC,Electrical Trading,Electrical products & services,Medium,Name-derived,3
MAXCO ELECTROMECHANICAL LLC,MEP & Electromechanical,MEP contracting & services,Medium,Name-derived,1
MAXPOWER ELECTROMECHANICAL CONTRACTING LLC,MEP & Electromechanical,MEP contracting & services,Medium,Name-derived,1
MBM GULF ELECTROMECHANICAL LLC,MEP & Electromechanical,MEP contracting & services,Medium,Name-derived,11
MCDONALD’S MIDDLE EAST DEVELOPMENT COMPANY (DUBAI BRANCH),Food Service,QSR franchise development,High,Name-derived,5
MECHWAY GLOBAL LLC,Industrial Distribution,Mechanical components for building services & infrastructure,Medium,Web-verified,1
MEDAIT STAR REAL ESTATE LLC,Real Estate,Real estate services,High,Name-derived,3
MEDIA BUILDING MATERIAL TRADING LLC- RAK,Building Materials Trading,Building materials & sanitaryware,Medium,Name-derived,1
MEDIA GENERAL TRADING LLC,Marketing Services,Advertising & marketing,Medium,Name-derived,1
MEDNET LLC,Insurance Services,Third-party health insurance administration,High,Name-derived,1
MEETHAQ EMPLOYMENT AGENCY,HR & Recruitment,Employment agency,High,Name-derived,5
MEETHAQ MANPOWER LLC,HR & Recruitment,Manpower supply,High,Name-derived,1
MEF TECHNICAL SERVICES L.L.C,Technical Services,Technical & maintenance services,Medium,Name-derived,1
MEGA MIC GENERAL TRADING LLC,Trading & Distribution,General trading & wholesale,Medium,Name-derived,1
MEGASTRIKE MIDDLE EAST & AFRICA FZCO,Chemicals Distribution,Polymers & chemicals trading,Medium,Name-derived,3
MEGASTRIKE MIDDLE EAST POLYMERS TRADING LLC,Chemicals Distribution,Polymers trading,High,Name-derived,1
MELDEN ADVISORY DMCC,Professional Services,Corporate / financial advisory,High,Name-derived,3
MERIDIAN EXPRESS LOGISTICS LLC,Logistics & Supply Chain,Freight & logistics,High,Name-derived,1
METRO INTERNATIONAL LLC,Manufacturing - Paper & Packaging,"Drum/can closures, packaging components & filtration",High,Web-verified,3
METRO INTERNATIONAL MEDICAL CENTER PHARMACY L.L.C,Pharmacy Retail,Clinic pharmacy,High,Name-derived,1
MEVAGO BUSINESS RESOURCES EST,Professional Services,Business services,Low,Name-derived,1
MFIVE SERVICES,Unclassified,Insufficient information in name,Low,Name-derived,3
MIDDLE EAST FACTORY L. L. C,Manufacturing,Industrial manufacturing,Low,Name-derived,1
MIDDLE EAST FUJI LLC,Elevators & Escalators,Lift supply & installation,High,Name-derived,3
MIDDLE EAST GROUP (FZE),Trading & Distribution,International trading,Low,Name-derived,1
MIDHAT PASHA CAFE L.L.C,Food Service,Cafe,High,Name-derived,1
MINERAL CIRCLES BEARINGS FZE,Industrial Distribution,Bearings & power transmission,High,Name-derived,10
MIRAJKAR GENERAL TRADING CO LLC,Trading & Distribution,General trading & wholesale,Medium,Name-derived,1
MIRAK ROYAL NATURE FRUITS AND VEGETABLES,Fresh Produce & Grocery,Fruits & vegetables wholesale,Medium,Name-derived,3
MISTER BAKER LLC,Manufacturing - Food,Bakery & cakes,High,Name-derived,4
MIX DESIGN CEMENT PRODUCT TRADING,Building Materials Trading,Cement products,High,Name-derived,1
MIX PARTS L. L. C.,Automotive Parts Trading,Auto spare parts trading (inferred - not found online),Low,Web-verified,1
MK GLOBAL STEEL & TIMBER TRADING FZCO,Steel & Metals Trading,Steel & timber trading,High,Name-derived,1
MMJ SECURITY AND SAFETY,Security Services,Security & safety systems,High,Name-derived,1
MODERN KEY TREND GENERAL TRADING (L.L.C),Trading & Distribution,General trading & wholesale,Medium,Name-derived,3
MODPAK LLC,Manufacturing - Paper & Packaging,Packaging,High,Name-derived,1
MOHAMED ALI MOIDEEN DRUG STORE - FZE,Pharmaceuticals,Pharmaceutical distribution,High,Name-derived,8
MOHAMED ALI MOIDEEN KUTTY GENERAL TRADING L.L.C,Trading & Distribution,General trading & wholesale,Medium,Name-derived,8
MOHAMED MOHIUDEEN GENERAL TRADING COMPANY LLC,Trading & Distribution,General trading & wholesale,Medium,Name-derived,1
MOHAMMAD JAWAD YOUSUF KHOORY,Individual / Personal Account,Named individual / sole trader,Medium,Name-derived,1
MOHAMMAD MATTAR BIN LAHEJ TRADING CO. L.L.C,Trading & Distribution,General trading & wholesale,Medium,Name-derived,1
MOHAMMED ALI GENERAL TRADING LLC,Trading & Distribution,General trading & wholesale,Medium,Name-derived,2
MOHAMMED ALSAEED GENERAL TRADING,Trading & Distribution,General trading & wholesale,Medium,Name-derived,5
MOHD AHMED ZAMIN PIMA TRADING COMPANY LLC,Trading & Distribution,General trading & wholesale,Medium,Name-derived,3
MOHD ALI AL BALOOSHI TRADING LLC,Trading & Distribution,General trading & wholesale,Medium,Name-derived,1
MOHD MANSOOR TRADING L. L. C,Trading & Distribution,General trading & wholesale,Medium,Name-derived,1
MOHD RIYAZ GROUP,Diversified Group,Diversified group,Low,Name-derived,1
MOHEBI LOGISTICS,Logistics & Supply Chain,"3PL, warehousing & distribution",High,Name-derived,3
MOHEBZADA GROUP OF COMPANIES,Diversified Group,Diversified group,Medium,Name-derived,2
MOHIDEEN GENERAL TRADING L.L.C (SOLE PROPRIETORSHIP),Trading & Distribution,General trading & wholesale,Medium,Name-derived,8
MOHIDEEN TRADERS - FISH MARKET,Fresh Produce & Grocery,Fish wholesale,High,Name-derived,1
MOHIDEEN VEGETABLE - AL HABAY FOOD STUFF DIVISION,Fresh Produce & Grocery,Vegetables & foodstuff,High,Name-derived,2
MOIDEEN TRADERS L.L.C.,Trading & Distribution,General trading & wholesale,Medium,Name-derived,2
MORA GENERAL TRADING,Trading & Distribution,General trading & wholesale,Medium,Name-derived,2
MORYA GROUP,Diversified Group,Diversified group,Low,Name-derived,2
MOTIVE INTERNATIONAL TRADING,Trading & Distribution,General trading,Low,Name-derived,1
MQ HOLDING GROUP LLC,Investment & Holding,Holding company,Medium,Name-derived,3
MS ARCHITECTURE & DESIGN,Architecture & Design,Architectural design,High,Name-derived,1
MSHAKEK FOODSTUFF CATERING,Food Service,Catering,High,Name-derived,5
MSHKAK GENERAL TRADING,Trading & Distribution,General trading & wholesale,Medium,Name-derived,1
MTM & O GOLD REFINERY DMCC,Jewellery & Precious Metals,Gold refining,High,Name-derived,1
MUC MIDDLE EAST ENGINEERING CONSULTANCY,Engineering Consultancy,Design & supervision consultancy,High,Name-derived,1
MUDIN AL EMARATE BLDG. CONT LLC,Construction & Contracting,Building & civil contracting,Medium,Name-derived,1
MUDIN AL EMARATE HOSPITALITY,Hospitality,Hospitality services,Medium,Name-derived,2
MULTI COMMERCE FZC,Trading & Distribution,General trading,Low,Name-derived,2
MULTI COMMODITY GENERAL TRADING FZE,Commodity Trading,Commodity trading,Medium,Name-derived,1
MULTI GRAIN TRADING LLC,Commodity Trading,Grain trading,High,Name-derived,1
MULTI PRODUCTS ENTERPRISE L. L. C,Trading & Distribution,General trading,Low,Name-derived,4
MULTI TRADE LIMITED FZC,Trading & Distribution,General trading,Low,Name-derived,4
MULTILINK CONTRACTING L.L.C.,Construction & Contracting,Building & civil contracting,Medium,Name-derived,3
MULTIPLEX CONSTRUCTION LLC,Construction & Contracting,Main contractor,High,Name-derived,4
MUNCHERIE ORGANIC FOOD MANUFACTURING LLC,Manufacturing - Food,Organic food production,High,Name-derived,3
MUSCAT PHARMACEUTICAL TRADING  LLC,Pharmaceuticals,Pharmaceutical distribution,High,Name-derived,6
MUSCUT TECHNICAL EQUIPMENT LLC,Industrial Equipment,Technical equipment supply,Medium,Name-derived,1
NAD SHABEEB WASTE COLLECTION & TRANSPORTING,Recycling & Waste,Waste collection & transport,High,Name-derived,6
NAF CONTRACTING LLC,Construction & Contracting,Building & civil contracting,Medium,Name-derived,1
NAJEEB KADIRI TRADING CO LLC,Trading & Distribution,General trading & wholesale,Medium,Name-derived,3
NAJMAT AL AWEER FRUIT AND VEGETABLES TRADING,Fresh Produce & Grocery,Fruits & vegetables wholesale,Medium,Name-derived,1
NAJMAT YALWAN GENERAL TRADING L.L.C.,Trading & Distribution,General trading & wholesale,Medium,Name-derived,1
NAOS MIDDLE EAST DMCC,Cosmetics & Personal Care,Dermo-cosmetics (Bioderma / NAOS),High,Name-derived,3
NARESCO CONTRACTING L. L. C,Construction & Contracting,Building & civil contracting,Medium,Name-derived,9
NASCO TRADING LLC,Trading & Distribution,General trading,Low,Name-derived,4
NASEEB TEXTILES LLC,Textiles & Apparel Trading,Textile trading,High,Name-derived,1
NASEEM AL RAFAIDIAN TYRES & BATTERIES TRADING,Automotive Parts Trading,Tyres & batteries,High,Name-derived,3
NASEEM AL SAHEL VEGETABLES & FRUITS TRADING L.L.C,Fresh Produce & Grocery,Fruits & vegetables wholesale,Medium,Name-derived,1
NASER MOHD NASER AL SAYER TRADING CO. L.L.C,Trading & Distribution,General trading,Low,Name-derived,3
NASIK FRUITS & VEGETABLES TRADING LLC,Fresh Produce & Grocery,Fruits & vegetables wholesale,Medium,Name-derived,4
NASMAT AL SABAH GENERAL TRADING L.L.C,Trading & Distribution,General trading & wholesale,Medium,Name-derived,4
NASSER SAEED ALHAJRI & PARTNERS CONTRACTING COMPANY L.L.C.,Construction & Contracting,Industrial contracting (NSH),High,Name-derived,2
NATCORE TRADING FZE,Trading & Distribution,General trading & wholesale,Medium,Name-derived,1
NATIONAL ALUMINIUM & STEEL FACTORY (GINCO),Manufacturing - Metals,Aluminium & steel products,High,Name-derived,4
NATIONAL ELECTRICAL SYSTEM FZE.,Electrical Trading,Electrical products & systems,High,Name-derived,1
NATIONAL FLOWER CO. LLC,Florist & Gifts,Flowers wholesale,High,Name-derived,2
NATIONAL HOLDING AND AL MOJIL LLC,Diversified Group,Holding & contracting group,Medium,Name-derived,9
NATIONAL STORE LLC,Retail,Retail & distribution,Medium,Name-derived,4
NEOM PHARMACY - L.L.C - O.P.C,Pharmacy Retail,Community pharmacy,High,Name-derived,1
NEON ENERGY GROUP,Energy,Energy solutions,Medium,Name-derived,2
NETCO NETWORK SECURITY SOLUTIONS LLC,IT Services,Network & cyber security solutions,High,Name-derived,3
NEURO SPINAL HOSPITAL,Healthcare,Specialty hospital - neuro & spine,High,Name-derived,15
NEW AL FARWANIYA SURGICALS & MEDICAL EQUIPMENT L.L.C.,Medical Supplies,Surgical & medical equipment,High,Name-derived,5
NEW BM TRADING LLC,Trading & Distribution,General trading & wholesale,Medium,Name-derived,3
NEW FASHION GALLERY LLC,Retail,Fashion retail,High,Name-derived,2
NEW FASHION TRACK ENTERPRISES LLC,Textiles & Apparel Trading,Fashion trading,Medium,Name-derived,2
NEW GREEN CITY STAR RESTAURANT LLC,Food Service,Restaurant,High,Name-derived,3
NEW POWER ELECTRICAL AND BUILDING MATERIALS - SOLE PROPRIETORSHIP L.L.C.,Building Materials Trading,Building materials & sanitaryware,Medium,Name-derived,1
NEW SYSTEM ENGINEERING LLC,Engineering Services,Engineering services,Medium,Name-derived,3
NEW WORLD CENTER,Unclassified,Insufficient information in name,Low,Name-derived,1
NEW WORLD CO. LLC,Unclassified,Insufficient information in name,Low,Name-derived,2
NEWELL ELECTROMECHANICAL WORKS LLC,MEP & Electromechanical,MEP contracting & services,Medium,Name-derived,1
NIC GALLERY CARPETS & HOME DECOR LLC,Furniture & Interiors,Carpets & home decor,High,Name-derived,2
NICE AUTO SPARE PARTS LLC,Automotive Parts Trading,Vehicle spare parts & accessories,Medium,Name-derived,1
NICE GROUP OF COMPANIES,Diversified Group,Diversified group,Low,Name-derived,1
NIKON MIDDLE EAST FZE,Consumer Electronics,Imaging & optics distribution (Nikon),High,Name-derived,2
NIL GIRI GENERAL TRADING LLC,Trading & Distribution,General trading & wholesale,Medium,Name-derived,3
NINE YARDS SHIPPING & LOGISTICS SERVICES LLC,Logistics & Supply Chain,Shipping & logistics,High,Name-derived,1
NISCO GENERAL CONTRACTING L.L.C,Construction & Contracting,Building & civil contracting,Medium,Name-derived,1
NITIN VENTURES FZE,Trading & Distribution,Commodity / general trading,Low,Name-derived,4
NIYOJAN CONNECTOR OVERSEAS LLP,Trading & Distribution,Export trading,Low,Name-derived,1
NORTH AFRICA SHIPPING CO,Shipping,Shipping & vessel operations,High,Name-derived,6
NORTH CASPIAN TRADING L.L.C,Trading & Distribution,General trading,Low,Name-derived,5
NOVA CHOICE GENERAL TRADING LLC,Trading & Distribution,General trading & wholesale,Medium,Name-derived,1
NSCO CONTRACTING LLC,Construction & Contracting,Building & civil contracting,Medium,Name-derived,3
NUMBER ONE HEAVY EQUIPMENT L.L.C,Heavy Equipment,Heavy equipment,High,Name-derived,1
OASIS STAR TRANSPORT BY HEAVY TRUCKS (L.L.C),Freight Transport,Heavy truck transport,High,Name-derived,1
OBS GROUP LLC,Diversified Group,Diversified group,Low,Name-derived,3
OCARS FOR CAR SPARE PARTS CO. L.L.C,Automotive Parts Trading,Vehicle spare parts & accessories,Medium,Name-derived,1
OHIO GENERAL CONTRACTING LLC,Construction & Contracting,Building & civil contracting,Medium,Name-derived,1
OILEXEC EMPLOYMENT SOLE PROPRIETORSHIP LLC,HR & Recruitment,Oil & gas manpower supply,High,Name-derived,3
OKB FRUITS AND VEGETABLE TRADING LLC,Fresh Produce & Grocery,Fruits & vegetables wholesale,Medium,Name-derived,4
OPORTO MIDDLE EAST,Food Service,QSR franchise,High,Name-derived,3
ORANGE FOODSTUFF TRADING COMPANY LLC,Food & Beverage Trading,Foodstuff wholesale & distribution,Medium,Name-derived,1
ORIENT LINKS CO. LLC,Paper & Packaging Trading,"Paper, board & tissue trading across MEA",High,Web-verified,4
ORIENTAL ESSENCE GENERAL TRADING LLC,Cosmetics & Personal Care,Fragrance / oud trading,Medium,Name-derived,1
OSUS AL-IBDAA MEDICAL COMPANY,Medical Supplies,Medical equipment & supplies,High,Name-derived,1
OTEX MEDICAL EQUIPMENTS TRADING LLC,Medical Supplies,Medical equipment trading,High,Name-derived,2
OTTOKRAFTOR VEHICLES SERVICES CO. LLC,Automotive Services,Vehicle services,High,Name-derived,1
OVERSEAS CANS & CONTAINERS LLC,Manufacturing - Paper & Packaging,Metal cans & containers,High,Name-derived,2
OVERSEAS DISTRIBUTION SERVICES INC,Distribution,Distribution services,Medium,Name-derived,3
OVIYAM INTERNATIONAL PTE LTD,Trading & Distribution,General trading,Low,Name-derived,2
OZONE PHARMACY L.L.C,Pharmacy Retail,Community pharmacy,High,Name-derived,1
PALLETCO LLC,Manufacturing - Paper & Packaging,Pallets manufacturing,High,Name-derived,2
PAN EMIRATES HOME FURNISHINGS LLC,Retail,Furniture & home furnishings retail,High,Name-derived,2
PANAGIA,Unclassified,Insufficient information in name,Low,Name-derived,1
PANAMERA LANDSCAPING L.L.C.,Landscaping,Landscape contracting,High,Name-derived,4
"PARCO GROUP, ABU DHABI REGION",Food & Beverage Trading,FMCG distribution,Medium,Name-derived,2
PARCO MIDDLE EAST LLC,Food & Beverage Trading,FMCG distribution,Medium,Name-derived,2
PARK MY CAR VALET PARKING SERVICES,Automotive Services,Valet parking services,High,Name-derived,1
PEIKKO GULF LLC,Manufacturing - Building Products,Concrete connection technology,High,Name-derived,1
PENTA EMIRATES CONTRACTING LLC,Construction & Contracting,Building & civil contracting,Medium,Name-derived,8
PERFECTION METAL INDUSTRIES LLC,Manufacturing - Metals,Metal products,High,Name-derived,4
PERORIENT BUILDING CONTRACTING LLC,Construction & Contracting,Building & civil contracting,Medium,Name-derived,1
PETROFOSSIL HOLDING FZC,Oil & Gas,Petroleum / energy holding,Medium,Name-derived,1
PETROKAN DMCC,Oil & Gas,Petroleum products trading,High,Name-derived,8
PETRONA GULF DWC LLC,Oil & Gas Services,Oilfield services & supply,High,Name-derived,3
PETRONA GULF PIPING LLC,Oil & Gas Services,Piping & fabrication,High,Name-derived,2
PHARMACY EXCELLENCY GHAYATHI POLY CLINICS L.L.C,Healthcare,Polyclinic & pharmacy,High,Name-derived,1
PHARMAETHICS MEDICAL SUPPLIES LLC,Medical Supplies,Medical supplies,High,Name-derived,1
PHOENIX CONTACT MIDDLE EAST FZ LLC,Manufacturing - Electrical,Industrial connectivity & automation,High,Name-derived,3
PHOENIX GLOBAL VALVE MANUFACTURING LLC,Manufacturing - Machinery,Industrial valves,High,Name-derived,1
PHYSIO-ART,Healthcare,Physiotherapy clinic,High,Name-derived,1
PICASSO GENERAL TRADING LLC,Trading & Distribution,General trading & wholesale,Medium,Name-derived,2
PLANTA LANDSCAPING AND IRRIGATION L.L.C,Landscaping,Landscape & irrigation,High,Name-derived,1
PLUGIN ELECTRICAL TRADING LLC,Electrical Trading,Electrical products & services,Medium,Name-derived,1
PLUS MARINE & ENGINEERING SERVICES FZE,Marine Services,Marine engineering services,High,Name-derived,1
PLUTUS GLOBAL PTE. LTD.,Trading & Distribution,International trading,Low,Name-derived,1
PORTICA GENERAL TRADING LLC,Trading & Distribution,General trading & wholesale,Medium,Name-derived,1
PREMIER AUTO SPARE PARTS LLC,Automotive Parts Trading,Vehicle spare parts & accessories,Medium,Name-derived,1
PREPMEAL RESTAURANT L.L.C,Food Service,Meal prep & delivery,High,Name-derived,1
PRESS PACK TRADING L.L.C,Packaging Trading,Packaging materials trading,High,Name-derived,2
PRIDE CITY GENERAL TRADING LLC,Trading & Distribution,General trading & wholesale,Medium,Name-derived,1
PRIME MIDDLE EAST FZE,Manufacturing - Chemicals,"Industrial, refrigerant, medical & LPG gases",High,Web-verified,4
PRIME PETROLEUM FZC,Oil & Gas,Petroleum products trading,High,Name-derived,2
PRISM TRADING LLC,Trading & Distribution,General trading,Low,Name-derived,3
PRIVATE LIMOUSINE LLC,Passenger Transport,Limousine services,High,Name-derived,1
PROCOAT STEEL SOLUTIONS LLC,Metal Treatment Services,Steel coating & treatment,High,Name-derived,2
PROCON EMIRATES LLC,Construction Services,Fireproofing & surface protection contracting (Muehlhan Group),High,Web-verified,1
PROJECT LINK TRADING AND CONTRACTING WLL,Construction & Contracting,Building & civil contracting,Medium,Name-derived,1
PRONC TRADING LLC,Trading & Distribution,General trading,Low,Name-derived,1
PRONYX TRADING LLC,Trading & Distribution,General trading,Low,Name-derived,1
PROTON ELECTROMECHANICAL CONTRACTING LLC,MEP & Electromechanical,MEP contracting & services,Medium,Name-derived,4
PROTRADE INTERNATIONAL UAE,Trading & Distribution,"Master distributor - tools, electrical, plumbing, HVAC & building materials",High,Web-verified,5
PST PIONEER OILFIELD EQUIPMENT MANUFACTURING LTD,Oil & Gas Services,Oilfield equipment manufacturing,High,Name-derived,1
PT ROTARY ENGINEERING INDONESIA (A ROTARY COMPANY),Oil & Gas Services,EPC for oil & gas storage terminals,High,Name-derived,1
PURANMAL RESTAURANT,Food Service,Restaurant,High,Name-derived,2
PVE CRANES MIDDLE EAST LLC,Industrial Equipment,Cranes & piling equipment,High,Name-derived,5
PX TAC MILITARY EQUIPMENT TRADING COMPANY  LLC,Defence & Security Supply,Military & tactical equipment,High,Name-derived,1
QAIS CONTRACTING & ENGINEERING SERVICES CO. LLC,Construction & Contracting,Building & civil contracting,Medium,Name-derived,1
QASIR AL KHAN USED ELECTRONICS DEVICES TRADING LLC,Consumer Electronics,Used electronics trading,High,Name-derived,1
QASSIM,Unclassified,Insufficient information in name,Low,Name-derived,1
QBURST MIDDLE EAST,Software & ERP,Software development & digital services,High,Name-derived,1
QUALIA ELECTRONICS TRADING LLC,Consumer Electronics,Electronics trading,High,Name-derived,7
QUALITY FABRICATION FZE,Manufacturing - Steel Fabrication,Steel fabrication,High,Name-derived,1
QUALITY INTERNATIONAL CO LTD FZC,Manufacturing - Steel Fabrication,Heavy steel & modular fabrication,High,Name-derived,3
QUALITY KITCHEN EQUIPMENT TRADING LLC,Commercial Kitchen Equipment,Kitchen equipment trading,High,Name-derived,6
QUALITY WIPES LLC,Manufacturing - Paper & Packaging,Wet wipes production,High,Name-derived,1
QUANTUM INDUSTRIES LLC,Manufacturing,Industrial manufacturing,Low,Name-derived,5
R A Q CONTRACTING CO.LLC,Construction & Contracting,Building & civil contracting,Medium,Name-derived,1
RADIANT FILTERS TRADING CO LLC,Industrial Distribution,Filters & filtration products,High,Name-derived,1
RAK FISH AND FOOD DRYING LLC,Manufacturing - Food,Fish & food drying,High,Name-derived,3
RAK PORTS SUPPLY CHAIN SOLUTIONS LLC,Logistics & Supply Chain,Port-based supply chain services,High,Name-derived,11
RAK PROPERTIES CO PJSC,Real Estate,Master developer (listed),High,Name-derived,2
RAMAH GENERAL CONTRACTING & TRANSPORT LLC- S.P.C,Freight Transport,Road transport & haulage,Medium,Name-derived,5
RAMESH HIRA,Individual / Personal Account,"Named individual, not a company",Medium,Name-derived,7
RAMTECH SOFTWARE SOLUTIONS PRIVATE LIMITED,Software & ERP,Software development services,High,Name-derived,3
RANA MEDICAL CENTER PHARMACY,Pharmacy Retail,Clinic pharmacy,High,Name-derived,1
RAPID IMPACT COMPACTION CONTRACTING L.L.C,Construction Services,Ground improvement,High,Name-derived,1
RAVON INTERNATIONAL GENERAL TRADING LLC,Trading & Distribution,General trading & wholesale,Medium,Name-derived,1
RAVON OFF ROAD PERFORMANCE AUTO REPAIRING GARAGE LLC,Automotive Services,Vehicle repair garage,High,Name-derived,1
RAYWOOD COMMUNICATIONS L. L. C.,Telecommunications,Communications services,Medium,Name-derived,1
RBI HAWKER,Unclassified,Insufficient information in name,Low,Name-derived,6
RBIH MIDDLE EAST FZE,Unclassified,Insufficient information in name,Low,Name-derived,1
RECHARGE QATAR W.L.L.,Telecommunications,Prepaid / recharge services,Medium,Name-derived,1
RED SEA HOUSING SERVICES COMPANY FZE,Manufacturing - Modular Buildings,Modular / portable accommodation,High,Name-derived,11
RELIABLE BUILDING MATERIAL TRADING L.L.C.,Building Materials Trading,Building materials & sanitaryware,Medium,Name-derived,3
RESURGENT AV INTEGRATORS PVT. LTD,AV & Systems Integration,Audio-visual systems integration,High,Name-derived,6
RETAIL & BEYOND COMMERCIAL INVESTMENT L.L.C,Retail,Retail investment & operations,Medium,Name-derived,2
RETRO 7 CAFE,Food Service,Cafe,High,Name-derived,1
REVI REAL ESTATE DEVELOPMENT,Real Estate,Property development,High,Name-derived,2
RFM LOYALTY CO. LLC,Marketing Services,Loyalty & CRM programmes,High,Name-derived,1
RGM INTERNATIONAL GROUP LLC,Trading & Distribution,International trading,Low,Name-derived,2
RHEIN TOBACCO INTERNATIONAL FZ LLC,Manufacturing - Tobacco,Tobacco trading & manufacturing,High,Name-derived,4
RHINO INTERNATIONAL AUTO PARTS TRADING LLC,Automotive Parts Trading,Vehicle spare parts & accessories,Medium,Name-derived,3
RHINO STEEL INDUSTRIES & COATING LLC,Manufacturing - Steel Fabrication,Steel products & coating,High,Name-derived,1
RIDA MIDDLE EAST GENERAL TRADING FZCO,Trading & Distribution,General trading,Medium,Name-derived,1
RIDA MIDDLE EAST VEHICLE BODIES MANUFACTURING LLC,Manufacturing - Automotive,Vehicle body building,High,Name-derived,8
RIDGE GROUP,Diversified Group,Diversified group,Low,Name-derived,2
RIGHT CHOICE EQUIPMENT TRADING LLC,Industrial Equipment,Equipment trading,Medium,Name-derived,2
RIGHT CHOICE GENERAL TRADING,Trading & Distribution,General trading & wholesale,Medium,Name-derived,1
RIGHT CHOICE GENERAL TRADING L.L.C.,Trading & Distribution,General trading & wholesale,Medium,Name-derived,1
RIGHT FARM GENERAL TRADING LLC,Agriculture,Agriculture & agri-inputs,Medium,Name-derived,1
RINUM INTERNATIONAL TRADING LLC,Trading & Distribution,General trading & wholesale,Medium,Name-derived,2
RIOT ART,Media & Entertainment,Art / creative studio,Low,Name-derived,1
RITTAL FZE,Manufacturing - Electrical,Enclosures & IT infrastructure (Rittal),High,Name-derived,5
RME MIDDLE EAST FZCO,Industrial Distribution,Welding consumables & CNC / steel fabrication equipment (Rywal-RHC),High,Web-verified,5
ROAMWORKS TRADING LLC,IoT & Telematics,Asset tracking & fleet telematics,High,Name-derived,6
ROBODH CONTRACTING L. L. C.,Construction & Contracting,Building & civil contracting,Medium,Name-derived,1
ROBODH-DHEERAJ JOINT VENTURE,Construction & Contracting,Contracting joint venture,High,Name-derived,1
ROCHAS TRADING LLC,Trading & Distribution,General trading & wholesale,Medium,Name-derived,3
ROCKANY INDUSTRIES LLC,Manufacturing,Industrial manufacturing,Low,Name-derived,1
ROLMAN WORLD FZE,Industrial Distribution,"Bearings, power transmission & auto/industrial spare parts (NSK master distributor)",High,Web-verified,2
ROMA PROPERTY MANAGEMENT & GENERAL MAINTENANCE - SOLE PROPRIETORSHIP L.L.C.,Facilities Management,Property management & maintenance,High,Name-derived,1
ROOFINGS MIDDLE EAST FZC,Manufacturing - Building Products,Roofing systems,High,Name-derived,2
ROSE PARIS FLOWERS & GIFTS - ONE PERSON COMPANY LLC,Florist & Gifts,Flowers & gifts retail,High,Name-derived,1
ROSTOCK AUTO SPARE PARTS LLC CENTER,Automotive Parts Trading,Vehicle spare parts & accessories,Medium,Name-derived,6
ROTARY ENGINEERING FUJAIRAHFZE,Oil & Gas Services,EPC for oil & gas storage terminals,High,Name-derived,15
ROVE AUTOMATION & INSTAL. WORKS L.L.C,Industrial Automation,Automation & installation,High,Name-derived,2
ROVE ELECTRIC LLC,Electrical Trading,Electrical products & services,Medium,Name-derived,2
ROY PAUL,Individual / Personal Account,"Named individual, not a company",Medium,Name-derived,1
ROYAL ATLAS GENERAL TRANSPORT SOLE PROPRIETORSHIP LLC,Freight Transport,Road transport,High,Name-derived,2
ROYAL FRUIT LLC,Fresh Produce & Grocery,Fruits & vegetables wholesale,Medium,Name-derived,3
ROYAL MELODY CAR PARK RENTAL AND MANAGEMENT LLC,Automotive Services,Parking management,High,Name-derived,2
ROYAL PHARMACEUTICAL DRUG STORE LLC,Pharmaceuticals,Pharmaceutical distribution,High,Name-derived,2
RSG GLOBAL LLC,Cold Storage & Warehousing,Temperature-controlled / frozen foodstuff warehousing,High,Web-verified,3
RTC TECHNICAL TRADING  LLC- SPC,Trading & Distribution,General trading & wholesale,Medium,Name-derived,1
RUKIN AL BASMAH BUILDING CONTRACTING LLC,Construction & Contracting,Building & civil contracting,Medium,Name-derived,1
RVS GROUP,Diversified Group,Diversified group,Low,Name-derived,5
S H T C TRADING L.L.C,Trading & Distribution,General trading & wholesale,Medium,Name-derived,1
"S.K ALLIED INTERNATIOANL L.L,C",Retail,Food retail,Medium,Web-verified,1
S W M E CONTROL SYSTEMS TRADING LLC,Industrial Automation,Control systems supply,High,Name-derived,2
SAAD PRECAST LLC,Manufacturing - Building Products,Precast concrete,High,Name-derived,3
SAADCO GROUP,Diversified Group,Diversified group,Low,Name-derived,1
SAAS HEALTH CARE INVESTMENT L.L.C,Healthcare,Healthcare investment & operations,Medium,Name-derived,2
SACOOR BROTHERS GROUP,Retail,Fashion retail chain,High,Name-derived,1
SADAT FOODSTUFF TRADING L.L.C.,Food & Beverage Trading,Foodstuff wholesale & distribution,Medium,Name-derived,1
SAEED ALZAABI GENERAL TRADING LLC,Trading & Distribution,General trading & wholesale,Medium,Name-derived,1
SAEED ALZAABI TYRE FACTORY LLC.,Manufacturing - Automotive,Tyre retreading / production,High,Name-derived,2
SAEED SALEM KHALFAN SSK ENTERPRISES LLC,Trading & Distribution,General trading & wholesale,Medium,Name-derived,1
SAFA TRADING,Trading & Distribution,General trading,Low,Name-derived,1
SAFE LINE ELECTRICAL & MECHANICAL LLC,Electrical Trading,Electrical products & services,Medium,Name-derived,1
SAFE LINE GROUP OF COMPANIES LLC,Diversified Group,Electromechanical & trading group,Medium,Name-derived,6
SAFETY ELECTRICAL TRADING COMPANY,Electrical Trading,Electrical products & services,Medium,Name-derived,1
SAFINAT AL SAHRAA TRADING CO. L.L.C,Trading & Distribution,General trading & wholesale,Medium,Name-derived,5
SAIGOL & GULF LIMITED COMPANY LLC,Food & Beverage Trading,"Snacks, crisps, biscuits & rice distribution",High,Web-verified,5
SALALAH FUTURE TRADING,Trading & Distribution,General trading,Low,Name-derived,2
SAMA ALKHAIR FOOD & BEVERAGES TRADING CO. LLC,Food & Beverage Trading,Food & beverage trading,High,Name-derived,1
SAQR PORT AUTHORITY,Ports & Terminals,Bulk port operations,High,Name-derived,3
SARGODHA ORGANIC AGRI PRODUCT VEGETABLES & FRUITS TRADING L.L.C,Fresh Produce & Grocery,Fruits & vegetables wholesale,Medium,Name-derived,1
SAT INVESTMENTS LLC,Investment & Holding,Investment company,Medium,Name-derived,1
SAUD SHEHATHA CONSTRUCTION LLC,Construction & Contracting,Building & civil contracting,Medium,Name-derived,5
SAVER GROCERY FOOD STUFF TRADING LLC,Retail,Grocery retail,High,Name-derived,1
SCI INTERNATIONAL TRADING L.L.C,Trading & Distribution,General trading & wholesale,Medium,Name-derived,1
SEA FAST MARINE SERVICES LLC,Marine Services,Marine services,High,Name-derived,1
SEA WORLD FISH PROCESSING LLC,Manufacturing - Food,Seafood processing,High,Name-derived,2
SEEGENE MIDDLE EAST FZE,Medical & Diagnostics,Molecular diagnostics (Seegene),High,Name-derived,2
SEIDCO GENERAL CONTRACTING,Construction & Contracting,General contracting,High,Name-derived,3
SEVEN DAYS EQUIPMENT MAINTENANCE LLC,Equipment Maintenance,Equipment maintenance,High,Name-derived,3
SEVEN EMIRATES INVESTMENT LLC,Investment & Holding,Investment company,Medium,Name-derived,5
SEVEN EMIRATES PLASTIC CONTAINER TRADING LLC,Packaging Trading,Plastic containers trading,High,Name-derived,3
SHAKER ALI AL-SAMAD TRADING Co.,Trading & Distribution,General trading,Low,Name-derived,1
SHAN GLOBAL TECHNICAL SERVICES LLC,Technical Services,Technical & maintenance services,Medium,Name-derived,3
SHAPOORJI PALLONJI INTERNATIONAL FZ,Construction & Contracting,Large-scale EPC contractor,High,Name-derived,3
SHARIF HASSAN ALI TRADING LLC,Trading & Distribution,General trading & wholesale,Medium,Name-derived,5
SHATRY TRADING ESTABLISHMENT,Trading & Distribution,General trading,Low,Name-derived,1
SHINEJOIN WEB DESIGN LLC,Marketing Services,Web design & digital,High,Name-derived,2
SHIRIN ASAL MIDDLE EAST GENERAL TRADING LLC,Trading & Distribution,General trading & wholesale,Medium,Name-derived,1
SHOKRI HASSAN TRADING CO. L. L. C.,Trading & Distribution,General trading & wholesale,Medium,Name-derived,3
"SHOWTECH SOUND, LIGHTING AND SUPPORT SYSTEMS",AV & Systems Integration,Event sound & lighting systems,High,Name-derived,4
SHRUNGI GENERAL TRADING LLC,Trading & Distribution,General trading & wholesale,Medium,Name-derived,2
SIGMA ELECTROMECHANICAL TRADING LLC,MEP & Electromechanical,MEP contracting & services,Medium,Name-derived,6
SIGMA INTEGRATED TECHNICAL SERVICES,Technical Services,Technical & maintenance services,Medium,Name-derived,2
SILK LAND STAR TRADING L.L.C.,Textiles & Apparel Trading,Furnishing fabrics & textiles,High,Name-derived,1
SILK LAND TRADING FZCO,Textiles & Apparel Trading,Furnishing fabrics & textiles,High,Name-derived,9
SILKLAND FURNISHING PRIVATE LTD - BANGALORE,Textiles & Apparel Trading,Furnishing fabrics,High,Name-derived,1
SILKLAND TRADING L.L.C.,Textiles & Apparel Trading,Furnishing fabrics & textiles,High,Name-derived,12
SILVER ARCADE LINEN LLC,Textiles & Apparel Trading,Linen & home textiles,High,Name-derived,4
SILVER ROCK FRAMING GALLERY LLC,Retail,Art framing & gallery,High,Name-derived,1
SILVERTECH ENGINEERING LLC,Engineering Services,Engineering services,Medium,Name-derived,5
SINOTRANS MIDDLE EAST FZE (BRANCH),Logistics & Supply Chain,Freight forwarding (Sinotrans),High,Name-derived,1
SIRALI RESTAURANT LLC,Food Service,Restaurant,High,Name-derived,1
SKY CITY READYMADE GARMENTS TRADING LLC,Textiles & Apparel Trading,Readymade garments trading,High,Name-derived,1
SKY HIGH HR PROVISION SERVICES- LLC- SPC,HR & Recruitment,HR services,High,Name-derived,1
SKY JEWELLERY,Jewellery & Precious Metals,Jewellery retail,High,Name-derived,2
SKY STEEL SYSTEMS LLC,Manufacturing - Steel Fabrication,Steel structures,High,Name-derived,3
SKY TRADING FZE,Trading & Distribution,General trading & wholesale,Medium,Name-derived,1
SKYMAT BUILDING MATERIALS TRADING L.L.C,Building Materials Trading,Building materials & sanitaryware,Medium,Name-derived,4
SMART INSULATION FINISHING SYSTEMS LLC,Construction Services,Insulation & finishing systems,High,Name-derived,3
SMART MOBILE SOLUTIONS,IT Services,Mobile technology solutions,Medium,Name-derived,1
SMART PHARMA TRADING LLC,Pharmaceuticals,Pharmaceutical distribution,High,Name-derived,3
SMART TOUCH FOODSTUFF TRADING LLC,Food & Beverage Trading,Foodstuff wholesale & distribution,Medium,Name-derived,1
SMART ZONE HEAVY EQUIPMENT RENTAL LLC,Equipment Rental,Heavy equipment rental,High,Name-derived,2
SMARTLIFT HANDLING LOADING & LIFTING EQUIPMENT RENTAL L.L.C,Equipment Rental,Lifting equipment rental,High,Name-derived,1
SNH Packing General Trading LLC,Packaging Trading,Packaging materials trading,High,Name-derived,4
SNOWHITE GARMENTS L.L.C.,Manufacturing - Textiles,Uniforms & workwear,High,Name-derived,3
SOFT & HYGIENIC PAPER MANUFACTURING LLC,Manufacturing - Paper & Packaging,Tissue & hygiene paper,High,Name-derived,4
SOIL STORE FOODSTUFF TRADING,Food & Beverage Trading,Foodstuff wholesale & distribution,Medium,Name-derived,4
SOLICO FIBERGLASS FACTORY LLC,Manufacturing - Plastics,FRP / fiberglass products,High,Name-derived,3
SOUNDME WORLD FZE,Consumer Electronics,Audio products trading,High,Name-derived,1
SOUTH LINK INTERNATIONAL FOODSTUFF LLC,Food & Beverage Trading,Foodstuff wholesale & distribution,Medium,Name-derived,4
SOUVENIR POTATOES TRADING CO. LLC,Fresh Produce & Grocery,Fruits & vegetables wholesale,Medium,Name-derived,2
SPACE AAM GENERAL TRADING LLC,Trading & Distribution,General trading & wholesale,Medium,Name-derived,2
SPACE LAND TECHNICAL SERVICES,Technical Services,Technical & maintenance services,Medium,Name-derived,2
SPACEAGE ELECTRICAL SWITCHGEAR CO. WLL,Manufacturing - Electrical,LV switchgear panels,High,Name-derived,3
SPECTRUM HEARTS THERAPEUTIC CENTER,Healthcare,Therapy & rehabilitation centre,High,Name-derived,1
SPECTRUM INT’L L.L.C,Trading & Distribution,General trading,Low,Name-derived,1
SPEED BLAST TRADING LLC,Industrial Distribution,Blasting equipment & abrasives,High,Name-derived,1
SPEEDY TECHNICAL SERVICES (BR OF ABDULWAHED BIN SHABIB INVESTMENT GROUP LLC),Technical Services,Technical / maintenance services,High,Name-derived,2
SPOT SHOES TRADING,Textiles & Apparel Trading,Footwear trading,High,Name-derived,4
SREE CHEMTECH FZE,Chemicals Distribution,Specialty chemicals trading,High,Name-derived,3
SRQ TRADING COMPANY LLC,Trading & Distribution,General trading & wholesale,Medium,Name-derived,2
STAHL CRANE SYSTEMS FZE,Manufacturing - Machinery,Hoists & crane components,High,Name-derived,4
STALLION ON DEMAND LABOR SUPPLY LLC,HR & Recruitment,Labour supply,High,Name-derived,3
STANDARD ACCESS SCAFFOLDING CONTRACTING LLC,Construction Services,Scaffolding & access,High,Name-derived,4
STANDARD SANITARY WARES SHOP,Building Materials Trading,Building materials & sanitaryware,Medium,Name-derived,2
STANFORD MARINE L. L. C,Marine Services,OSV ownership & marine services,High,Name-derived,1
STAR CITY AUTOS SPARE PARTS TRADING LLC,Automotive Parts Trading,Vehicle spare parts & accessories,Medium,Name-derived,1
STAR PACK PACKAGING INDUSTRY.L.L.C,Manufacturing - Paper & Packaging,Packaging production,High,Name-derived,1
STAR SECURITY SERVICES LLC,Security Services,Manned guarding,High,Name-derived,1
STAR SERVICES LLC,HR & Recruitment,Manpower supply & outsourcing,High,Name-derived,6
STAR SERVICES OUTSOURCING CONSULTANTS LTD. COMPANY,HR & Recruitment,Manpower outsourcing,High,Name-derived,1
STAR X AUTO TRADE FZCO,Automotive Retail,Vehicle trading,High,Name-derived,1
STATUS 67 AUTO REPAIR LLC,Automotive Services,Vehicle repair garage,High,Name-derived,2
STERLING SITES FZCO,Building Materials Trading,"Ladders, adhesives, abrasives, hardware & sanitaryware",High,Web-verified,5
STREAM ENERGY DEVELOPMENT - SOLE PROPRIETORSHIP L.L.C.,Energy,Energy project development,Medium,Name-derived,2
STREAM RECRUITMENT– SOLE PROPRIERSHIP LLC,HR & Recruitment,Recruitment services,High,Name-derived,1
SUCDEN MIDDLE EAST,Commodity Trading,Soft commodities - sugar & cocoa,High,Name-derived,4
SUDHIR GENSETS FZE,Power Generation Equipment,Diesel generating sets,High,Name-derived,3
SUHOL AL FAYHA TRADING LLC,Trading & Distribution,General trading & wholesale,Medium,Name-derived,8
SULTHAN STONES LLC,Building Materials Trading,Natural stone supply,High,Name-derived,1
SUMMER CRESCENT TRADING COMPANY,Trading & Distribution,General trading,Low,Name-derived,1
SUNBEAM INTERNATIONAL FOODSTUFF TRADING LLC,Food & Beverage Trading,Foodstuff wholesale & distribution,Medium,Name-derived,1
SUNDUS RECRUITMENT & OUTSOURCING SERVICES LLC,HR & Recruitment,Recruitment & outsourcing,High,Name-derived,3
SUNNY FRESH TRADING LLC,Trading & Distribution,General trading & wholesale,Medium,Name-derived,1
SUNTECH BUSINESS SOLUTIONS,IT Services,Business software & IT solutions,Medium,Name-derived,4
SWISS CHOCOLATE FACTORY LLC,Manufacturing - Food,Chocolate & confectionery,High,Name-derived,1
SWISS WATCH GROUP LLC,Luxury Retail,Watch retail & distribution,High,Name-derived,1
SWISS WATCH HOUSE L.L.C.,Luxury Retail,Watch retail,High,Name-derived,6
SWITCH FOODSTUFF TRADING CO. LLC,Food & Beverage Trading,Foodstuff wholesale & distribution,Medium,Name-derived,3
SWITCHGEAR ELECTRO MECHANICAL LLC,MEP & Electromechanical,Switchgear & electromechanical works,High,Name-derived,2
T.M.F EURO FOUNDATIONS (L.L.C),Construction Services,Piling & foundations,High,Name-derived,2
TAAZA QUALITY FOODSTUFF TRADING LLC,Food & Beverage Trading,Foodstuff wholesale & distribution,Medium,Name-derived,3
TABBARA ELECTRONICS LLC,Consumer Electronics,Electronics distribution,High,Name-derived,3
TAF HOUSE MATERIAL LLC,Building Materials Trading,Building materials & sanitaryware,Medium,Name-derived,2
TAIF AL MADINA CONTRACTING LLC,Construction & Contracting,Building & civil contracting,Medium,Name-derived,9
TALENT VISION COMPANY,HR & Recruitment,Recruitment services,High,Name-derived,3
TAMM GENERAL TRADING LLC,Trading & Distribution,General trading & wholesale,Medium,Name-derived,2
TANWEER GROUP SA,Trading & Distribution,International trading,Low,Name-derived,4
TAQNIAT INTELLIGENT SOLUTIONS,IT Services,Technology solutions integrator,Medium,Name-derived,8
TAWOOS AGRICULTURE (UAE) LLC,Agriculture,Agricultural production & services,High,Name-derived,6
TEAM STAR SPARE PARTS L.L.C,Automotive Parts Trading,Vehicle spare parts & accessories,Medium,Name-derived,2
TEAM TWENTY ONE AUTO REPAIRING,Automotive Services,Vehicle repair garage,High,Name-derived,1
TECHNICAL RESOURCES LLC,Industrial Equipment,"Equipment sales, service, plant hire & workshops (Albwardy Group)",High,Web-verified,5
TECHNO MARINE EQUIPMENT SERVICES LLC,Marine Services,Marine equipment services,High,Name-derived,3
TECHNO POWER ARABIA COMPANY,Electrical Trading,Electrical products & services,Medium,Name-derived,2
TECHNOMECH ELECTROMECHANICAL WORKS LLC,MEP & Electromechanical,MEP contracting & services,Medium,Name-derived,1
TECHNOSERVE TRADING CO. LLC,Trading & Distribution,General trading & wholesale,Medium,Name-derived,4
TEE DEE INTERNATIONAL FZE,Trading & Distribution,General trading,Low,Name-derived,1
TEE DEE METAL SOLUTIONS FZE,Manufacturing - Metals,Metal products,Medium,Name-derived,1
TEE DEE METALS LLC,Manufacturing - Metals,Metal products,Medium,Name-derived,1
TEE DEE TECHNOLOGIES LLC,Trading & Distribution,Technical products trading,Low,Name-derived,1
TEE DEE TRADING L.L.C,Trading & Distribution,General trading,Low,Name-derived,1
TELAL ENGINEERING & CONTRACTING L.L.C,Construction & Contracting,Building & civil contracting,Medium,Name-derived,3
TELEPHONY TELECOM TECHNOLOGIES,Telecommunications,Telecom systems & services,High,Name-derived,5
TERRASOL HOSPITALITY SERVICES,Hospitality,Hospitality services,Medium,Name-derived,2
TERZETTO,Timber & Wood Trading,Hardwood & teak timber trading (Terzetto Group),Medium,Web-verified,1
TERZETTO OVERSEAS DMCC,Timber & Wood Trading,Hardwood & teak timber trading (Terzetto Group),High,Web-verified,4
THAKKAR TRADING CO.L. L. C,Trading & Distribution,General trading & wholesale,Medium,Name-derived,4
THE H HOTEL LLC,Hospitality,Hotel,High,Name-derived,3
THE IMPERIAL SUITES HOTEL,Hospitality,Hotel,High,Name-derived,1
THE INDIAN HIGH SCHOOL,Education,K-12 private school,High,Name-derived,3
THE LEATHER DOCTOR,Repair Services,Leather & upholstery repair,High,Name-derived,1
THE PAVILION FOOD PROCESSING LLC,Manufacturing - Food,Food processing,High,Name-derived,5
THE PRODUCTION HUB L.L.C,Media & Entertainment,Video / event production,High,Name-derived,4
THREEZONE GENERAL TRADING LLC,Trading & Distribution,General trading & wholesale,Medium,Name-derived,1
TILES AND BATH BUILDING MATERIALS LLC,Building Materials Trading,Building materials & sanitaryware,Medium,Name-derived,1
TIME BRIDGE FZCO,Unclassified,Searched - no public business description found,Low,Web-verified,4
TJJ & Co.,Unclassified,Insufficient information in name,Low,Name-derived,1
TODAY  LIGHT TRADING L. L. C,Electrical Trading,Lighting products,High,Name-derived,1
TOGETHER TEXTILES (CHINA),Textiles & Apparel Trading,Textile sourcing & supply,High,Name-derived,3
TOP LINK CONTRACTING & GENERAL TRANSPORT LLC,Freight Transport,Road transport & haulage,Medium,Name-derived,25
TOP STAR TRADING LLC,Trading & Distribution,General trading & wholesale,Medium,Name-derived,5
TOPCOAT TRADING LLC,Building Materials Trading,Paints & coatings,High,Name-derived,4
TOROS SKY FOODSTUFF TRADING CO,Food & Beverage Trading,Foodstuff wholesale & distribution,Medium,Name-derived,1
TR88HOUSE RESTAURANT AND ENTERTAINMENT CENTER LLC,Food Service,Restaurant & entertainment venue,High,Name-derived,3
TRANSCAP SHIPPING LINE LLC,Shipping,Shipping line / agency,High,Name-derived,1
TRI STAR GULF FZCO,Building Materials Trading,Building & interiors products trading,Low,Web-verified,3
TRIAD SOFTWARE SERVICES,Software & ERP,Software development services,High,Name-derived,2
TRITON FOODS LLC,Food & Beverage Trading,Foodstuff distribution,Medium,Name-derived,3
TRITON MIDDLE EAST LLC,Manufacturing - Chemicals,"Sealants, waterproofing & protective coatings",High,Web-verified,4
TROPILAND FOODSTUFF TRADING LLC,Food & Beverage Trading,Foodstuff wholesale & distribution,Medium,Name-derived,1
TUNES INTERIOR DECORATION,Fit-Out & Joinery,Interior decoration,High,Name-derived,2
TWAM AGRICULTURE,Agriculture,Agricultural production,Medium,Name-derived,1
U A E ENTERPRISES BUILDING MATERIAL TRADING L.L.C,Building Materials Trading,Building materials & sanitaryware,Medium,Name-derived,1
ULTIMATE AUTO SPARE PARTS L. L. C.,Automotive Parts Trading,Vehicle spare parts & accessories,Medium,Name-derived,2
ULTIMATE BUSINESS SOLUTION LLC,IT Services,Business software & IT solutions,Medium,Name-derived,1
UMAI BAN GROUP OF COMPANY LLC,Diversified Group,Diversified group,Medium,Name-derived,1
UMCO TRADING L.L.C,Trading & Distribution,General trading & wholesale,Medium,Name-derived,3
UMER ALI TRADING LLC,Trading & Distribution,General trading & wholesale,Medium,Name-derived,1
UNGER STEEL FABRICATION FZE,Manufacturing - Steel Fabrication,Structural steel construction,High,Name-derived,3
UNGER STEEL MIDDLE EAST FZE,Manufacturing - Steel Fabrication,Structural steel construction,High,Name-derived,6
UNI ARAB ENGINEERING & OILFIELD SERVICES,Oil & Gas Services,Oilfield engineering services,High,Name-derived,3
UNIMAR MARBLE FACTORY,Manufacturing - Building Products,Marble processing,High,Name-derived,2
UNIQUE COURIER CARGO SERVICE LLC,Logistics & Supply Chain,Courier & cargo,High,Name-derived,1
UNITED COMPANY VETERINARY MEDICINES IND. L.L.C.,Pharmaceuticals,Veterinary medicines manufacturing,High,Name-derived,1
UNITED NATIONS DEVELOPMENT PROGRAMME,Government & NGO,UN development agency,High,Name-derived,5
UNITED QUARRIES,Mining & Quarrying,Aggregates & quarry products,High,Name-derived,1
UNITED TECHNOLOGY & TRADING Co.,Trading & Distribution,General trading & wholesale,Medium,Name-derived,4
UNIVERSAL BLUE OCEAN CONSULTANT,Professional Services,Business consultancy,Medium,Name-derived,3
URBAN LINES STATIONERY TRADING LLC,Retail,Retail operations,Medium,Name-derived,2
VALCROM GLOBAL DWC LLC,Industrial Distribution,"Valves, actuators, pipes, flanges & gaskets for oil, gas & water",High,Web-verified,1
VALIANT PACIFIC LLC,Marine Services,Offshore & marine support services,High,Name-derived,4
VALLEY GARDEN TRADING LLC,Trading & Distribution,General trading & wholesale,Medium,Name-derived,3
VEE PEE TRADING LLC,Trading & Distribution,General trading & wholesale,Medium,Name-derived,1
VEEMA UK LIMITED T/AS RUPALI,Food & Beverage Trading,Food brand / distribution,Low,Name-derived,3
VEGANIC FRUITS AND VEGETABLES TRADING LLC,Fresh Produce & Grocery,Fruits & vegetables wholesale,Medium,Name-derived,1
VENDOME TEA DMCC,Food & Beverage Trading,Tea trading & branding,High,Name-derived,3
VEXUS INTERIORS L.L.C.,Fit-Out & Joinery,Interior fit-out,High,Name-derived,4
VICTORIA INTERNATIONAL SCHOOL OF SHARJAH,Education,K-12 international school,High,Name-derived,5
VIGNESH VEGETABLES & FRUITS TRADING,Fresh Produce & Grocery,Fruits & vegetables wholesale,Medium,Name-derived,3
VINIRMA TEXTILES EXPORTS PRIVATE LIMITED,Textiles & Apparel Trading,Textile export,High,Name-derived,1
VIPUL KUMAR TRADING L.L.C,Trading & Distribution,General trading & wholesale,Medium,Name-derived,2
VISION CONSTRUCTION LLC,Construction & Contracting,Building & civil contracting,Medium,Name-derived,2
VISION PLUS,Unclassified,Insufficient information in name,Low,Name-derived,1
VISIUN TRADING AND LOGISTICS FZE,Logistics & Supply Chain,Trading & logistics,Medium,Name-derived,1
VIVANTA GENERAL TRADING LLC,Trading & Distribution,General trading & wholesale,Medium,Name-derived,2
VIVENTUM INTERNATIONAL W.L.L,Pharmaceuticals,"Pharma, medical device & FMCG distribution (Qatar)",High,Web-verified,1
VMP CONSULTANCY,Professional Services,Business consultancy,Medium,Name-derived,3
VR TECHNICAL SERVICES LLC,Technical Services,Technical & maintenance services,Medium,Name-derived,3
VTS CLIMA WLL,Manufacturing - HVAC,Air handling units & HVAC,High,Name-derived,1
VTS MEA AIR CONDITION TRADING CO LLC,HVAC Trading,Air conditioning equipment,High,Name-derived,1
VUEGA  PACKING INDUSTRIES,Manufacturing - Paper & Packaging,Packaging production,High,Name-derived,6
WADI AL TAIEF EGGS TRADING LLC,Fresh Produce & Grocery,Eggs wholesale,High,Name-derived,3
WAHA FRUITS TRADING COMPANY,Fresh Produce & Grocery,Fruits & vegetables wholesale,Medium,Name-derived,3
WATER SEAL INSULATION MATERIAL CONTRACTING COMPANY LLC,Construction Services,Waterproofing & insulation,High,Name-derived,8
WATERLINE IT SOLUTIONS FZE,IT Services,IT solutions & services,High,Name-derived,1
WATT ELECTRICALS EST.,Electrical Trading,Electrical products & services,Medium,Name-derived,2
WEATHER GULF AIR CONDITION TRADING LLC,HVAC Trading,Air conditioning equipment,High,Name-derived,1
WEIR OIL & GAS,Oil & Gas Services,Pressure pumping equipment & aftermarket,High,Name-derived,6
WELL WORTH FOOD STUFF TRADING LLC,Food & Beverage Trading,Foodstuff wholesale & distribution,Medium,Name-derived,1
WELLCARE PASSENGER TRANSPORT BY LUXURY CAR LLC,Passenger Transport,Chauffeur services,High,Name-derived,1
WHITE ALUMINIUM COMPANY LLC,Manufacturing - Building Products,Aluminium & glass facades,High,Name-derived,5
WHITE LABEL L.L.C,Food Service,"F&B / hospitality group (Billionaire Mansion, Epicure Catering, Cirque le Soir)",High,Web-verified,4
WHITE LINE LIMOUSINE LLC,Passenger Transport,Limousine services,High,Name-derived,1
WINGS POWER SOLUTIONS,Power Generation Equipment,Power / generator solutions,Medium,Name-derived,1
WOCO TECH LTD FZC,Technology,Technology products & solutions,Medium,Name-derived,5
WOODFLOORS MIDDLE EAST L.L.C,Furniture & Interiors,Wood flooring supply,High,Name-derived,2
WOODLEM EDUCATION,Education,School group,High,Name-derived,1
WORKFORCE CONNEXIION LLC,HR & Recruitment,Manpower supply,High,Name-derived,2
WORLD WIDE TRADERS OWNED BY ISMAIL AQIL JANAHI ONE PERSON COMPANY LLC,Trading & Distribution,General trading & wholesale,Medium,Name-derived,1
WORLEY ENGINEERING PTY LIMITED,Engineering Consultancy,Energy & resources EPCM (Worley),High,Name-derived,5
WORLEY OMAN ENGINEERING LLC,Engineering Consultancy,Energy & resources EPCM (Worley),High,Name-derived,1
WORLEY WLL,Engineering Consultancy,Energy & resources EPCM (Worley),High,Name-derived,1
WORLEYPARSONS CONSULTANCY & PROJECTS MANAGEMENT CO. W.L.L.,Engineering Consultancy,Energy & resources EPCM (Worley),High,Name-derived,2
WORLEYPARSONS EGYPT,Engineering Consultancy,Energy & resources EPCM (Worley),High,Name-derived,1
WORLEYPARSONS OMAN,Engineering Consultancy,Energy & resources EPCM (Worley),High,Name-derived,1
WOROOD INTRAFLORA LLC,Florist & Gifts,Flowers & gifts retail,High,Name-derived,8
XIAMEN TIME FOOD STUFF TRADING L.L.C,Food & Beverage Trading,Foodstuff wholesale & distribution,Medium,Name-derived,1
YALDA TRADING COMPANY LLC,Trading & Distribution,General trading & wholesale,Medium,Name-derived,1
YALWAN VEGETABLE & FRUIT COMPANY LLC,Fresh Produce & Grocery,Fruits & vegetables wholesale,Medium,Name-derived,1
YASHTECH TRADING LLC,Trading & Distribution,General trading & wholesale,Medium,Name-derived,5
YAZWAA RECRUITMENT - L.L.C,HR & Recruitment,Recruitment services,High,Name-derived,1
YAZWAA RECRUITMENT- SOLE PROPRIETORSHIP LLC,HR & Recruitment,Recruitment services,High,Name-derived,3
YKM MIDDLE EAST L.L.C.,Manufacturing - Metals,"Wire mesh, chain link fencing & shade nets",High,Web-verified,1
YORK ELEVATORS & ESCALATORS FIXING LLC,Elevators & Escalators,Lift installation & maintenance,High,Name-derived,2
ZAHRAT AL DHAID AGRICULTURE MATERIALS LLC,Agriculture,Agriculture & agri-inputs,Medium,Name-derived,2
ZARA FRESH FRUITS TRADING L.L.C - SHOP #130,Fresh Produce & Grocery,Fruits & vegetables wholesale,Medium,Name-derived,2
ZAYAN COSMETICS TRADING,Cosmetics & Personal Care,Cosmetics trading,High,Name-derived,3
ZF SERVICES MIDDLE EAST LLC,Automotive,Driveline & chassis components (ZF),High,Name-derived,1
ZIVA WET WIPES FZCO,Manufacturing - Paper & Packaging,Wet wipes production,High,Name-derived,2
